# Created by Mesh Terrain Editor
# Available at the Unity Asset Store - http://u3d.as/xsv 

v 45.80394 0.353317 47.53238
v 47.53238 2.347849 45.80393
v 47.53238 0.5401675 47.53238
v 45.80394 0.7076278 45.80393
v 44.07548 0.3478766 47.53238
v 47.53238 3.753788 44.07548
v 44.07548 1.445284 45.80393
v 42.34703 1.642158 47.53238
v 45.80394 1.810965 44.07548
v 47.53238 2.701012 42.34703
v 42.34703 4.080702 45.80393
v 40.61858 0.01829979 47.53238
v 44.07548 3.927825 44.07548
v 45.80394 0.3759945 42.34703
v 47.53238 1.848753 40.61858
v 40.61858 1.56001 45.80393
v 38.89013 1.612512 47.53238
v 42.34703 4.614795 44.07548
v 44.07548 1.215081 42.34703
v 45.80394 6.211028 40.61858
v 47.53238 3.388198 38.89013
v 38.89013 3.709534 45.80393
v 37.16168 0.3940078 47.53238
v 40.61858 6.757126 44.07548
v 42.34703 4.65958 42.34703
v 45.80393 3.941859 38.89013
v 47.53238 3.511796 37.16168
v 44.07548 5.095929 40.61858
v 36.99236 1.499152 46.01688
v 35.06395 0.8666225 48.03085
v 38.89013 2.170631 44.07548
v 45.80393 4.476987 37.16168
v 47.53238 1.817968 35.43323
v 40.61858 7.786831 42.34703
v 44.07548 8.517502 38.89013
v 42.34703 11.6204 40.61858
v 34.83802 1.410384 46.6118
v 33.53994 0.3750657 47.75103
v 45.80393 0.6420172 35.43323
v 47.53238 2.297859 33.70478
v 36.87344 3.010238 44.438
v 38.89013 4.521677 42.34703
v 40.61858 0.1442193 40.61858
v 44.07548 1.228876 37.16168
v 42.34703 8.979059 38.89013
v 45.80393 2.059631 33.70478
v 47.53238 2.608603 31.97633
v 44.07548 0.3600411 35.43323
v 42.34703 3.379289 37.16168
v 40.61858 3.55177 38.89013
v 38.89013 4.029322 40.61858
v 45.80393 2.359492 31.97633
v 47.53238 5.239851 30.24788
v 44.07548 0.7037079 33.70478
v 42.34703 3.045696 35.43323
v 40.61858 5.25562 37.16168
v 45.80393 4.153642 30.24788
v 47.53238 4.892364 28.51943
v 44.07548 2.681018 31.97633
v 42.34703 2.176822 33.70478
v 45.80393 4.767894 28.51943
v 47.53238 13.95732 26.79098
v 44.07548 2.760898 30.24788
v 45.80393 4.495282 26.79098
v 47.53238 5.686073 25.06253
v 38.89013 5.844601 38.89013
v 40.61858 2.189324 35.43323
v 42.34703 1.038577 31.97633
v 44.07548 0.7536019 28.51943
v 45.80393 6.706396 25.06253
v 47.53238 0.1642451 23.33408
v 38.89013 1.314148 37.16168
v 40.61858 1.248673 33.70478
v 42.34703 4.338561 30.24788
v 44.07548 8.472297 26.79098
v 45.80393 4.498814 23.33408
v 47.53238 5.732944 21.60563
v 38.89013 2.633494 35.43323
v 40.61858 0.5970294 31.97633
v 42.34703 2.964888 28.51943
v 44.07548 6.973195 25.06253
v 45.80393 2.635482 21.60563
v 47.53238 3.256884 19.87718
v 38.89013 1.32552 33.70478
v 40.61858 1.483795 30.24788
v 42.34703 2.326165 26.79098
v 44.07548 3.763079 23.33408
v 45.80393 2.619345 19.87718
v 47.53238 0.276085 18.14873
v 38.89013 0.02622254 31.97633
v 40.61858 1.658513 28.51943
v 42.34703 0.2586924 25.06253
v 44.07548 1.034908 21.60563
v 45.80393 0.2309391 18.14873
v 47.53238 0 16.42028
v 38.89013 0.0009409778 30.24788
v 40.61858 3.538302 26.79098
v 42.34703 2.729948 23.33408
v 44.07548 1.698786 19.87718
v 45.80393 0.5425355 16.42028
v 47.53238 0.4125633 14.69183
v 38.89013 0.0275618 28.51943
v 40.61858 1.395867 25.06253
v 42.34703 1.206619 21.60563
v 44.07548 0.02896439 18.14873
v 45.80393 0.2677666 14.69183
v 47.53238 1.508817 12.96338
v 38.89013 0.7407758 26.79098
v 40.61858 1.629445 23.33408
v 42.34703 0.9225408 19.87718
v 44.07548 1.05194 16.42028
v 45.80393 2.574878 12.96338
v 47.53238 1.811787 11.23493
v 38.89013 0.5915694 25.06253
v 40.61858 0.8204584 21.60563
v 42.34703 0.3178842 18.14873
v 44.07548 3.477955 14.69183
v 45.80393 2.303212 11.23493
v 47.53238 1.116335 9.506476
v 38.89013 0.002849374 23.33408
v 40.61858 0 19.87718
v 42.34703 1.607179 16.42028
v 44.07548 4.758284 12.96338
v 45.80393 3.663982 9.506476
v 47.53238 0.5816844 7.778025
v 38.89013 0 21.60563
v 40.61858 0.3724439 18.14873
v 42.34703 4.176028 14.69183
v 44.07548 4.433455 11.23493
v 45.80393 3.101003 7.778025
v 47.53238 0.5112998 6.049574
v 38.89013 0 19.87718
v 40.61858 2.647942 16.42028
v 42.34703 5.524465 12.96338
v 44.07548 5.617685 9.506476
v 45.80393 0.904343 6.049574
v 47.53238 0.1201918 4.321125
v 38.89013 0.3735584 18.14873
v 40.61858 2.321624 14.69183
v 42.34703 4.638578 11.23493
v 44.07548 0.7212607 7.778025
v 45.80393 1.860921 4.321125
v 47.53238 0.02335624 2.592674
v 38.89013 1.766063 16.42028
v 40.61858 1.394178 12.96338
v 42.34703 4.626512 9.506476
v 44.07548 0.6298595 6.049574
v 45.80393 0.8340857 2.592674
v 47.53238 1.013214 0.8642239
v 38.89013 1.565602 14.69183
v 40.61858 7.377353 11.23493
v 42.34703 2.872826 7.778025
v 44.07548 0.3980444 4.321125
v 45.80393 1.685253 0.8642239
v 47.53238 1.923833 -0.8642263
v 38.89013 2.858028 12.96338
v 40.61858 10.69851 9.506476
v 42.34703 0.6630489 6.049574
v 44.07548 1.252774 2.592674
v 45.80393 1.417877 -0.8642263
v 47.53238 1.588381 -2.592676
v 38.89013 0.9274178 11.23493
v 40.61858 1.218957 7.778025
v 42.34703 2.298925 4.321125
v 44.07548 0.6095665 0.8642239
v 45.80393 1.0153 -2.592676
v 47.53238 1.564184 -4.321126
v 38.89013 5.100886 9.506476
v 40.61858 6.431266 6.049574
v 42.34703 2.367393 2.592674
v 44.07548 5.75836 -0.8642263
v 45.80393 1.80244 -4.321126
v 47.53238 3.416162 -6.049577
v 38.89013 3.284534 7.778025
v 40.61858 2.669965 4.321125
v 42.34703 3.769558 0.8642239
v 44.07548 1.040189 -2.592676
v 45.80393 5.736674 -6.049577
v 47.53238 3.661531 -7.778027
v 38.89013 4.817417 6.049574
v 40.61858 2.503167 2.592674
v 42.34703 4.738564 -0.8642263
v 44.07548 0.6187186 -4.321126
v 45.80393 2.373814 -7.778027
v 47.53238 3.042244 -9.506476
v 38.89013 0.7515767 4.321125
v 40.61858 0.873656 0.8642239
v 42.34703 7.968652 -2.592676
v 44.07548 3.639731 -6.049577
v 45.80393 3.07584 -9.506476
v 47.53238 4.840603 -11.23493
v 38.89013 2.481453 2.592674
v 40.61858 4.647986 -0.8642263
v 42.34703 9.979138 -4.321126
v 44.07548 5.81824 -7.778027
v 45.80393 3.514714 -11.23493
v 47.53238 2.915306 -12.96338
v 38.89013 2.830627 0.8642239
v 40.61858 3.510547 -2.592676
v 42.34703 0.8406779 -6.049577
v 44.07548 3.515026 -9.506476
v 45.80393 7.273584 -12.96338
v 47.53238 4.418071 -14.69183
v 38.89013 3.805882 -0.8642263
v 40.61858 4.911959 -4.321126
v 42.34703 6.319256 -7.778027
v 44.07548 1.573044 -11.23493
v 45.80393 2.74029 -14.69183
v 47.53238 1.031392 -16.42028
v 38.89013 3.754618 -2.592676
v 40.61858 2.153666 -6.049577
v 42.34703 0.3899992 -9.506476
v 44.07548 2.08023 -12.96338
v 45.80393 4.342591 -16.42028
v 47.53238 1.134806 -18.14873
v 38.89013 6.095522 -4.321126
v 40.61858 2.395348 -7.778027
v 42.34703 1.614539 -11.23493
v 44.07548 0.5878149 -14.69183
v 45.80393 3.689776 -18.14873
v 47.53238 3.948242 -19.87718
v 38.89013 1.611603 -6.049577
v 40.61858 3.46548 -9.506476
v 42.34703 3.370846 -12.96338
v 44.07548 3.770144 -16.42028
v 45.80393 2.847599 -19.87718
v 47.53238 3.75279 -21.60563
v 38.89013 3.856367 -7.778027
v 40.61858 0.4856928 -11.23493
v 42.34703 1.562698 -14.69183
v 44.07548 3.537429 -18.14873
v 45.80393 2.737347 -21.60563
v 47.53238 2.553924 -23.33408
v 38.89013 1.529325 -9.506476
v 40.61858 3.288804 -12.96338
v 42.34703 2.510989 -16.42028
v 44.07548 4.255351 -19.87718
v 45.80393 0.01792548 -23.33408
v 47.53238 1.893943 -25.06253
v 38.89013 2.106347 -11.23493
v 40.61858 0.8907692 -14.69183
v 42.34703 2.961463 -18.14873
v 44.07548 2.901927 -21.60563
v 45.80393 0.9025689 -25.06253
v 47.53238 4.991574 -26.79098
v 38.89013 0.2026834 -12.96338
v 40.61858 1.212092 -16.42028
v 42.34703 1.160205 -19.87718
v 44.07548 6.420668 -23.33408
v 45.80393 2.539886 -26.79098
v 47.53238 3.848712 -28.51943
v 38.89013 1.431052 -14.69183
v 40.61858 0.4987461 -18.14873
v 42.34703 0.7853918 -21.60563
v 44.07548 6.970193 -25.06253
v 45.80393 4.643514 -28.51943
v 47.53238 5.729468 -30.24788
v 38.89013 2.036785 -16.42028
v 40.61858 2.441963 -19.87718
v 42.34703 9.880041 -23.33408
v 44.07548 5.170958 -26.79098
v 45.80393 4.613934 -30.24788
v 47.53238 4.61042 -31.97633
v 38.89013 0.7807578 -18.14873
v 40.61858 6.535037 -21.60563
v 42.34703 1.022617 -25.06253
v 44.07548 4.462053 -28.51943
v 45.80393 4.902349 -31.97633
v 47.53238 10.195 -33.70478
v 38.89013 1.467236 -19.87718
v 40.61858 2.234028 -23.33408
v 42.34703 3.171874 -26.79098
v 44.07548 2.6835 -30.24788
v 45.80393 3.333004 -33.70478
v 47.53238 3.548243 -35.43323
v 38.89013 3.618326 -21.60563
v 40.61858 5.260546 -25.06253
v 42.34703 2.559745 -28.51943
v 44.07548 3.880718 -31.97633
v 45.80393 0.05235758 -35.43323
v 47.53238 6.090201 -37.16168
v 38.89013 2.525259 -23.33408
v 40.61858 4.309633 -26.79098
v 42.34703 4.240963 -30.24788
v 44.07548 2.092411 -33.70478
v 45.80393 3.093333 -37.16168
v 47.53238 4.358747 -38.89013
v 38.89013 0.1759734 -25.06253
v 40.61858 3.936638 -28.51943
v 42.34703 1.828108 -31.97633
v 44.07548 0.8699479 -35.43323
v 45.80393 3.478268 -38.89013
v 47.53238 2.772828 -40.61858
v 38.89013 1.251303 -26.79098
v 40.61858 2.843111 -30.24788
v 42.34703 1.547742 -33.70478
v 44.07548 4.851743 -37.16168
v 45.80393 3.287517 -40.61858
v 47.53238 1.778469 -42.34703
v 38.89013 2.630938 -28.51943
v 40.61858 1.575806 -31.97633
v 42.34703 4.088201 -35.43323
v 44.07548 2.863913 -38.89013
v 45.80393 0.8037209 -42.34703
v 47.53238 2.345997 -44.07548
v 38.89013 0.7266348 -30.24788
v 40.61858 1.923978 -33.70478
v 42.34703 1.509405 -37.16168
v 44.07548 3.019939 -40.61858
v 45.80393 1.821075 -44.07548
v 47.53238 5.00862 -45.80394
v 38.89013 0.1618088 -31.97633
v 40.61858 0.8538503 -35.43323
v 42.34703 2.14164 -38.89013
v 44.07548 4.805048 -42.34703
v 45.80393 1.967503 -45.80394
v 47.53238 1.828673 -47.53238
v 45.80393 0.6933035 -47.53238
v 44.07548 6.463356 -44.07548
v 44.07548 11.52921 -45.80394
v 44.07548 5.262988 -47.53238
v 42.34703 1.932194 -40.61858
v 40.61858 0.781761 -37.16168
v 42.34703 3.418331 -42.34703
v 42.34703 6.168913 -45.80394
v 42.34703 8.412405 -47.53238
v 42.34703 5.269397 -44.07548
v 40.61858 0.7042837 -38.89013
v 40.61858 5.402784 -45.80394
v 40.61858 6.626755 -47.53238
v 40.61858 2.394316 -40.61858
v 40.61858 3.756464 -42.34703
v 40.61858 5.279251 -44.07548
v 38.89013 3.701844 -45.80394
v 38.89013 4.171051 -47.53238
v 38.89013 3.845625 -44.07548
v 38.89013 4.797511 -42.34703
v 38.89013 1.374674 -40.61858
v 38.89013 0.8678135 -38.89013
v 37.16168 1.685348 -45.80394
v 37.16168 3.641131 -47.53238
v 37.16168 3.628366 -44.07548
v 37.16168 2.456837 -42.34703
v 37.16168 1.905332 -40.61858
v 35.43323 5.461198 -45.80394
v 35.43323 0.1414676 -47.53238
v 35.43323 1.563333 -44.07548
v 35.43323 2.745839 -42.34703
v 33.70478 2.342426 -45.80394
v 33.70478 2.071914 -47.53238
v 33.70478 2.811138 -44.07548
v 31.97633 3.418238 -45.80394
v 31.97633 4.79122 -47.53238
v 37.16168 0.6940765 -38.89013
v 35.43323 0.6460008 -40.61858
v 33.70478 5.327517 -42.34703
v 31.94995 5.295969 -44.04909
v 30.24788 1.844544 -45.80394
v 30.24788 2.95581 -47.53238
v 35.43323 0.2234616 -38.89013
v 33.70478 1.560235 -40.61858
v 31.9756 4.796767 -42.3463
v 30.23777 6.042455 -44.06537
v 28.51943 0.2695753 -45.80394
v 28.39156 5.211865 -47.4044
v 33.70478 1.126385 -38.89013
v 31.97633 2.49003 -40.61858
v 30.23784 4.564428 -42.33699
v 28.50971 2.004328 -44.06576
v 26.67908 5.873098 -45.69194
v 26.73964 2.58372 -47.481
v 31.97633 1.69991 -38.89013
v 30.22232 4.101168 -40.59299
v 28.36577 4.887835 -42.19324
v 26.29032 13.83934 -43.57437
v 25.02406 3.833694 -45.76543
v 24.96939 7.612787 -47.43916
v 30.24788 4.026778 -38.89013
v 28.49114 3.49657 -40.59026
v 26.49449 7.946131 -42.05028
v 22.86636 12.14899 -43.20162
v 23.26365 4.358566 -45.73344
v 23.33408 0.2558593 -47.53238
v 28.51181 3.457202 -38.88251
v 26.79098 1.380953 -40.61858
v 25.05019 2.922596 -42.33469
v 23.33408 1.083689 -44.07548
v 21.3987 5.307217 -45.59682
v 21.59843 2.767401 -47.52518
v 26.67392 5.070501 -38.77296
v 25.06253 0.8532397 -40.61858
v 23.3093 6.535349 -42.32223
v 21.5547 2.440486 -44.02451
v 19.86687 5.303236 -45.79362
v 19.87718 2.527957 -47.53238
v 25.01501 4.377255 -38.84257
v 23.33408 1.13867 -40.61858
v 21.53261 2.889076 -42.27395
v 19.83191 3.268118 -44.03018
v 18.14039 4.42144 -45.79559
v 18.14873 1.806695 -47.53238
v 23.31161 3.272766 -38.86764
v 21.54998 3.229514 -40.56289
v 19.87418 3.090776 -42.34403
v 18.14873 2.72556 -44.07548
v 16.30918 5.520729 -45.20322
v 16.42028 0.0523475 -47.53238
v 21.60563 0.7958052 -38.89013
v 19.87718 1.744234 -40.61858
v 18.14873 2.275854 -42.34703
v 16.42028 1.736862 -44.07548
v 14.69183 4.099137 -45.80394
v 14.69183 9.893437 -47.53238
v 19.87718 0.3902727 -38.89013
v 18.14873 0.5882376 -40.61858
v 16.42028 3.736102 -42.34703
v 14.69183 1.255908 -44.07548
v 12.96338 2.198369 -45.80394
v 12.96338 5.987195 -47.53238
v 18.14873 0.01936401 -38.89013
v 16.42028 2.180525 -40.61858
v 14.69183 3.016411 -42.34703
v 12.96338 4.158401 -44.07548
v 11.23493 2.058379 -45.80394
v 11.23493 4.366713 -47.53238
v 16.42028 0.2812512 -38.89013
v 14.69183 0.604797 -40.61858
v 12.96338 2.108945 -42.34703
v 11.23493 3.897057 -44.07548
v 9.506476 4.312886 -45.80394
v 9.506476 4.362758 -47.53238
v 14.69183 0.4997325 -38.89013
v 12.96338 0.5554259 -40.61858
v 11.23493 2.908171 -42.34703
v 9.506476 4.673837 -44.07548
v 7.778025 6.706243 -45.80394
v 7.778025 0.96833 -47.53238
v 12.96338 0.5238308 -38.89013
v 11.23493 0.7773624 -40.61858
v 9.506476 2.74454 -42.34703
v 7.778025 2.208961 -44.07548
v 6.049574 1.365941 -45.80394
v 6.054928 7.266596 -47.58361
v 11.23493 0.02574233 -38.89013
v 9.506476 0.8278297 -40.61858
v 7.778025 3.609864 -42.34703
v 6.051185 5.405967 -44.09088
v 4.331893 9.49774 -45.90697
v 4.32324 1.891771 -47.55262
v 9.506476 0.05841815 -38.89013
v 7.778025 0.8775595 -40.61858
v 6.049574 2.36501 -42.34703
v 4.327587 3.28605 -44.13731
v 2.613374 6.721907 -46.00199
v 2.599842 2.246779 -47.60096
v 7.778025 0.6845952 -38.89013
v 6.049574 1.240292 -40.61858
v 4.324611 4.043592 -42.38039
v 2.609439 1.912807 -44.23588
v 0.8955739 3.667571 -46.10387
v 0.9089198 4.477645 -47.96001
v 6.049574 1.467169 -38.89013
v 4.321125 2.115374 -40.61858
v 2.596164 2.113327 -42.38041
v 0.8723983 3.530613 -44.15369
v -0.8350886 1.404881 -46.08271
v -0.7991589 5.166465 -48.15492
v 4.321125 2.232163 -38.89013
v 2.592674 1.146801 -40.61858
v 0.8739892 5.115119 -42.44046
v -0.8488621 1.001097 -44.22248
v -2.476682 8.576801 -46.91372
v -2.571374 0.8675637 -47.73619
v 2.592674 2.16171 -38.89013
v 0.8662543 3.00808 -40.63801
v -0.8542026 6.560354 -42.44293
v -2.551553 5.927199 -44.46893
v -4.310475 10.19571 -45.90584
v -4.2604 6.040759 -48.11339
v 0.8642239 0.9650909 -38.89013
v -0.8588688 4.471311 -40.66984
v -2.571002 1.330214 -42.5544
v -4.314889 2.966336 -44.13515
v -6.021401 7.003022 -46.07349
v -6.033287 5.664123 -47.68822
v -0.8642263 1.269303 -38.89013
v -2.564688 3.340106 -40.88636
v -4.316267 3.797135 -42.39352
v -6.042727 0.6164324 -44.14101
v -7.772266 1.570068 -45.85905
v -7.778 2.174851 -47.53263
v -2.592676 0.3999388 -38.89013
v -4.308274 3.474639 -40.74155
v -6.045629 4.934833 -42.3848
v -7.771039 3.200469 -44.14234
v -9.506476 0.05056085 -45.80394
v -9.498405 3.476156 -47.60961
v -4.321126 1.119073 -38.89013
v -6.047859 1.066902 -40.635
v -7.778027 0.3035189 -42.34703
v -9.495576 3.58611 -44.17978
v -11.23493 0.8049258 -45.80394
v -11.23493 2.202552 -47.53238
v -6.049577 1.498477 -38.89013
v -7.777344 1.944497 -40.62511
v -9.506476 0.8408549 -42.34703
v -11.23493 2.188651 -44.07548
v -12.96151 1.631941 -45.80596
v -12.96338 0.5239663 -47.53238
v -7.778027 0.633208 -38.89013
v -9.506476 0.9625843 -40.61858
v -11.23493 1.01116 -42.34703
v -12.96338 0.8129551 -44.07548
v -14.54409 4.512836 -45.96398
v -14.56792 1.776583 -47.66662
v -9.506476 0.3154325 -38.89013
v -11.23493 0.1184053 -40.61858
v -12.96338 0.5673469 -42.34703
v -14.69183 0.08141334 -44.07548
v -16.31134 0.2171237 -45.92195
v -15.98965 6.103761 -47.9989
v -11.23493 0 -38.89013
v -12.96338 0 -40.61858
v -14.69183 1.363364 -42.34703
v -16.19131 1.85922 -44.32353
v -17.62724 4.829393 -46.36888
v -16.39608 8.431305 -49.43108
v -12.96338 0 -38.89013
v -14.69183 0.5797524 -40.61858
v -16.39251 1.852748 -42.37711
v -17.992 2.775625 -44.24526
v -19.60999 1.992598 -46.09339
v -19.39021 11.02589 -48.05993
v -14.69183 0 -38.89013
v -16.42028 0.2251079 -40.61858
v -17.91247 3.240262 -42.60297
v -19.84571 0.6096035 -44.10958
v -20.82819 7.766753 -46.64615
v -21.28141 1.791476 -47.88362
v -16.42028 0.01275548 -38.89013
v -18.14873 0.2310297 -40.61858
v -19.81234 2.81171 -42.41726
v -21.46285 2.398139 -44.23016
v -23.2314 6.262637 -45.91517
v -23.29937 1.0662 -47.56998
v -18.14873 0.3150463 -38.89013
v -19.87718 2.538251 -40.61858
v -21.60563 1.47118 -42.34703
v -23.33408 0.3785376 -44.07548
v -24.95541 3.86707 -45.91998
v -25.06253 1.165437 -47.53238
v -19.87718 0.7385469 -38.89013
v -21.60563 2.2908 -40.61858
v -23.27606 3.511752 -42.40988
v -25.06253 2.012778 -44.07548
v -26.79098 1.801305 -45.80394
v -26.79098 1.598708 -47.53238
v -21.60563 0.5073315 -38.89013
v -23.33408 0.1268406 -40.61858
v -25.06253 1.764874 -42.34703
v -26.79098 2.118468 -44.07548
v -28.51943 1.132004 -45.80394
v -28.51943 0.7858471 -47.53238
v -23.33408 0.002333588 -38.89013
v -25.06253 0.3946887 -40.61858
v -26.79098 0.5376034 -42.34703
v -28.51943 1.020677 -44.07548
v -30.24788 2.957178 -45.80394
v -30.24788 0.4125842 -47.53238
v -25.06253 0 -38.89013
v -26.79098 0.105587 -40.61858
v -28.51943 1.648052 -42.34703
v -30.24788 2.918248 -44.07548
v -31.97633 4.543484 -45.80394
v -31.97633 1.94594 -47.53238
v -26.79098 0 -38.89013
v -28.51943 0.5500743 -40.61858
v -30.24788 2.14479 -42.34703
v -31.97633 4.040564 -44.07548
v -33.70478 5.582699 -45.80394
v -33.70478 2.936647 -47.53238
v -28.51943 0.1695203 -38.89013
v -30.24788 1.307978 -40.61858
v -31.97633 2.792853 -42.34703
v -33.70478 1.885666 -44.07548
v -35.43323 0.8328393 -45.80394
v -35.43323 2.606522 -47.53238
v -30.24788 0.4935828 -38.89013
v -31.97633 2.038634 -40.61858
v -33.70478 0.231631 -42.34703
v -35.43323 3.51119 -44.07548
v -37.16168 3.20732 -45.80394
v -37.16168 1.704457 -47.53238
v -31.97633 0.6144408 -38.89013
v -33.70478 2.440473 -40.61858
v -35.43323 0.6670434 -42.34703
v -37.16168 2.142907 -44.07548
v -38.89013 1.05209 -45.80394
v -38.89013 2.270843 -47.53238
v -33.70478 0.5003483 -38.89013
v -35.43323 0.5863749 -40.61858
v -37.16168 0.7805988 -42.34703
v -38.89013 1.63817 -44.07548
v -40.61858 0.2700928 -45.80394
v -40.61858 0.500235 -47.53238
v -35.43323 0.6406709 -38.89013
v -37.16168 1.770325 -40.61858
v -38.89013 0.7629145 -42.34703
v -40.61858 2.208665 -44.07548
v -42.34703 1.548948 -45.80394
v -42.34703 1.359077 -47.53238
v -37.16168 0.1322776 -38.89013
v -38.89013 0.9608354 -40.61858
v -40.61858 1.165636 -42.34703
v -42.34703 3.186775 -44.07548
v -44.07548 1.729633 -45.80394
v -44.07548 2.97744 -47.53238
v -38.89013 0.3020638 -38.89013
v -40.61858 0.03239689 -40.61858
v -42.34703 1.337132 -42.34703
v -44.07548 0.0698236 -44.07548
v -45.80394 5.334776 -45.80394
v -45.80394 6.217547 -47.53238
v -47.53238 5.141092 -45.80393
v -46.85135 4.768573 -44.79247
v -47.53238 0.1674708 -44.07548
v -45.80394 4.682238 -44.07548
v -47.53238 5.21799 -42.34703
v -45.80394 4.914147 -42.34703
v -47.53238 1.657091 -40.61858
v -44.07548 2.898387 -42.34703
v -45.80394 2.247447 -40.61858
v -47.53238 3.100499 -38.89013
v -44.07548 0.8719472 -40.61858
v -45.80394 2.826548 -38.89013
v -47.53238 1.1257 -37.16168
v -42.34703 0.1694994 -40.61858
v -45.80394 3.854296 -37.16168
v -47.53238 0.2658657 -35.43323
v -44.07548 0.3284019 -38.89013
v -42.34703 0.005468071 -38.89013
v -45.80394 1.292823 -35.43323
v -47.53238 7.619758 -33.70478
v -44.07548 2.813542 -37.16168
v -40.61858 0 -38.89013
v -45.80394 5.421149 -33.70478
v -47.53238 10.33032 -31.97633
v -42.34703 0.4444982 -37.16168
v -44.07548 4.352532 -35.43323
v -40.61858 0.7562104 -37.16168
v -45.80394 3.268164 -31.97633
v -47.53238 2.08401 -30.24788
v -44.07548 2.391509 -33.70478
v -42.34703 0.8048791 -35.43323
v -38.89013 0 -37.16168
v -45.80394 7.538844 -30.24788
v -47.53238 2.407234 -28.51943
v -44.07548 2.972808 -31.97633
v -42.34703 0.1935931 -33.70478
v -40.61858 0.863717 -35.43323
v -37.16168 0.007941746 -37.16168
v -45.80394 3.279309 -28.51943
v -47.53238 4.429408 -26.79098
v -44.07548 5.972218 -30.24788
v -42.34703 1.402882 -31.97633
v -40.61858 0.3479976 -33.70478
v -38.89013 0.01443905 -35.43323
v -35.43323 0.2019927 -37.16168
v -45.80394 3.99713 -26.79098
v -47.53238 2.79121 -25.06253
v -44.07548 0.7600535 -28.51943
v -42.34703 3.130782 -30.24788
v -40.61858 0.8632867 -31.97633
v -37.16168 0 -35.43323
v -38.89013 0.2364083 -33.70478
v -33.70478 0.2238264 -37.16168
v -35.43323 0 -35.43323
v -37.16168 0 -33.70478
v -38.89013 0.2455207 -31.97633
v -40.61858 1.122734 -30.24788
v -31.97633 0.2373312 -37.16168
v -33.70478 0 -35.43323
v -35.43323 0 -33.70478
v -37.16168 0 -31.97633
v -30.24788 0.01055495 -37.16168
v -31.97633 0 -35.43323
v -33.70478 0 -33.70478
v -28.51943 0 -37.16168
v -30.24788 0 -35.43323
v -26.79098 0 -37.16168
v -38.89013 0.1196475 -30.24788
v -35.43323 0 -31.97633
v -31.97633 0 -33.70478
v -28.51943 0 -35.43323
v -25.06253 0 -37.16168
v -37.16168 0 -30.24788
v -33.70478 0 -31.97633
v -30.24788 0 -33.70478
v -26.79098 0 -35.43323
v -23.33408 0 -37.16168
v -35.43323 0 -30.24788
v -31.97633 0 -31.97633
v -28.51943 0 -33.70478
v -25.06253 0 -35.43323
v -21.60563 0 -37.16168
v -33.70478 0 -30.24788
v -30.24788 0 -31.97633
v -26.79098 0 -33.70478
v -23.33408 0 -35.43323
v -19.87718 0 -37.16168
v -31.97633 0 -30.24788
v -28.51943 0 -31.97633
v -25.06253 0 -33.70478
v -21.60563 0 -35.43323
v -18.14873 0 -37.16168
v -30.24788 0 -30.24788
v -26.79098 0 -31.97633
v -23.33408 0 -33.70478
v -19.87718 0 -35.43323
v -16.42028 0 -37.16168
v -28.51943 0 -30.24788
v -25.06253 0 -31.97633
v -21.60563 0 -33.70478
v -18.14873 0 -35.43323
v -14.69183 0 -37.16168
v -26.79098 0 -30.24788
v -23.33408 0 -31.97633
v -19.87718 0 -33.70478
v -16.42028 0 -35.43323
v -12.96338 0 -37.16168
v -25.06253 0 -30.24788
v -21.60563 0 -31.97633
v -18.14873 0 -33.70478
v -14.69183 0 -35.43323
v -11.23493 0 -37.16168
v -23.33408 0 -30.24788
v -19.87718 0 -31.97633
v -16.42028 0 -33.70478
v -12.96338 0 -35.43323
v -9.506476 0 -37.16168
v -21.60563 0 -30.24788
v -18.14873 0 -31.97633
v -14.69183 0 -33.70478
v -11.23493 0 -35.43323
v -7.778026 0.0002415816 -37.16168
v -19.87718 0 -30.24788
v -16.42028 0 -31.97633
v -12.96338 0 -33.70478
v -9.506476 0 -35.43323
v -6.049576 0.1179394 -37.16168
v -18.14873 0 -30.24788
v -14.69183 0 -31.97633
v -11.23493 0 -33.70478
v -7.778026 0 -35.43323
v -4.321126 0.4207502 -37.16168
v -16.42028 0 -30.24788
v -12.96338 0 -31.97633
v -9.506476 0 -33.70478
v -6.049576 0 -35.43323
v -2.592676 0.05345706 -37.16168
v -14.69183 0 -30.24788
v -11.23493 0 -31.97633
v -7.778026 0 -33.70478
v -4.321126 0 -35.43323
v -0.8642263 0.001821068 -37.16168
v -12.96338 0 -30.24788
v -9.506476 0 -31.97633
v -6.049576 0 -33.70478
v -2.592676 0 -35.43323
v 0.8642239 0.01610595 -37.16168
v -11.23493 0 -30.24788
v -7.778026 0 -31.97633
v -4.321126 0 -33.70478
v -0.8642261 0 -35.43323
v 2.592674 0.40387 -37.16168
v -9.506476 0 -30.24788
v -6.049576 0 -31.97633
v -2.592676 0 -33.70478
v 0.8642241 0 -35.43323
v 4.321125 0.3146837 -37.16168
v -7.778026 0 -30.24788
v -4.321126 0 -31.97633
v -0.864226 0 -33.70478
v 2.592674 0 -35.43323
v 6.049574 0.01977291 -37.16168
v -6.049576 0 -30.24788
v -2.592676 0 -31.97633
v 0.8642241 0 -33.70478
v 4.321125 0 -35.43323
v 7.778026 0.0009162034 -37.16168
v -4.321126 0 -30.24788
v -0.864226 0 -31.97633
v 2.592674 0 -33.70478
v 6.049575 0 -35.43323
v 9.506476 0 -37.16168
v -2.592676 0 -30.24788
v 0.8642242 0 -31.97633
v 4.321125 0 -33.70478
v 7.778026 0 -35.43323
v 11.23493 0 -37.16168
v -0.8642259 0 -30.24788
v 2.592674 0 -31.97633
v 6.049575 0 -33.70478
v 9.506476 0 -35.43323
v 12.96338 0 -37.16168
v 0.8642243 0 -30.24788
v 4.321125 0 -31.97633
v 7.778026 0 -33.70478
v 11.23493 0 -35.43323
v 14.69183 0 -37.16168
v 2.592674 0 -30.24788
v 6.049575 0 -31.97633
v 9.506476 0 -33.70478
v 12.96338 0 -35.43323
v 16.42028 0 -37.16168
v 4.321125 0 -30.24788
v 7.778026 0 -31.97633
v 11.23493 0 -33.70478
v 14.69183 0 -35.43323
v 18.14873 0 -37.16168
v 6.049575 0 -30.24788
v 9.506476 0 -31.97633
v 12.96338 0 -33.70478
v 16.42028 0 -35.43323
v 19.87718 0 -37.16168
v 7.778026 0 -30.24788
v 11.23493 0 -31.97633
v 14.69183 0 -33.70478
v 18.14873 0 -35.43323
v 21.60563 0.6972994 -37.16168
v 9.506476 0 -30.24788
v 12.96338 0 -31.97633
v 16.42028 0 -33.70478
v 19.87718 0 -35.43323
v 23.33408 0.7583466 -37.16168
v 11.23493 0 -30.24788
v 14.69183 0 -31.97633
v 18.14873 0 -33.70478
v 21.60563 0 -35.43323
v 25.06253 2.17583 -37.16168
v 12.96338 0 -30.24788
v 16.42028 0 -31.97633
v 19.87718 0 -33.70478
v 23.33408 0.0206567 -35.43323
v 26.79098 3.130056 -37.16168
v 14.69183 0 -30.24788
v 18.14873 0 -31.97633
v 21.60563 0 -33.70478
v 25.06253 0.4180505 -35.43323
v 28.51943 1.190912 -37.16168
v 16.42028 0 -30.24788
v 19.87718 0 -31.97633
v 23.33408 0 -33.70478
v 26.79098 0.0253426 -35.43323
v 30.24788 1.843663 -37.16168
v 18.14873 0 -30.24788
v 21.60563 0 -31.97633
v 25.06253 0 -33.70478
v 28.51943 0.3338317 -35.43323
v 31.97633 0.6602352 -37.16168
v 19.87718 0 -30.24788
v 23.33408 0 -31.97633
v 26.79098 0 -33.70478
v 30.24788 0.0341541 -35.43323
v 33.70478 0.1875333 -37.16168
v 21.60563 0 -30.24788
v 25.06253 0 -31.97633
v 28.51943 0 -33.70478
v 31.97633 0 -35.43323
v 35.43323 0.3019276 -37.16168
v 23.33408 0 -30.24788
v 26.79098 0 -31.97633
v 30.24788 0 -33.70478
v 33.70478 0 -35.43323
v 37.16168 0.01468471 -37.16168
v 25.06253 0 -30.24788
v 28.51943 0 -31.97633
v 31.97633 0 -33.70478
v 35.43323 0 -35.43323
v 38.89013 0.01750877 -37.16168
v 37.16168 0 -35.43323
v 38.89013 0.06694014 -35.43323
v 33.70478 0 -33.70478
v 30.24788 0 -31.97633
v 35.43323 0 -33.70478
v 38.89013 0.4884303 -33.70478
v 37.16168 0 -33.70478
v 31.97633 0 -31.97633
v 37.16168 0 -31.97633
v 33.70478 0 -31.97633
v 35.43323 0 -31.97633
v 37.16168 0.195341 -30.24788
v 35.43323 0 -30.24788
v 33.70478 0 -30.24788
v 31.97633 0 -30.24788
v 30.24788 0 -30.24788
v 37.16168 0.9239612 -28.51943
v 35.43323 0.1994917 -28.51943
v 33.70478 0 -28.51943
v 31.97633 0 -28.51943
v 37.16168 0.659847 -26.79098
v 35.43323 1.198144 -26.79098
v 33.70478 0.01516125 -26.79098
v 37.16168 2.207195 -25.06253
v 35.43323 1.023018 -25.06253
v 37.16168 0.04192412 -23.33408
v 30.24788 0 -28.51943
v 31.97633 0 -26.79098
v 33.70478 0.3721673 -25.06253
v 35.43323 1.991505 -23.33408
v 37.16168 1.572842 -21.60563
v 30.24788 0 -26.79098
v 31.97633 0 -25.06253
v 33.70478 0.3996606 -23.33408
v 35.43323 1.671799 -21.60563
v 37.16168 0.1737363 -19.87718
v 30.24788 0 -25.06253
v 31.97633 0 -23.33408
v 33.70478 0.4355001 -21.60563
v 35.43323 0.3610824 -19.87718
v 37.16168 0.4948096 -18.14873
v 30.24788 0 -23.33408
v 31.97633 0 -21.60563
v 33.70478 0.01804386 -19.87718
v 35.43323 0.3827586 -18.14873
v 37.16168 0.5619566 -16.42028
v 30.24788 0 -21.60563
v 31.97633 0 -19.87718
v 33.70478 0 -18.14873
v 35.43323 0 -16.42028
v 37.16168 0.1231678 -14.69183
v 30.24788 0 -19.87718
v 31.97633 0 -18.14873
v 33.70478 0 -16.42028
v 35.43323 0 -14.69183
v 37.16168 0.2736118 -12.96338
v 30.24788 0 -18.14873
v 31.97633 0 -16.42028
v 33.70478 0 -14.69183
v 35.43323 0 -12.96338
v 37.16168 0.2012964 -11.23493
v 30.24788 0 -16.42028
v 31.97633 0 -14.69183
v 33.70478 0 -12.96338
v 35.43323 0 -11.23493
v 37.16168 0.3883149 -9.506476
v 30.24788 0 -14.69183
v 31.97633 0 -12.96338
v 33.70478 0 -11.23493
v 35.43323 0.3481987 -9.506476
v 37.16168 0.8627372 -7.778027
v 30.24788 0 -12.96338
v 31.97633 0 -11.23493
v 33.70478 0 -9.506476
v 35.43323 0.4977715 -7.778027
v 37.16168 3.136458 -6.049577
v 30.24788 0 -11.23493
v 31.97633 0 -9.506476
v 33.70478 0.01820155 -7.778027
v 35.43323 0.8786852 -6.049577
v 37.16168 0.1348384 -4.321126
v 30.24788 0 -9.506476
v 31.97633 0 -7.778027
v 33.70478 0.5115527 -6.049577
v 35.43323 2.290427 -4.321126
v 37.16168 1.080966 -2.592676
v 30.24788 0 -7.778027
v 31.97633 0 -6.049577
v 33.70478 0.3049302 -4.321126
v 35.43323 1.440274 -2.592676
v 37.16168 1.025733 -0.8642263
v 30.24788 0 -6.049577
v 31.97633 0 -4.321126
v 33.70478 0.3508982 -2.592676
v 35.43323 0.5869784 -0.8642263
v 37.16168 1.477187 0.8642239
v 30.24788 0 -4.321126
v 31.97633 0 -2.592676
v 33.70478 0.009154033 -0.8642263
v 35.43323 0.1293282 0.8642239
v 37.16168 0.9740659 2.592674
v 30.24788 0 -2.592676
v 31.97633 0 -0.8642263
v 33.70478 0 0.8642239
v 35.43323 0.4333096 2.592674
v 37.16168 1.999418 4.321125
v 30.24788 0 -0.8642263
v 31.97633 0 0.8642239
v 33.70478 0 2.592674
v 35.43323 2.266836 4.321125
v 37.16168 1.798306 6.049574
v 30.24788 0 0.8642239
v 31.97633 0 2.592674
v 33.70478 0.7070365 4.321125
v 35.43323 0.3725918 6.049574
v 37.16168 2.754037 7.778025
v 30.24788 0 2.592674
v 31.97633 0 4.321125
v 33.70478 0.3633353 6.049574
v 35.43323 0.9772528 7.778025
v 37.16168 1.781641 9.506476
v 30.24788 0 4.321125
v 31.97633 0.000360306 6.049574
v 33.70478 0.0584349 7.778025
v 35.43323 2.65959 9.506476
v 37.16168 3.705771 11.23493
v 30.24788 0 6.049574
v 31.97633 0.2943192 7.778025
v 33.70478 1.279393 9.506476
v 35.43323 3.735189 11.23493
v 37.16168 0.8391719 12.96338
v 30.24788 0 7.778025
v 31.97633 0.1875741 9.506476
v 33.70478 1.111049 11.23493
v 35.43323 2.845553 12.96338
v 37.16168 0.340223 14.69183
v 30.24788 0 9.506476
v 31.97633 0.3983128 11.23493
v 33.70478 0.4053122 12.96338
v 35.43323 0.6985716 14.69183
v 37.16168 1.149395 16.42028
v 30.24788 0 11.23493
v 31.97633 0.0002611216 12.96338
v 33.70478 0.361408 14.69183
v 35.43323 0.3582967 16.42028
v 37.16168 0.02221229 18.14873
v 30.24788 0 12.96338
v 31.97633 0 14.69183
v 33.70478 0 16.42028
v 35.43323 0 18.14873
v 37.16168 0 19.87718
v 30.24788 0 14.69183
v 31.97633 0 16.42028
v 33.70478 0 18.14873
v 35.43323 0 19.87718
v 37.16168 0 21.60563
v 30.24788 0 16.42028
v 31.97633 0 18.14873
v 33.70478 0 19.87718
v 35.43323 0 21.60563
v 37.16168 0 23.33408
v 30.24788 0 18.14873
v 31.97633 0 19.87718
v 33.70478 0 21.60563
v 35.43323 0 23.33408
v 37.16168 0 25.06253
v 30.24788 0 19.87718
v 31.97633 0 21.60563
v 33.70478 0 23.33408
v 35.43323 0 25.06253
v 37.16168 0 26.79098
v 30.24788 0 21.60563
v 31.97633 0 23.33408
v 33.70478 0 25.06253
v 35.43323 0 26.79098
v 37.16168 0 28.51943
v 30.24788 0 23.33408
v 31.97633 0 25.06253
v 33.70478 0 26.79098
v 35.43323 0 28.51943
v 37.16168 0 30.24788
v 30.24788 0 25.06253
v 31.97633 0 26.79098
v 33.70478 0 28.51943
v 35.43323 0 30.24788
v 37.16168 0 31.97633
v 30.24788 0 26.79098
v 31.97633 0 28.51943
v 33.70478 0 30.24788
v 35.43323 0 31.97633
v 37.16168 0.3601139 33.70478
v 30.24788 0 28.51943
v 31.97633 0 30.24788
v 33.70478 0 31.97633
v 35.43323 0 33.70478
v 37.16168 1.701671 35.43323
v 30.24788 0 30.24788
v 31.97633 0 31.97633
v 33.70478 0 33.70478
v 35.43323 0.1763988 35.43323
v 37.16168 1.797059 37.16168
v 30.24788 0 31.97633
v 31.97633 0 33.70478
v 33.70478 0 35.43323
v 35.43323 0.4066309 37.16168
v 37.16168 4.250354 38.89013
v 30.24788 0 33.70478
v 31.97633 0 35.43323
v 33.70478 0.01980727 37.16168
v 35.43323 2.565182 38.89013
v 37.16168 2.707038 40.61858
v 30.24788 0 35.43323
v 31.97633 0 37.16168
v 33.541 0.3912656 39.09612
v 35.34039 2.916226 40.73534
v 37.02642 0.9044474 42.51714
v 34.99022 2.551478 42.93289
v 35.34389 1.335645 44.19522
v 33.53487 0.8567873 40.83227
v 31.88534 0.1879139 39.00457
v 32.88508 2.066537 43.50024
v 33.72871 0.2058487 45.85736
v 31.46272 1.547864 48.33775
v 33.32803 0.799396 44.5563
v 31.83819 0.5626952 46.06844
v 29.36617 2.037913 48.7123
v 31.05587 2.146469 41.85658
v 29.74539 6.784771 47.5938
v 30.2385 0.6676371 46.02785
v 28.24288 1.001556 47.98668
v 31.37168 1.744785 43.26981
v 28.56413 1.261262 45.93291
v 27.12097 1.291177 47.37211
v 30.32018 0.2210756 44.10574
v 30.17234 0.2601444 42.47611
v 29.77499 1.007121 41.22332
v 26.82428 1.967977 45.78776
v 25.19099 2.52472 47.46999
v 27.8342 2.506603 45.13491
v 25.09127 0.7378717 45.78997
v 23.44199 3.696898 47.47997
v 27.87078 1.466912 43.20449
v 27.09802 3.167983 43.92636
v 30.17634 0.1477311 38.98009
v 23.46581 11.34911 45.73995
v 21.62732 2.437332 47.52185
v 25.14607 4.640119 44.0349
v 26.74032 0.85658 42.45163
v 28.20228 0.6618497 41.01971
v 30.24788 0 37.16168
v 21.61736 1.447308 45.79823
v 19.87718 3.631766 47.53238
v 23.46427 6.703173 44.01225
v 25.10107 3.349057 42.32831
v 28.51943 0 38.89013
v 26.79098 0 40.61858
v 28.51943 0 37.16168
v 19.87718 4.139304 45.80393
v 18.14873 2.681286 47.53238
v 21.60563 2.102288 44.07548
v 23.39399 3.317133 42.31793
v 26.79098 0 38.89013
v 25.06253 0.2738236 40.61858
v 28.51943 0 35.43323
v 18.14873 3.989461 45.80393
v 16.42028 1.335031 47.53238
v 19.87718 3.844563 44.07548
v 21.60563 1.961258 42.34703
v 23.33408 0.9605989 40.61858
v 26.79098 0 37.16168
v 25.06253 0 38.89013
v 16.42028 6.203479 45.80393
v 14.69183 0.9997763 47.53238
v 18.14873 4.664278 44.07548
v 19.87718 1.050952 42.34703
v 21.60563 0.3939616 40.61858
v 23.33408 0 38.89013
v 25.06253 0 37.16168
v 14.69183 6.023273 45.80393
v 12.96338 1.530968 47.53238
v 16.42028 0.9064653 44.07548
v 18.14873 1.112235 42.34703
v 19.87718 0 40.61858
v 21.60563 0 38.89013
v 12.96338 3.714207 45.80393
v 11.23493 3.538299 47.53238
v 14.69183 4.707924 44.07548
v 16.42028 3.126516 42.34703
v 18.14873 0.06774058 40.61858
v 11.23493 0.906822 45.80393
v 9.506476 0.8110647 47.53238
v 12.96338 3.67445 44.07548
v 14.69183 1.702736 42.34703
v 9.506476 4.336438 45.80393
v 7.778027 2.445643 47.53238
v 11.23493 0.9336693 44.07548
v 7.778027 7.728226 45.80393
v 6.049577 2.038267 47.53238
v 19.87718 0 38.89013
v 16.42028 0.6709893 40.61858
v 12.96338 1.587399 42.34703
v 9.506476 2.194147 44.07548
v 6.049577 9.373697 45.80393
v 4.321126 2.283174 47.53238
v 18.14873 0 38.89013
v 14.69183 0.3111395 40.61858
v 11.23493 1.605954 42.34703
v 7.778027 4.253654 44.07548
v 4.321126 0.2658057 45.80393
v 2.592676 5.269391 47.53238
v 16.42028 0 38.89013
v 12.96338 0.03701998 40.61858
v 9.506476 3.46419 42.34703
v 6.049577 3.407108 44.07548
v 2.592676 2.72375 45.80393
v 0.8642263 1.600275 47.53238
v 14.69183 0 38.89013
v 11.23493 1.942296 40.61858
v 7.778027 1.647274 42.34703
v 4.321126 6.299886 44.07548
v 0.8642261 1.434079 45.80393
v -0.8642239 1.707712 47.53238
v 12.96338 0.3293021 38.89013
v 9.506476 3.496861 40.61858
v 6.049577 5.772183 42.34703
v 2.592676 2.027738 44.07548
v -0.8642241 2.461287 45.80393
v -2.592674 2.026791 47.53238
v 11.23493 1.174673 38.89013
v 7.778027 0.882208 40.61858
v 4.321126 1.379507 42.34703
v 0.864226 1.464456 44.07548
v -2.592674 2.852991 45.80393
v -4.321125 1.368185 47.53238
v 9.506476 1.979674 38.89013
v 6.049577 3.404839 40.61858
v 2.592676 0.5363373 42.34703
v -0.8642241 4.011866 44.07548
v -4.321125 2.537741 45.80393
v -6.049574 2.367201 47.53238
v 7.778027 1.578316 38.89013
v 4.321126 0.1202456 40.61858
v 0.864226 2.520334 42.34703
v -2.592674 1.219327 44.07548
v -6.049574 5.460038 45.80393
v -7.778025 3.321426 47.53238
v 6.049577 2.324744 38.89013
v 2.592676 1.562684 40.61858
v -0.8642242 1.893333 42.34703
v -4.321125 4.874588 44.07548
v -7.778025 0.4130073 45.80393
v -9.506476 0.1806959 47.53238
v 4.321126 2.105015 38.89013
v 0.8642259 2.857742 40.61858
v -2.592674 1.365592 42.34703
v -6.049574 4.001838 44.07548
v -9.506476 0.101777 45.80393
v -11.23493 3.430628 47.53238
v 2.592676 1.16335 38.89013
v -0.8642243 1.377542 40.61858
v -4.321125 3.569444 42.34703
v -7.778025 7.927393 44.07548
v -11.23493 1.892302 45.80393
v -12.96338 2.20327 47.53238
v 0.8642257 1.165505 38.89013
v -2.592674 0.9829156 40.61858
v -6.049574 4.23811 42.34703
v -9.506476 5.77696 44.07548
v -12.96338 2.306571 45.80393
v -14.69183 1.786212 47.53238
v -0.8642244 1.00017 38.89013
v -4.321125 0.491232 40.61858
v -7.778025 3.752834 42.34703
v -11.23493 0.8363035 44.07548
v -14.69183 0.8105198 45.80393
v -16.42028 1.372845 47.53238
v -2.592674 0.7099379 38.89013
v -6.049574 3.979451 40.61858
v -9.506476 2.950388 42.34703
v -12.96338 0.8334543 44.07548
v -16.42028 1.51566 45.80393
v -18.14873 0.6719407 47.53238
v -4.321125 1.064222 38.89013
v -7.778025 0.47686 40.61858
v -11.23493 0.01532748 42.34703
v -14.69183 3.284571 44.07548
v -18.14873 3.532974 45.80393
v -19.87718 2.50866 47.53238
v -6.049575 0.9583068 38.89013
v -9.506476 1.30666 40.61858
v -12.96338 0.3918564 42.34703
v -16.42028 0.9719192 44.07548
v -19.87718 0.8787938 45.80393
v -21.60563 4.16822 47.53238
v -7.778025 1.598081 38.89013
v -11.23493 3.655275 40.61858
v -14.69183 1.700839 42.34703
v -18.14873 1.924352 44.07548
v -21.60563 4.599709 45.80393
v -23.33408 4.064868 47.53238
v -9.506476 0.1012028 38.89013
v -12.96338 2.518852 40.61858
v -16.42028 1.969259 42.34703
v -19.87718 1.235036 44.07548
v -23.33408 7.897002 45.80393
v -25.06253 0.3803391 47.53238
v -11.23493 0.3915853 38.89013
v -14.69183 0.8362942 40.61858
v -18.14873 2.709787 42.34703
v -21.60563 0.4116244 44.07548
v -25.06253 6.512203 45.80393
v -26.79098 4.249559 47.53238
v -12.96338 1.175376 38.89013
v -16.42028 1.322647 40.61858
v -19.87718 0.9843512 42.34703
v -23.33408 0.6439711 44.07548
v -26.79098 3.828879 45.80393
v -28.51943 0.4416473 47.53238
v -14.69183 0.8131328 38.89013
v -18.14873 1.954115 40.61858
v -21.60563 0.2642073 42.34703
v -25.06253 1.601821 44.07548
v -28.51943 2.319186 45.80393
v -30.24788 1.789223 47.53238
v -16.42028 0.336883 38.89013
v -19.87718 1.061547 40.61858
v -23.33408 4.15342 42.34703
v -26.79098 0.3188939 44.07548
v -30.24788 0.4917825 45.80393
v -31.97633 0.9940848 47.53238
v -18.14873 1.015641 38.89013
v -21.60563 2.205209 40.61858
v -25.06253 4.394982 42.34703
v -28.51943 0.1869254 44.07548
v -31.97633 1.228648 45.80393
v -33.70478 1.232385 47.53238
v -19.87718 0.9135027 38.89013
v -23.33408 3.624945 40.61858
v -26.79098 0.2866904 42.34703
v -30.24788 1.835325 44.07548
v -33.70478 2.443777 45.80393
v -35.43323 2.655533 47.53238
v -21.60563 1.491207 38.89013
v -25.06253 1.567192 40.61858
v -28.51943 0.05992537 42.34703
v -31.97633 0.1394783 44.07548
v -35.43323 3.68073 45.80393
v -37.16168 4.374964 47.53238
v -23.33408 1.102413 38.89013
v -26.79098 0.797198 40.61858
v -30.24788 0.1786188 42.34703
v -33.70478 2.17743 44.07548
v -37.16168 4.772429 45.80393
v -38.89013 0.06799767 47.53238
v -25.06253 1.757427 38.89013
v -28.51943 1.713924 40.61858
v -31.97633 0.7809156 42.34703
v -35.43323 2.295076 44.07548
v -38.89013 1.767357 45.80393
v -40.61858 3.426665 47.53238
v -26.79098 0.9466595 38.89013
v -30.24788 1.113839 40.61858
v -33.70478 0.8680233 42.34703
v -37.16168 4.132633 44.07548
v -40.61858 7.680562 45.80393
v -42.34703 2.427628 47.53238
v -28.51943 0.7474576 38.89013
v -31.97633 0.2013095 40.61858
v -35.43323 1.013467 42.34703
v -38.89013 2.165066 44.07548
v -42.34703 3.454938 45.80393
v -44.07548 2.079188 47.53238
v -30.24788 0.2297784 38.89013
v -33.70478 0.7500624 40.61858
v -37.16168 0.007401966 42.34703
v -40.61858 5.206883 44.07548
v -44.07548 1.963164 45.80393
v -45.80393 0.8017051 47.53238
v -31.97633 0 38.89013
v -35.43323 0.2544938 40.61858
v -38.89013 4.242574 42.34703
v -42.34703 4.96166 44.07548
v -45.80393 1.550359 45.80393
v -47.53238 0.9875423 47.53238
v -47.53238 2.461724 45.80394
v -44.07548 1.55582 44.07548
v -45.80393 3.530271 44.07548
v -47.53238 0.9933094 44.07548
v -40.61858 4.908895 42.34703
v -37.16168 2.234294 40.61858
v -42.34703 1.285238 42.34703
v -45.80393 0.2928148 42.34703
v -47.53238 0.5920724 42.34703
v -44.07548 2.249068 42.34703
v -38.89013 1.10097 40.61858
v -45.80394 0.2619733 40.61858
v -47.53238 1.040118 40.61858
v -40.61858 0.1089175 40.61858
v -44.07548 1.759719 40.61858
v -42.34703 2.617467 40.61858
v -45.80394 1.126946 38.89013
v -47.53238 1.104389 38.89013
v -44.07548 0.9966489 38.89013
v -42.34703 2.213007 38.89013
v -40.61858 1.60511 38.89013
v -38.89013 1.361813 38.89013
v -45.80394 0.8722275 37.16168
v -47.53238 0.7971348 37.16168
v -44.07548 0.8905346 37.16168
v -42.34703 1.382041 37.16168
v -40.61858 1.346215 37.16168
v -45.80394 3.350996 35.43323
v -47.53238 0.6065056 35.43323
v -44.07548 3.840193 35.43323
v -42.34703 1.548216 35.43323
v -45.80394 3.470835 33.70478
v -47.53238 2.075757 33.70478
v -44.07548 0.9412605 33.70478
v -45.80394 1.441231 31.97633
v -47.53238 3.949975 31.97633
v -38.89013 1.608976 37.16168
v -40.61858 1.08315 35.43323
v -42.34703 4.651098 33.70478
v -44.07548 7.547628 31.97633
v -45.80394 2.912983 30.24788
v -47.53238 3.755721 30.24788
v -38.89013 0.3049352 35.43323
v -40.61858 2.351381 33.70478
v -42.34703 4.649987 31.97633
v -44.07548 4.7507 30.24788
v -45.80394 4.350153 28.51943
v -47.53238 3.197749 28.51943
v -38.89013 0.1829246 33.70478
v -40.61858 0.3515199 31.97633
v -42.34703 5.02679 30.24788
v -44.07548 3.305481 28.51943
v -45.80394 4.742873 26.79098
v -47.53238 2.277354 26.79098
v -38.89013 0.6813854 31.97633
v -40.61858 4.088019 30.24788
v -42.34703 1.366761 28.51943
v -44.07548 6.136519 26.79098
v -45.80394 7.318709 25.06253
v -47.53238 6.415754 25.06253
v -38.89013 0.1002073 30.24788
v -40.61858 1.068545 28.51943
v -42.34703 5.564837 26.79098
v -44.07548 5.92018 25.06253
v -45.80394 3.311659 23.33408
v -47.53238 12.02598 23.33408
v -38.89013 2.460023 28.51943
v -40.61858 0.6865703 26.79098
v -42.34703 4.305037 25.06253
v -44.07548 1.618432 23.33408
v -45.80394 7.57261 21.60563
v -47.53238 9.918168 21.60563
v -38.89013 0.9913216 26.79098
v -40.61858 0.5731297 25.06253
v -42.34703 4.849328 23.33408
v -44.07548 2.50076 21.60563
v -45.80394 4.786223 19.87718
v -47.53238 4.137946 19.87718
v -38.89013 0.5755647 25.06253
v -40.61858 3.002979 23.33408
v -42.34703 4.374801 21.60563
v -44.07548 5.169083 19.87718
v -45.80394 4.451267 18.14873
v -47.53238 3.533463 18.14873
v -38.89013 0.7268447 23.33408
v -40.61858 3.110803 21.60563
v -42.34703 4.163947 19.87718
v -44.07548 4.548372 18.14873
v -45.80394 3.995762 16.42028
v -47.53238 3.484002 16.42028
v -38.89013 0.3059841 21.60563
v -40.61858 3.294632 19.87718
v -42.34703 4.618865 18.14873
v -44.07548 5.758753 16.42028
v -45.80394 1.284296 14.69183
v -47.53238 1.45635 14.69183
v -38.89013 1.778791 19.87718
v -40.61858 2.397804 18.14873
v -42.34703 1.441999 16.42028
v -44.07548 2.746567 14.69183
v -45.80394 2.859345 12.96338
v -47.53238 2.347344 12.96338
v -38.89013 1.076121 18.14873
v -40.61858 1.988862 16.42028
v -42.34703 2.524842 14.69183
v -44.07548 2.221955 12.96338
v -45.80394 2.193904 11.23493
v -47.53238 2.705129 11.23493
v -38.89013 1.579027 16.42028
v -40.61858 1.529128 14.69183
v -42.34703 3.052038 12.96338
v -44.07548 2.963433 11.23493
v -45.80394 2.851453 9.506476
v -47.53238 4.243053 9.506476
v -38.89013 0.2569674 14.69183
v -40.61858 0.3294294 12.96338
v -42.34703 1.692478 11.23493
v -44.07548 1.823654 9.506476
v -45.80394 2.984982 7.778026
v -47.53238 3.749582 7.778027
v -38.89013 0.3094687 12.96338
v -40.61858 1.279634 11.23493
v -42.34703 1.265334 9.506476
v -44.07548 2.4918 7.778026
v -45.80394 2.621265 6.049576
v -47.53238 4.201686 6.049577
v -38.89013 0.8412681 11.23493
v -40.61858 0.8004423 9.506476
v -42.34703 2.764587 7.778026
v -44.07548 4.023675 6.049576
v -45.80394 4.144948 4.321126
v -47.53238 9.751001 4.321126
v -38.89013 0.1893444 9.506476
v -40.61858 1.20567 7.778026
v -42.34703 1.431532 6.049576
v -44.07548 1.099701 4.321126
v -45.80394 4.560585 2.592676
v -47.53238 8.688255 2.592676
v -38.89013 0 7.778025
v -40.61858 1.340454 6.049575
v -42.34703 1.48836 4.321125
v -44.07548 0.7616371 2.592675
v -45.80394 7.1429 0.8642254
v -47.53238 3.705945 0.8642263
v -38.89013 0.1092353 6.049574
v -40.61858 0.6066829 4.321125
v -42.34703 2.819361 2.592675
v -44.07548 6.255788 0.864225
v -45.80394 8.353233 -0.8642249
v -47.53238 2.087089 -0.8642239
v -38.89013 0.3340389 4.321125
v -40.61858 0.4862376 2.592674
v -42.34703 6.250967 0.8642247
v -44.07548 7.177088 -0.8642252
v -45.80394 10.35775 -2.592675
v -47.53238 2.07102 -2.592674
v -38.89013 0.7003511 2.592674
v -40.61858 4.289652 0.8642243
v -42.34703 3.090219 -0.8642255
v -44.07548 5.920716 -2.592675
v -45.80394 3.118129 -4.321125
v -47.53238 2.052049 -4.321125
v -38.89013 0.4177628 0.8642239
v -40.61858 0.7790077 -0.8642259
v -42.34703 2.652908 -2.592676
v -44.07548 4.769032 -4.321126
v -45.80394 6.043913 -6.049575
v -47.53238 6.344586 -6.049574
v -38.89013 2.115038 -0.8642263
v -40.61858 3.187584 -2.592676
v -42.34703 4.895208 -4.321126
v -44.07548 5.247136 -6.049576
v -45.80394 9.231591 -7.778025
v -47.53238 10.34463 -7.778025
v -38.89013 1.933977 -2.592676
v -40.61858 0.6711082 -4.321126
v -42.34703 3.377265 -6.049576
v -44.07548 5.782099 -7.778026
v -45.80394 3.577468 -9.506476
v -47.53238 13.59884 -9.506476
v -38.89013 1.564051 -4.321126
v -40.61858 2.119354 -6.049577
v -42.34703 3.035359 -7.778026
v -44.07548 1.514701 -9.506476
v -45.80394 1.110237 -11.23493
v -47.53238 17.42341 -11.23493
v -38.89013 0.3008752 -6.049577
v -40.61858 1.636911 -7.778027
v -42.34703 1.91668 -9.506476
v -44.07548 0.7751619 -11.23493
v -45.80394 13.16651 -12.96338
v -47.53238 10.04051 -12.96338
v -38.89013 0.6551279 -7.778027
v -40.61858 4.516304 -9.506476
v -42.34703 6.690652 -11.23493
v -44.07548 10.14209 -12.96338
v -45.80394 7.43638 -14.69183
v -47.53238 4.087744 -14.69183
v -38.89013 0.116829 -9.506476
v -40.61858 2.961161 -11.23493
v -42.34703 4.53619 -12.96338
v -44.07548 4.26231 -14.69183
v -45.80394 4.788247 -16.42028
v -47.53238 7.428112 -16.42028
v -38.89013 0.09981763 -11.23493
v -40.61858 3.724795 -12.96338
v -42.34703 5.44149 -14.69183
v -44.07548 6.534777 -16.42028
v -45.80394 4.305241 -18.14873
v -47.53238 2.703632 -18.14873
v -38.89013 1.042364 -12.96338
v -40.61858 2.918152 -14.69183
v -42.34703 2.652373 -16.42028
v -44.07548 3.790228 -18.14873
v -45.80394 2.860959 -19.87718
v -47.53238 2.649278 -19.87718
v -38.89013 0.2053606 -14.69183
v -40.61858 2.314242 -16.42028
v -42.34703 2.012365 -18.14873
v -44.07548 6.15774 -19.87718
v -45.80394 2.289744 -21.60563
v -47.53238 2.198354 -21.60563
v -38.89013 0.0389699 -16.42028
v -40.61858 0.03947434 -18.14873
v -42.34703 0.8373179 -19.87718
v -44.07548 3.326441 -21.60563
v -45.80394 2.360577 -23.33408
v -47.53238 2.968561 -23.33408
v -38.89013 1.626655 -18.14873
v -40.61858 0.2191299 -19.87718
v -42.34703 4.280275 -21.60563
v -44.07548 0.7522472 -23.33408
v -45.80394 2.890841 -25.06253
v -44.07548 2.103062 -25.06253
v -44.07548 3.962719 -26.79098
v -42.34703 1.882481 -23.33408
v -40.61858 0.2749962 -21.60563
v -42.34703 1.040555 -25.06253
v -42.34703 0.7697602 -28.51943
v -42.34703 1.228657 -26.79098
v -40.61858 0.4444224 -28.51943
v -40.61858 0.251866 -23.33408
v -40.61858 1.715224 -25.06253
v -40.61858 1.253468 -26.79098
v -38.89013 0.001977128 -28.51943
v -38.89013 0.07776717 -26.79098
v -37.16168 0 -28.51943
v -38.89013 0.3540714 -25.06253
v -38.89013 0.431004 -23.33408
v -35.43323 0 -28.51943
v -37.16168 0 -26.79098
v -33.70478 0 -28.51943
v -37.16168 0.3861196 -25.06253
v -35.43323 0 -26.79098
v -38.89013 0.9614661 -21.60563
v -31.97633 0 -28.51943
v -37.16168 0.1032902 -23.33408
v -35.43323 0 -25.06253
v -33.70478 0 -26.79098
v -38.89013 0.5836544 -19.87718
v -30.24788 0 -28.51943
v -37.16168 0.174115 -21.60563
v -35.43323 0.01034862 -23.33408
v -33.70478 0 -25.06253
v -31.97633 0 -26.79098
v -37.16168 0.04693989 -19.87718
v -28.51943 0 -28.51943
v -35.43323 0.08791353 -21.60563
v -33.70478 0 -23.33408
v -31.97633 0 -25.06253
v -30.24788 0 -26.79098
v -37.16168 0.5530338 -18.14873
v -26.79098 0 -28.51943
v -35.43323 0.4392017 -19.87718
v -33.70478 0 -21.60563
v -31.97633 0 -23.33408
v -28.51943 0 -26.79098
v -30.24788 0 -25.06253
v -25.06253 0 -28.51943
v -26.79098 0 -26.79098
v -28.51943 0 -25.06253
v -30.24788 0 -23.33408
v -31.97633 0 -21.60563
v -23.33408 0 -28.51943
v -25.06253 0 -26.79098
v -26.79098 0 -25.06253
v -28.51943 0 -23.33408
v -21.60563 0 -28.51943
v -23.33408 0 -26.79098
v -25.06253 0 -25.06253
v -19.87718 0 -28.51943
v -21.60563 0 -26.79098
v -18.14873 0 -28.51943
v -30.24788 0 -21.60563
v -26.79098 0 -23.33408
v -23.33408 0 -25.06253
v -19.87718 0 -26.79098
v -16.42028 0 -28.51943
v -28.51943 0 -21.60563
v -25.06253 0 -23.33408
v -21.60563 0 -25.06253
v -18.14873 0 -26.79098
v -14.69183 0 -28.51943
v -26.79098 0 -21.60563
v -23.33408 0 -23.33408
v -19.87718 0 -25.06253
v -16.42028 0 -26.79098
v -12.96338 0 -28.51943
v -25.06253 0 -21.60563
v -21.60563 0 -23.33408
v -18.14873 0 -25.06253
v -14.69183 0 -26.79098
v -11.23493 0 -28.51943
v -23.33408 0 -21.60563
v -19.87718 0 -23.33408
v -16.42028 0 -25.06253
v -12.96338 0 -26.79098
v -9.506476 0 -28.51943
v -21.60563 0 -21.60563
v -18.14873 0 -23.33408
v -14.69183 0 -25.06253
v -11.23493 0 -26.79098
v -7.778026 0 -28.51943
v -19.87718 0 -21.60563
v -16.42028 0 -23.33408
v -12.96338 0 -25.06253
v -9.506476 0 -26.79098
v -6.049576 0 -28.51943
v -18.14873 0 -21.60563
v -14.69183 0 -23.33408
v -11.23493 0 -25.06253
v -7.778026 0 -26.79098
v -4.321126 0 -28.51943
v -16.42028 0 -21.60563
v -12.96338 0 -23.33408
v -9.506476 0 -25.06253
v -6.049576 0 -26.79098
v -2.592676 0 -28.51943
v -14.69183 0 -21.60563
v -11.23493 0 -23.33408
v -7.778026 0 -25.06253
v -4.321126 0 -26.79098
v -0.8642259 0 -28.51943
v -12.96338 0 -21.60563
v -9.506476 0 -23.33408
v -6.049576 0 -25.06253
v -2.592676 0 -26.79098
v 0.8642243 0 -28.51943
v -11.23493 0 -21.60563
v -7.778026 0 -23.33408
v -4.321126 0 -25.06253
v -0.8642257 0 -26.79098
v 2.592675 0 -28.51943
v -9.506476 0 -21.60563
v -6.049576 0 -23.33408
v -2.592676 0 -25.06253
v 0.8642244 0 -26.79098
v 4.321125 0 -28.51943
v -7.778026 0 -21.60563
v -4.321126 0 -23.33408
v -0.8642257 0 -25.06253
v 2.592675 0 -26.79098
v 6.049576 0 -28.51943
v -6.049576 0 -21.60563
v -2.592676 0 -23.33408
v 0.8642244 0 -25.06253
v 4.321125 0 -26.79098
v 7.778026 0 -28.51943
v -4.321126 0 -21.60563
v -0.8642256 0 -23.33408
v 2.592675 0 -25.06253
v 6.049576 0 -26.79098
v 9.506476 0 -28.51943
v -2.592676 0 -21.60563
v 0.8642246 0 -23.33408
v 4.321125 0 -25.06253
v 7.778026 0 -26.79098
v 11.23493 0 -28.51943
v -0.8642255 0 -21.60563
v 2.592675 0 -23.33408
v 6.049576 0 -25.06253
v 9.506476 0 -26.79098
v 12.96338 0 -28.51943
v 0.8642247 0 -21.60563
v 4.321125 0 -23.33408
v 7.778026 0 -25.06253
v 11.23493 0 -26.79098
v 14.69183 0 -28.51943
v 2.592675 0 -21.60563
v 6.049576 0 -23.33408
v 9.506476 0 -25.06253
v 12.96338 0 -26.79098
v 16.42028 0 -28.51943
v 4.321125 0 -21.60563
v 7.778026 0 -23.33408
v 11.23493 0 -25.06253
v 14.69183 0 -26.79098
v 18.14873 0 -28.51943
v 6.049576 0 -21.60563
v 9.506476 0 -23.33408
v 12.96338 0 -25.06253
v 16.42028 0 -26.79098
v 19.87718 0 -28.51943
v 7.778026 0 -21.60563
v 11.23493 0 -23.33408
v 14.69183 0 -25.06253
v 18.14873 0 -26.79098
v 21.60563 0 -28.51943
v 9.506476 0 -21.60563
v 12.96338 0 -23.33408
v 16.42028 0 -25.06253
v 19.87718 0 -26.79098
v 23.33408 0 -28.51943
v 11.23493 0 -21.60563
v 14.69183 0 -23.33408
v 18.14873 0 -25.06253
v 21.60563 0 -26.79098
v 12.96338 0 -21.60563
v 16.42028 0 -23.33408
v 19.87718 0 -25.06253
v 14.69183 0 -21.60563
v 18.14873 0 -23.33408
v 16.42028 0 -21.60563
v 23.33408 0 -26.79098
v 21.60563 0 -25.06253
v 19.87718 0 -23.33408
v 18.14873 0 -21.60563
v 25.06253 0 -28.51943
v 26.79098 0 -30.24788
v 28.51943 0 -30.24788
v 26.79098 0 -28.51943
v 28.51943 0 -28.51943
v 25.06253 0 -26.79098
v 26.79098 0 -26.79098
v 28.51943 0 -26.79098
v 23.33408 0 -25.06253
v 25.06253 0 -25.06253
v 26.79098 0 -25.06253
v 28.51943 0 -25.06253
v 21.60563 0 -23.33408
v 23.33408 0 -23.33408
v 25.06253 0 -23.33408
v 26.79098 0 -23.33408
v 28.51943 0 -23.33408
v 19.87718 0 -21.60563
v 21.60563 0 -21.60563
v 23.33408 0 -21.60563
v 25.06253 0 -21.60563
v 26.79098 0 -21.60563
v 28.51943 0 -21.60563
v 28.51943 0 -19.87718
v 26.79098 0 -19.87718
v 25.06253 0 -19.87718
v 23.33408 0 -19.87718
v 21.60563 0 -19.87718
v 28.51943 0 -18.14873
v 26.79098 0 -18.14873
v 25.06253 0 -18.14873
v 23.33408 0 -18.14873
v 28.51943 0 -16.42028
v 26.79098 0 -16.42028
v 25.06253 0 -16.42028
v 28.51943 0 -14.69183
v 26.79098 0 -14.69183
v 28.51943 0 -12.96338
v 21.60563 0 -18.14873
v 23.33408 0 -16.42028
v 25.06253 0 -14.69183
v 26.79098 0 -12.96338
v 28.51943 0 -11.23493
v 21.60563 0 -16.42028
v 23.33408 0 -14.69183
v 25.06253 0 -12.96338
v 26.79098 0 -11.23493
v 28.51943 0 -9.506476
v 21.60563 0 -14.69183
v 23.33408 0 -12.96338
v 25.06253 0 -11.23493
v 26.79098 0 -9.506476
v 28.51943 0 -7.778027
v 21.60563 0 -12.96338
v 23.33408 0 -11.23493
v 25.06253 0 -9.506476
v 26.79098 0 -7.778027
v 28.51943 0 -6.049577
v 21.60563 0 -11.23493
v 23.33408 0 -9.506476
v 25.06253 0 -7.778027
v 26.79098 0 -6.049577
v 28.51943 0 -4.321126
v 21.60563 0 -9.506476
v 23.33408 0 -7.778027
v 25.06253 0 -6.049577
v 26.79098 0 -4.321126
v 28.51943 0 -2.592676
v 21.60563 0 -7.778027
v 23.33408 0 -6.049577
v 25.06253 0 -4.321126
v 26.79098 0 -2.592676
v 28.51943 0 -0.8642263
v 21.60563 0 -6.049577
v 23.33408 0 -4.321126
v 25.06253 0 -2.592676
v 26.79098 0 -0.8642263
v 28.51943 0 0.8642239
v 21.60563 0 -4.321126
v 23.33408 0 -2.592676
v 25.06253 0 -0.8642263
v 26.79098 0 0.8642239
v 28.51943 0 2.592674
v 21.60563 0 -2.592676
v 23.33408 0 -0.8642263
v 25.06253 0 0.8642239
v 26.79098 0 2.592674
v 28.51943 0 4.321125
v 21.60563 0 -0.8642263
v 23.33408 0 0.8642239
v 25.06253 0 2.592674
v 26.79098 0 4.321125
v 28.51943 0 6.049574
v 21.60563 0 0.8642239
v 23.33408 0 2.592674
v 25.06253 0 4.321125
v 26.79098 0 6.049574
v 28.51943 0 7.778025
v 21.60563 0 2.592674
v 23.33408 0 4.321125
v 25.06253 0 6.049574
v 26.79098 0 7.778025
v 28.51943 0 9.506476
v 21.60563 0 4.321125
v 23.33408 0 6.049574
v 25.06253 0 7.778025
v 26.79098 0 9.506476
v 28.51943 0 11.23493
v 21.60563 0 6.049574
v 23.33408 0 7.778025
v 25.06253 0 9.506476
v 26.79098 0 11.23493
v 28.51943 0 12.96338
v 21.60563 0 7.778025
v 23.33408 0 9.506476
v 25.06253 0 11.23493
v 26.79098 0 12.96338
v 28.51943 0 14.69183
v 21.60563 0 9.506476
v 23.33408 0 11.23493
v 25.06253 0 12.96338
v 26.79098 0 14.69183
v 28.51943 0 16.42028
v 21.60563 0 11.23493
v 23.33408 0 12.96338
v 25.06253 0 14.69183
v 26.79098 0 16.42028
v 28.51943 0 18.14873
v 21.60563 0 12.96338
v 23.33408 0 14.69183
v 25.06253 0 16.42028
v 26.79098 0 18.14873
v 28.51943 0 19.87718
v 21.60563 0 14.69183
v 23.33408 0 16.42028
v 25.06253 0 18.14873
v 26.79098 0 19.87718
v 28.51943 0 21.60563
v 21.60563 0 16.42028
v 23.33408 0 18.14873
v 25.06253 0 19.87718
v 26.79098 0 21.60563
v 28.51943 0 23.33408
v 21.60563 0 18.14873
v 23.33408 0 19.87718
v 25.06253 0 21.60563
v 26.79098 0 23.33408
v 28.51943 0 25.06253
v 21.60563 0 19.87718
v 23.33408 0 21.60563
v 25.06253 0 23.33408
v 26.79098 0 25.06253
v 28.51943 0 26.79098
v 21.60563 0 21.60563
v 23.33408 0 23.33408
v 25.06253 0 25.06253
v 26.79098 0 26.79098
v 28.51943 0 28.51943
v 21.60563 0 23.33408
v 23.33408 0 25.06253
v 25.06253 0 26.79098
v 26.79098 0 28.51943
v 28.51943 0 30.24788
v 21.60563 0 25.06253
v 23.33408 0 26.79098
v 25.06253 0 28.51943
v 26.79098 0 30.24788
v 28.51943 0 31.97633
v 21.60563 0 26.79098
v 23.33408 0 28.51943
v 25.06253 0 30.24788
v 26.79098 0 31.97633
v 28.51943 0 33.70478
v 26.79098 0 33.70478
v 26.79098 0 35.43323
v 25.06253 0 31.97633
v 23.33408 0 30.24788
v 25.06253 0 35.43323
v 25.06253 0 33.70478
v 23.33408 0 31.97633
v 23.33408 0 37.16168
v 23.33408 0 35.43323
v 23.33408 0 33.70478
v 21.60563 0 37.16168
v 21.60563 0 35.43323
v 19.87718 0 37.16168
v 21.60563 0 33.70478
v 18.14873 0 37.16168
v 19.87718 0 35.43323
v 21.60563 0 31.97633
v 16.42028 0 37.16168
v 18.14873 0 35.43323
v 19.87718 0 33.70478
v 21.60563 0 30.24788
v 14.69183 0 37.16168
v 16.42028 0 35.43323
v 18.14873 0 33.70478
v 19.87718 0 31.97633
v 21.60563 0 28.51943
v 12.96338 0 37.16168
v 14.69183 0 35.43323
v 16.42028 0 33.70478
v 19.87718 0 30.24788
v 18.14873 0 31.97633
v 19.87718 0 28.51943
v 11.23493 0.08980072 37.16168
v 12.96338 0 35.43323
v 14.69183 0 33.70478
v 18.14873 0 30.24788
v 16.42028 0 31.97633
v 19.87718 0 26.79098
v 9.506476 0.2466852 37.16168
v 11.23493 0 35.43323
v 12.96338 0 33.70478
v 14.69183 0 31.97633
v 18.14873 0 28.51943
v 16.42028 0 30.24788
v 7.778027 0.8732787 37.16168
v 9.506476 0 35.43323
v 11.23493 0 33.70478
v 12.96338 0 31.97633
v 14.69183 0 30.24788
v 16.42028 0 28.51943
v 6.049577 1.433472 37.16168
v 7.778027 0 35.43323
v 9.506476 0 33.70478
v 11.23493 0 31.97633
v 12.96338 0 30.24788
v 4.321126 0.9937587 37.16168
v 6.049577 0 35.43323
v 7.778027 0 33.70478
v 9.506476 0 31.97633
v 2.592676 0.3973099 37.16168
v 4.321126 0 35.43323
v 6.049577 0 33.70478
v 0.8642256 0.09420145 37.16168
v 2.592676 0 35.43323
v -0.8642246 0.09453964 37.16168
v 11.23493 0 30.24788
v 7.778027 0 31.97633
v 4.321126 0 33.70478
v 0.8642255 0 35.43323
v -2.592674 0.717385 37.16168
v 9.506476 0 30.24788
v 6.049576 0 31.97633
v 2.592676 0 33.70478
v -0.8642247 0 35.43323
v -4.321125 0.3693633 37.16168
v 7.778027 0 30.24788
v 4.321126 0 31.97633
v 0.8642254 0 33.70478
v -2.592675 0.06543539 35.43323
v -6.049575 1.818633 37.16168
v 6.049576 0 30.24788
v 2.592676 0 31.97633
v -0.8642247 0 33.70478
v -4.321125 0.2943635 35.43323
v -7.778025 0.3979517 37.16168
v 4.321126 0 30.24788
v 0.8642254 0 31.97633
v -2.592675 0 33.70478
v -6.049575 0.4217655 35.43323
v -9.506476 1.230339 37.16168
v 2.592676 0 30.24788
v -0.8642249 0 31.97633
v -4.321125 0 33.70478
v -7.778025 0.9520777 35.43323
v -11.23493 1.676188 37.16168
v 0.8642254 0 30.24788
v -2.592675 0 31.97633
v -6.049575 0 33.70478
v -9.506476 0.9739708 35.43323
v -12.96338 1.036747 37.16168
v -0.8642249 0 30.24788
v -4.321125 0 31.97633
v -7.778025 0 33.70478
v -11.23493 0.5049517 35.43323
v -14.69183 0.1775807 37.16168
v -2.592675 0 30.24788
v -6.049575 0 31.97633
v -9.506476 0 33.70478
v -12.96338 0.1153538 35.43323
v -16.42028 0 37.16168
v -4.321125 0 30.24788
v -7.778025 0 31.97633
v -11.23493 0 33.70478
v -14.69183 0 35.43323
v -18.14873 0.1383505 37.16168
v -6.049575 0 30.24788
v -9.506476 0 31.97633
v -12.96338 0 33.70478
v -16.42028 0 35.43323
v -19.87718 0.6748415 37.16168
v -7.778025 0 30.24788
v -11.23493 0 31.97633
v -14.69183 0 33.70478
v -18.14873 0 35.43323
v -21.60563 1.022018 37.16168
v -9.506476 0 30.24788
v -12.96338 0 31.97633
v -16.42028 0 33.70478
v -19.87718 0 35.43323
v -23.33408 0.4244192 37.16168
v -11.23493 0 30.24788
v -14.69183 0 31.97633
v -18.14873 0 33.70478
v -21.60563 0 35.43323
v -25.06253 0.8340554 37.16168
v -12.96338 0 30.24788
v -16.42028 0 31.97633
v -19.87718 0 33.70478
v -23.33408 0 35.43323
v -26.79098 0.2742135 37.16168
v -14.69183 0 30.24788
v -18.14873 0 31.97633
v -21.60563 0 33.70478
v -25.06253 0 35.43323
v -28.51943 0.06998689 37.16168
v -16.42028 0 30.24788
v -19.87718 0 31.97633
v -23.33408 0 33.70478
v -26.79098 0 35.43323
v -30.24788 0 37.16168
v -18.14873 0 30.24788
v -21.60563 0 31.97633
v -25.06253 0 33.70478
v -28.51943 0 35.43323
v -19.87718 0 30.24788
v -23.33408 0 31.97633
v -26.79098 0 33.70478
v -21.60563 0 30.24788
v -25.06253 0 31.97633
v -23.33408 0 30.24788
v -30.24788 0 35.43323
v -28.51943 0 33.70478
v -26.79098 0 31.97633
v -25.06253 0 30.24788
v -31.97633 0 37.16168
v -33.70478 0.234658 38.89013
v -35.43323 0.3573988 38.89013
v -33.70478 0 37.16168
v -31.97633 0 35.43323
v -37.16168 0.4064215 38.89013
v -35.43323 0.08550689 37.16168
v -37.16168 0.9748298 37.16168
v -33.70478 0 35.43323
v -30.24788 0 33.70478
v -37.16168 0.4025046 35.43323
v -35.43323 0.00933229 35.43323
v -31.97633 0 33.70478
v -28.51943 0 31.97633
v -37.16168 1.452495 33.70478
v -35.43323 0.2440585 33.70478
v -33.70478 0 33.70478
v -30.24788 0 31.97633
v -26.79098 0 30.24788
v -37.16168 1.305712 31.97633
v -35.43323 0.08366351 31.97633
v -33.70478 0 31.97633
v -31.97633 0 31.97633
v -28.51943 0 30.24788
v -37.16168 1.005132 30.24788
v -35.43323 0.3097849 30.24788
v -33.70478 0 30.24788
v -30.24788 0 30.24788
v -31.97633 0 30.24788
v -37.16168 0.3804655 28.51943
v -35.43323 0.0111914 28.51943
v -33.70478 0 28.51943
v -31.97633 0 28.51943
v -30.24788 0 28.51943
v -28.51943 0 28.51943
v -37.16168 0.2721508 26.79098
v -35.43323 0 26.79098
v -33.70478 0 26.79098
v -31.97633 0 26.79098
v -30.24788 0 26.79098
v -37.16168 0 25.06253
v -35.43323 0 25.06253
v -33.70478 0 25.06253
v -31.97633 0 25.06253
v -37.16168 0 23.33408
v -35.43323 0 23.33408
v -33.70478 0 23.33408
v -37.16168 0.334132 21.60563
v -35.43323 0 21.60563
v -37.16168 0.5821818 19.87718
v -30.24788 0 25.06253
v -31.97633 0 23.33408
v -33.70478 0 21.60563
v -35.43323 0.003158262 19.87718
v -37.16168 0.3579805 18.14873
v -30.24788 0 23.33408
v -31.97633 0 21.60563
v -33.70478 0 19.87718
v -35.43323 0.232724 18.14873
v -37.16168 0.7847111 16.42028
v -30.24788 0 21.60563
v -31.97633 0 19.87718
v -33.70478 0 18.14873
v -35.43323 0.1834582 16.42028
v -37.16168 0.8941013 14.69183
v -30.24788 0 19.87718
v -31.97633 0 18.14873
v -33.70478 0 16.42028
v -35.43323 0.1783577 14.69183
v -37.16168 0.4450256 12.96338
v -30.24788 0 18.14873
v -31.97633 0 16.42028
v -33.70478 0 14.69183
v -35.43323 0.01360382 12.96338
v -37.16168 0.1568066 11.23493
v -30.24788 0 16.42028
v -31.97633 0 14.69183
v -33.70478 0 12.96338
v -35.43323 0 11.23493
v -37.16168 0 9.506476
v -30.24788 0 14.69183
v -31.97633 0 12.96338
v -33.70478 0 11.23493
v -35.43323 0 9.506476
v -37.16168 0 7.778025
v -30.24788 0 12.96338
v -31.97633 0 11.23493
v -33.70478 0 9.506476
v -35.43323 0 7.778025
v -37.16168 0 6.049574
v -30.24788 0 11.23493
v -31.97633 0 9.506476
v -33.70478 0 7.778025
v -35.43323 0 6.049574
v -37.16168 0 4.321125
v -30.24788 0 9.506476
v -31.97633 0 7.778025
v -33.70478 0 6.049574
v -35.43323 0 4.321125
v -37.16168 0 2.592674
v -30.24788 0 7.778025
v -31.97633 0 6.049574
v -33.70478 0 4.321125
v -35.43323 0 2.592674
v -37.16168 0.01626351 0.8642239
v -30.24788 0 6.049574
v -31.97633 0 4.321125
v -33.70478 0 2.592674
v -35.43323 0 0.8642239
v -37.16168 0.3767517 -0.8642263
v -30.24788 0 4.321125
v -31.97633 0 2.592674
v -33.70478 0 0.8642239
v -35.43323 0 -0.8642263
v -37.16168 0.7135525 -2.592676
v -30.24788 0 2.592674
v -31.97633 0 0.8642239
v -33.70478 0 -0.8642263
v -35.43323 0 -2.592676
v -37.16168 0.3443154 -4.321126
v -30.24788 0 0.8642239
v -31.97633 0 -0.8642263
v -33.70478 0 -2.592676
v -35.43323 0 -4.321126
v -37.16168 0.02703063 -6.049577
v -30.24788 0 -0.8642263
v -31.97633 0 -2.592676
v -33.70478 0 -4.321126
v -35.43323 0 -6.049577
v -37.16168 0 -7.778027
v -30.24788 0 -2.592676
v -31.97633 0 -4.321126
v -33.70478 0 -6.049577
v -35.43323 0 -7.778027
v -37.16168 0 -9.506476
v -30.24788 0 -4.321126
v -31.97633 0 -6.049577
v -33.70478 0 -7.778027
v -35.43323 0 -9.506476
v -37.16168 0 -11.23493
v -30.24788 0 -6.049577
v -31.97633 0 -7.778027
v -33.70478 0 -9.506476
v -35.43323 0 -11.23493
v -37.16168 0 -12.96338
v -30.24788 0 -7.778027
v -31.97633 0 -9.506476
v -33.70478 0 -11.23493
v -35.43323 0 -12.96338
v -37.16168 0.2645108 -14.69183
v -30.24788 0 -9.506476
v -31.97633 0 -11.23493
v -33.70478 0 -12.96338
v -35.43323 0 -14.69183
v -37.16168 1.025592 -16.42028
v -35.43323 0.01098113 -16.42028
v -35.43323 0.06261154 -18.14873
v -33.70478 0 -14.69183
v -31.97633 0 -12.96338
v -33.70478 0 -16.42028
v -33.70478 0 -19.87718
v -33.70478 0 -18.14873
v -31.97633 0 -19.87718
v -31.97633 0 -14.69183
v -31.97633 0 -16.42028
v -31.97633 0 -18.14873
v -30.24788 0 -19.87718
v -30.24788 0 -18.14873
v -28.51943 0 -19.87718
v -30.24788 0 -16.42028
v -30.24788 0 -14.69183
v -26.79098 0 -19.87718
v -28.51943 0 -18.14873
v -25.06253 0 -19.87718
v -28.51943 0 -16.42028
v -26.79098 0 -18.14873
v -30.24788 0 -12.96338
v -23.33408 0 -19.87718
v -28.51943 0 -14.69183
v -26.79098 0 -16.42028
v -25.06253 0 -18.14873
v -30.24788 0 -11.23493
v -21.60563 0 -19.87718
v -28.51943 0 -12.96338
v -26.79098 0 -14.69183
v -25.06253 0 -16.42028
v -23.33408 0 -18.14873
v -28.51943 0 -11.23493
v -19.87718 0 -19.87718
v -26.79098 0 -12.96338
v -25.06253 0 -14.69183
v -23.33408 0 -16.42028
v -21.60563 0 -18.14873
v -28.51943 0 -9.506476
v -18.14873 0 -19.87718
v -26.79098 0 -11.23493
v -25.06253 0 -12.96338
v -23.33408 0 -14.69183
v -19.87718 0 -18.14873
v -21.60563 0 -16.42028
v -16.42028 0 -19.87718
v -18.14873 0 -18.14873
v -19.87718 0 -16.42028
v -21.60563 0 -14.69183
v -23.33408 0 -12.96338
v -14.69183 0 -19.87718
v -16.42028 0 -18.14873
v -18.14873 0 -16.42028
v -19.87718 0 -14.69183
v -12.96338 0 -19.87718
v -14.69183 0 -18.14873
v -16.42028 0 -16.42028
v -11.23493 0 -19.87718
v -12.96338 0 -18.14873
v -9.506476 0 -19.87718
v -21.60563 0 -12.96338
v -18.14873 0 -14.69183
v -14.69183 0 -16.42028
v -11.23493 0 -18.14873
v -7.778026 0 -19.87718
v -19.87718 0 -12.96338
v -16.42028 0 -14.69183
v -12.96338 0 -16.42028
v -9.506476 0 -18.14873
v -6.049576 0 -19.87718
v -18.14873 0 -12.96338
v -14.69183 0 -14.69183
v -11.23493 0 -16.42028
v -7.778026 0 -18.14873
v -4.321126 0 -19.87718
v -16.42028 0 -12.96338
v -12.96338 0 -14.69183
v -9.506476 0 -16.42028
v -6.049576 0 -18.14873
v -2.592676 0 -19.87718
v -14.69183 0 -12.96338
v -11.23493 0 -14.69183
v -7.778026 0 -16.42028
v -4.321126 0 -18.14873
v -0.8642255 0 -19.87718
v -12.96338 0 -12.96338
v -9.506476 0 -14.69183
v -6.049576 0 -16.42028
v -2.592676 0 -18.14873
v 0.8642247 0 -19.87718
v -11.23493 0 -12.96338
v -7.778026 0 -14.69183
v -4.321126 0 -16.42028
v -0.8642255 0 -18.14873
v 2.592675 0 -19.87718
v -9.506476 0 -12.96338
v -6.049576 0 -14.69183
v -2.592676 0 -16.42028
v 0.8642247 0 -18.14873
v 4.321125 0 -19.87718
v -7.778026 0 -12.96338
v -4.321126 0 -14.69183
v -0.8642255 0 -16.42028
v 2.592675 0 -18.14873
v 6.049576 0 -19.87718
v -6.049576 0 -12.96338
v -2.592676 0 -14.69183
v 0.8642247 0 -16.42028
v 4.321125 0 -18.14873
v 7.778026 0 -19.87718
v -4.321126 0 -12.96338
v -0.8642255 0 -14.69183
v 2.592675 0 -16.42028
v 6.049576 0 -18.14873
v 9.506476 0 -19.87718
v -2.592676 0 -12.96338
v 0.8642247 0 -14.69183
v 4.321125 0 -16.42028
v 7.778026 0 -18.14873
v 11.23493 0 -19.87718
v -0.8642255 0 -12.96338
v 2.592675 0 -14.69183
v 6.049576 0 -16.42028
v 9.506476 0 -18.14873
v 12.96338 0 -19.87718
v 0.8642247 0 -12.96338
v 4.321125 0 -14.69183
v 7.778026 0 -16.42028
v 11.23493 0 -18.14873
v 14.69183 0 -19.87718
v 2.592675 0 -12.96338
v 6.049576 0 -14.69183
v 9.506476 0 -16.42028
v 12.96338 0 -18.14873
v 16.42028 0 -19.87718
v 4.321125 0 -12.96338
v 7.778026 0 -14.69183
v 11.23493 0 -16.42028
v 14.69183 0 -18.14873
v 18.14873 0 -19.87718
v 6.049576 0 -12.96338
v 9.506476 0 -14.69183
v 12.96338 0 -16.42028
v 16.42028 0 -18.14873
v 19.87718 0 -19.87718
v 18.14873 0 -18.14873
v 19.87718 0 -18.14873
v 14.69183 0 -16.42028
v 11.23493 0 -14.69183
v 16.42028 0 -16.42028
v 18.14873 0 -16.42028
v 19.87718 0 -16.42028
v 12.96338 0 -14.69183
v 14.69183 0 -14.69183
v 16.42028 0 -14.69183
v 18.14873 0 -14.69183
v 19.87718 0 -14.69183
v 19.87718 0 -12.96338
v 18.14873 0 -12.96338
v 16.42028 0 -12.96338
v 14.69183 0 -12.96338
v 12.96338 0 -12.96338
v 19.87718 0 -11.23493
v 18.14873 0 -11.23493
v 16.42028 0 -11.23493
v 14.69183 0 -11.23493
v 19.87718 0 -9.506476
v 18.14873 0 -9.506476
v 16.42028 0 -9.506476
v 19.87718 0 -7.778027
v 18.14873 0 -7.778027
v 19.87718 0 -6.049577
v 12.96338 0 -11.23493
v 14.69183 0 -9.506476
v 16.42028 0 -7.778027
v 18.14873 0 -6.049577
v 19.87718 0 -4.321126
v 12.96338 0 -9.506476
v 14.69183 0 -7.778027
v 16.42028 0 -6.049577
v 18.14873 0 -4.321126
v 19.87718 0 -2.592676
v 12.96338 0 -7.778027
v 14.69183 0 -6.049577
v 16.42028 0 -4.321126
v 18.14873 0 -2.592676
v 19.87718 0 -0.8642263
v 12.96338 0 -6.049577
v 14.69183 0 -4.321126
v 16.42028 0 -2.592676
v 18.14873 0 -0.8642263
v 19.87718 0 0.8642239
v 12.96338 0 -4.321126
v 14.69183 0 -2.592676
v 16.42028 0 -0.8642263
v 18.14873 0 0.8642239
v 19.87718 0 2.592674
v 12.96338 0 -2.592676
v 14.69183 0 -0.8642263
v 16.42028 0 0.8642239
v 18.14873 0 2.592674
v 19.87718 0 4.321125
v 12.96338 0 -0.8642263
v 14.69183 0 0.8642239
v 16.42028 0 2.592674
v 18.14873 0 4.321125
v 19.87718 0 6.049574
v 12.96338 0 0.8642239
v 14.69183 0 2.592674
v 16.42028 0 4.321125
v 18.14873 0 6.049574
v 19.87718 0 7.778025
v 12.96338 0 2.592674
v 14.69183 0 4.321125
v 16.42028 0 6.049574
v 18.14873 0 7.778025
v 19.87718 0 9.506476
v 12.96338 0 4.321125
v 14.69183 0 6.049574
v 16.42028 0 7.778025
v 18.14873 0 9.506476
v 19.87718 0 11.23493
v 12.96338 0 6.049574
v 14.69183 0 7.778025
v 16.42028 0 9.506476
v 18.14873 0 11.23493
v 19.87718 0 12.96338
v 12.96338 0 7.778025
v 14.69183 0 9.506476
v 16.42028 0 11.23493
v 18.14873 0 12.96338
v 19.87718 0 14.69183
v 12.96338 0 9.506476
v 14.69183 0 11.23493
v 16.42028 0 12.96338
v 18.14873 0 14.69183
v 19.87718 0 16.42028
v 12.96338 0 11.23493
v 14.69183 0 12.96338
v 16.42028 0 14.69183
v 18.14873 0 16.42028
v 19.87718 0 18.14873
v 12.96338 0 12.96338
v 14.69183 0 14.69183
v 16.42028 0 16.42028
v 18.14873 0 18.14873
v 19.87718 0 19.87718
v 12.96338 0 14.69183
v 14.69183 0 16.42028
v 16.42028 0 18.14873
v 18.14873 0 19.87718
v 19.87718 0 21.60563
v 12.96338 0 16.42028
v 14.69183 0 18.14873
v 16.42028 0 19.87718
v 18.14873 0 21.60563
v 19.87718 0 23.33408
v 12.96338 0 18.14873
v 14.69183 0 19.87718
v 16.42028 0 21.60563
v 18.14873 0 23.33408
v 19.87718 0 25.06253
v 18.14873 0 25.06253
v 18.14873 0 26.79098
v 16.42028 0 23.33408
v 14.69183 0 21.60563
v 16.42028 0 26.79098
v 16.42028 0 25.06253
v 14.69183 0 23.33408
v 14.69183 0 28.51943
v 14.69183 0 26.79098
v 14.69183 0 25.06253
v 12.96338 0 28.51943
v 12.96338 0 26.79098
v 11.23493 0 28.51943
v 12.96338 0 25.06253
v 9.506476 0 28.51943
v 11.23493 0 26.79098
v 12.96338 0 23.33408
v 7.778027 0 28.51943
v 9.506476 0 26.79098
v 11.23493 0 25.06253
v 12.96338 0 21.60563
v 6.049576 0 28.51943
v 7.778027 0 26.79098
v 9.506476 0 25.06253
v 11.23493 0 23.33408
v 12.96338 0 19.87718
v 4.321126 0 28.51943
v 6.049576 0 26.79098
v 7.778027 0 25.06253
v 11.23493 0 21.60563
v 9.506476 0 23.33408
v 11.23493 0 19.87718
v 2.592676 0 28.51943
v 4.321126 0 26.79098
v 6.049576 0 25.06253
v 9.506476 0 21.60563
v 7.778027 0 23.33408
v 11.23493 0 18.14873
v 0.8642254 0 28.51943
v 2.592676 0 26.79098
v 4.321126 0 25.06253
v 6.049576 0 23.33408
v 9.506476 0 19.87718
v 7.778027 0 21.60563
v -0.8642249 0 28.51943
v 0.8642254 0 26.79098
v 2.592676 0 25.06253
v 4.321126 0 23.33408
v 6.049576 0 21.60563
v 7.778027 0 19.87718
v -2.592675 0 28.51943
v -0.8642249 0 26.79098
v 0.8642254 0 25.06253
v 2.592676 0 23.33408
v 4.321126 0 21.60563
v -4.321125 0 28.51943
v -2.592675 0 26.79098
v -0.8642249 0 25.06253
v 0.8642254 0 23.33408
v -6.049575 0 28.51943
v -4.321125 0 26.79098
v -2.592675 0 25.06253
v -7.778025 0 28.51943
v -6.049575 0 26.79098
v -9.506476 0 28.51943
v 2.592676 0 21.60563
v -0.8642249 0 23.33408
v -4.321125 0 25.06253
v -7.778025 0 26.79098
v -11.23493 0 28.51943
v 0.8642254 0 21.60563
v -2.592675 0 23.33408
v -6.049575 0 25.06253
v -9.506476 0 26.79098
v -12.96338 0 28.51943
v -0.8642249 0 21.60563
v -4.321125 0 23.33408
v -7.778025 0 25.06253
v -11.23493 0 26.79098
v -14.69183 0 28.51943
v -2.592675 0 21.60563
v -6.049575 0 23.33408
v -9.506476 0 25.06253
v -12.96338 0 26.79098
v -16.42028 0 28.51943
v -4.321125 0 21.60563
v -7.778025 0 23.33408
v -11.23493 0 25.06253
v -14.69183 0 26.79098
v -18.14873 0 28.51943
v -6.049575 0 21.60563
v -9.506476 0 23.33408
v -12.96338 0 25.06253
v -16.42028 0 26.79098
v -19.87718 0 28.51943
v -7.778025 0 21.60563
v -11.23493 0 23.33408
v -14.69183 0 25.06253
v -18.14873 0 26.79098
v -21.60563 0 28.51943
v -9.506476 0 21.60563
v -12.96338 0 23.33408
v -16.42028 0 25.06253
v -19.87718 0 26.79098
v -23.33408 0 28.51943
v -11.23493 0 21.60563
v -14.69183 0 23.33408
v -18.14873 0 25.06253
v -21.60563 0 26.79098
v -25.06253 0 28.51943
v -12.96338 0 21.60563
v -16.42028 0 23.33408
v -19.87718 0 25.06253
v -23.33408 0 26.79098
v -26.79098 0 28.51943
v -25.06253 0 26.79098
v -21.60563 0 25.06253
v -18.14873 0 23.33408
v -26.79098 0 26.79098
v -23.33408 0 25.06253
v -19.87718 0 23.33408
v -28.51943 0 26.79098
v -25.06253 0 25.06253
v -21.60563 0 23.33408
v -28.51943 0 25.06253
v -26.79098 0 25.06253
v -23.33408 0 23.33408
v -28.51943 0 23.33408
v -26.79098 0 23.33408
v -25.06253 0 23.33408
v -28.51943 0 21.60563
v -26.79098 0 21.60563
v -25.06253 0 21.60563
v -23.33408 0 21.60563
v -21.60563 0 21.60563
v -28.51943 0 19.87718
v -26.79098 0 19.87718
v -25.06253 0 19.87718
v -23.33408 0 19.87718
v -28.51943 0 18.14873
v -26.79098 0 18.14873
v -25.06253 0 18.14873
v -28.51943 0 16.42028
v -26.79098 0 16.42028
v -28.51943 0 14.69183
v -21.60563 0 19.87718
v -23.33408 0 18.14873
v -25.06253 0 16.42028
v -26.79098 0 14.69183
v -28.51943 0 12.96338
v -21.60563 0 18.14873
v -23.33408 0 16.42028
v -25.06253 0 14.69183
v -26.79098 0 12.96338
v -28.51943 0 11.23493
v -21.60563 0 16.42028
v -23.33408 0 14.69183
v -25.06253 0 12.96338
v -26.79098 0 11.23493
v -28.51943 0 9.506476
v -21.60563 0 14.69183
v -23.33408 0 12.96338
v -25.06253 0 11.23493
v -26.79098 0 9.506476
v -28.51943 0 7.778025
v -21.60563 0 12.96338
v -23.33408 0 11.23493
v -25.06253 0 9.506476
v -26.79098 0 7.778025
v -28.51943 0 6.049574
v -21.60563 0 11.23493
v -23.33408 0 9.506476
v -25.06253 0 7.778025
v -26.79098 0 6.049574
v -28.51943 0 4.321125
v -21.60563 0 9.506476
v -23.33408 0 7.778025
v -25.06253 0 6.049574
v -26.79098 0 4.321125
v -28.51943 0 2.592674
v -21.60563 0 7.778025
v -23.33408 0 6.049574
v -25.06253 0 4.321125
v -26.79098 0 2.592674
v -28.51943 0 0.8642239
v -21.60563 0 6.049574
v -23.33408 0 4.321125
v -25.06253 0 2.592674
v -26.79098 0 0.8642239
v -28.51943 0 -0.8642263
v -21.60563 0 4.321125
v -23.33408 0 2.592674
v -25.06253 0 0.8642239
v -26.79098 0 -0.8642263
v -28.51943 0 -2.592676
v -21.60563 0 2.592674
v -23.33408 0 0.8642239
v -25.06253 0 -0.8642263
v -26.79098 0 -2.592676
v -28.51943 0 -4.321126
v -21.60563 0 0.8642239
v -23.33408 0 -0.8642263
v -25.06253 0 -2.592676
v -26.79098 0 -4.321126
v -28.51943 0 -6.049577
v -21.60563 0 -0.8642263
v -23.33408 0 -2.592676
v -25.06253 0 -4.321126
v -26.79098 0 -6.049577
v -28.51943 0 -7.778027
v -26.79098 0 -7.778027
v -26.79098 0 -9.506476
v -25.06253 0 -6.049577
v -23.33408 0 -4.321126
v -25.06253 0 -7.778027
v -25.06253 0 -11.23493
v -25.06253 0 -9.506476
v -23.33408 0 -11.23493
v -23.33408 0 -6.049577
v -23.33408 0 -7.778027
v -23.33408 0 -9.506476
v -21.60563 0 -11.23493
v -21.60563 0 -9.506476
v -19.87718 0 -11.23493
v -21.60563 0 -7.778027
v -21.60563 0 -6.049577
v -18.14873 0 -11.23493
v -19.87718 0 -9.506476
v -16.42028 0 -11.23493
v -19.87718 0 -7.778027
v -18.14873 0 -9.506476
v -21.60563 0 -4.321126
v -14.69183 0 -11.23493
v -19.87718 0 -6.049577
v -18.14873 0 -7.778027
v -16.42028 0 -9.506476
v -21.60563 0 -2.592676
v -12.96338 0 -11.23493
v -19.87718 0 -4.321126
v -18.14873 0 -6.049577
v -16.42028 0 -7.778027
v -14.69183 0 -9.506476
v -19.87718 0 -2.592676
v -11.23493 0 -11.23493
v -18.14873 0 -4.321126
v -16.42028 0 -6.049577
v -14.69183 0 -7.778027
v -12.96338 0 -9.506476
v -19.87718 0 -0.8642263
v -9.506476 0 -11.23493
v -18.14873 0 -2.592676
v -16.42028 0 -4.321126
v -14.69183 0 -6.049577
v -11.23493 0 -9.506476
v -12.96338 0 -7.778027
v -7.778026 0 -11.23493
v -9.506476 0 -9.506476
v -11.23493 0 -7.778027
v -12.96338 0 -6.049577
v -14.69183 0 -4.321126
v -6.049576 0 -11.23493
v -7.778026 0 -9.506476
v -9.506476 0 -7.778027
v -11.23493 0 -6.049577
v -4.321126 0 -11.23493
v -6.049576 0 -9.506476
v -7.778026 0 -7.778027
v -2.592676 0 -11.23493
v -4.321126 0 -9.506476
v -0.8642255 0 -11.23493
v -12.96338 0 -4.321126
v -9.506476 0 -6.049577
v -6.049576 0 -7.778027
v -2.592676 0 -9.506476
v 0.8642247 0 -11.23493
v -11.23493 0 -4.321126
v -7.778026 0 -6.049577
v -4.321126 0 -7.778027
v -0.8642255 0 -9.506476
v 2.592675 0 -11.23493
v -9.506476 0 -4.321126
v -6.049576 0 -6.049577
v -2.592676 0 -7.778027
v 0.8642247 0 -9.506476
v 4.321125 0 -11.23493
v -7.778026 0 -4.321126
v -4.321126 0 -6.049577
v -0.8642255 0 -7.778027
v 2.592675 0 -9.506476
v -6.049576 0 -4.321126
v -2.592676 0 -6.049577
v 0.8642247 0 -7.778027
v -4.321126 0 -4.321126
v -0.8642255 0 -6.049577
v -2.592676 0 -4.321126
v 4.321125 0 -9.506476
v 2.592675 0 -7.778027
v 0.8642247 0 -6.049577
v -0.8642255 0 -4.321126
v 6.049576 0 -11.23493
v 7.778026 0 -12.96338
v 9.506476 0 -12.96338
v 7.778026 0 -11.23493
v 6.049576 0 -9.506476
v 4.321125 0 -7.778027
v 2.592675 0 -6.049577
v 11.23493 0 -12.96338
v 9.506476 0 -11.23493
v 11.23493 0 -11.23493
v 7.778026 0 -9.506476
v 6.049576 0 -7.778027
v 9.506476 0 -9.506476
v 11.23493 0 -9.506476
v 7.778026 0 -7.778027
v 4.321125 0 -6.049577
v 9.506476 0 -7.778027
v 11.23493 0 -7.778027
v 6.049576 0 -6.049577
v 7.778026 0 -6.049577
v 9.506476 0 -6.049577
v 11.23493 0 -6.049577
v 11.23493 0 -4.321126
v 9.506476 0 -4.321126
v 7.778026 0 -4.321126
v 6.049576 0 -4.321126
v 4.321125 0 -4.321126
v 11.23493 0 -2.592676
v 9.506476 0 -2.592676
v 7.778026 0 -2.592676
v 6.049576 0 -2.592676
v 11.23493 0 -0.8642263
v 9.506476 0 -0.8642263
v 7.778027 0 -0.8642263
v 11.23493 0 0.8642239
v 9.506476 0 0.8642239
v 11.23493 0 2.592674
v 4.321125 0 -2.592676
v 6.049576 0 -0.8642263
v 7.778027 0 0.8642239
v 9.506476 0 2.592674
v 11.23493 0 4.321125
v 4.321126 0 -0.8642263
v 6.049576 0 0.8642239
v 7.778027 0 2.592674
v 9.506476 0 4.321125
v 11.23493 0 6.049574
v 4.321126 0 0.8642239
v 6.049576 0 2.592674
v 7.778027 0 4.321125
v 9.506476 0 6.049574
v 11.23493 0 7.778025
v 4.321126 0 2.592674
v 6.049576 0 4.321125
v 7.778027 0 6.049574
v 9.506476 0 7.778025
v 11.23493 0 9.506476
v 4.321126 0 4.321125
v 6.049576 0 6.049574
v 7.778027 0 7.778025
v 9.506476 0 9.506476
v 11.23493 0 11.23493
v 4.321126 0 6.049574
v 6.049576 0 7.778025
v 7.778027 0 9.506476
v 9.506476 0 11.23493
v 11.23493 0 12.96338
v 4.321126 0 7.778025
v 6.049576 0 9.506476
v 7.778027 0 11.23493
v 9.506476 0 12.96338
v 11.23493 0 14.69183
v 4.321126 0 9.506476
v 6.049576 0 11.23493
v 7.778027 0 12.96338
v 9.506476 0 14.69183
v 11.23493 0 16.42028
v 9.506476 0 16.42028
v 9.506476 0 18.14873
v 7.778027 0 14.69183
v 6.049576 0 12.96338
v 7.778027 0 18.14873
v 7.778027 0 16.42028
v 6.049576 0 14.69183
v 6.049576 0 19.87718
v 6.049576 0 18.14873
v 6.049576 0 16.42028
v 4.321126 0 19.87718
v 4.321126 0 18.14873
v 2.592676 0 19.87718
v 4.321126 0 16.42028
v 0.8642254 0 19.87718
v 2.592676 0 18.14873
v 4.321126 0 14.69183
v -0.8642249 0 19.87718
v 0.8642254 0 18.14873
v 2.592676 0 16.42028
v 4.321126 0 12.96338
v -2.592675 0 19.87718
v -0.8642249 0 18.14873
v 0.8642254 0 16.42028
v 2.592676 0 14.69183
v 4.321126 0 11.23493
v -4.321125 0 19.87718
v -2.592675 0 18.14873
v -0.8642249 0 16.42028
v 2.592676 0 12.96338
v 0.8642254 0 14.69183
v 2.592676 0 11.23493
v -6.049575 0 19.87718
v -4.321125 0 18.14873
v -2.592675 0 16.42028
v 0.8642254 0 12.96338
v -0.8642249 0 14.69183
v 2.592675 0 9.506476
v -7.778025 0 19.87718
v -6.049575 0 18.14873
v -4.321125 0 16.42028
v -2.592675 0 14.69183
v 0.8642252 0 11.23493
v -0.8642249 0 12.96338
v -9.506476 0 19.87718
v -7.778025 0 18.14873
v -6.049575 0 16.42028
v -4.321125 0 14.69183
v -2.592675 0 12.96338
v -0.8642249 0 11.23493
v -11.23493 0 19.87718
v -9.506476 0 18.14873
v -7.778025 0 16.42028
v -6.049575 0 14.69183
v -4.321125 0 12.96338
v 0.8642252 0 9.506476
v -2.592675 0 11.23493
v -0.864225 0 9.506476
v 2.592675 0 7.778025
v 0.8642251 0 7.778025
v 2.592675 0 6.049574
v 2.592675 0 4.321125
v 0.864225 0 6.049574
v -0.8642251 0 7.778025
v -2.592675 0 9.506476
v 2.592675 0 2.592674
v 0.864225 0 4.321125
v -0.8642252 0 6.049574
v 2.592675 0 0.8642239
v 0.8642249 0 2.592674
v 2.592675 0 -0.8642263
v -4.321125 0 11.23493
v -2.592675 0 7.778025
v -0.8642252 0 4.321125
v 0.8642249 0 0.8642239
v 2.592675 0 -2.592676
v -6.049575 0 12.96338
v -2.592675 0 6.049574
v -0.8642252 0 2.592674
v 0.8642247 0 -0.8642263
v 2.592675 0 -4.321126
v 0.8642247 0 -2.592676
v 0.8642247 0 -4.321126
v -0.8642254 0 0.8642239
v -2.592675 0 4.321125
v -0.8642255 0 -2.592676
v -0.8642254 0 -0.8642263
v -2.592675 0 2.592674
v -2.592675 0 -2.592676
v -2.592675 0 0.8642239
v -2.592675 0 -0.8642263
v -4.321126 0 -2.592676
v -4.321126 0 -0.8642263
v -4.321126 0 0.8642239
v -4.321126 0 2.592674
v -4.321126 0 4.321125
v -6.049576 0 -2.592676
v -6.049576 0 -0.8642263
v -6.049576 0 0.8642239
v -6.049576 0 2.592674
v -7.778026 0 -2.592676
v -7.778026 0 -0.8642263
v -7.778026 0 0.8642239
v -9.506476 0 -2.592676
v -9.506476 0 -0.8642263
v -11.23493 0 -2.592676
v -6.049576 0 4.321125
v -7.778026 0 2.592674
v -9.506476 0 0.8642239
v -11.23493 0 -0.8642263
v -12.96338 0 -2.592676
v -7.778026 0 4.321125
v -9.506476 0 2.592674
v -11.23493 0 0.8642239
v -12.96338 0 -0.8642263
v -14.69183 0 -2.592676
v -9.506476 0 4.321125
v -11.23493 0 2.592674
v -12.96338 0 0.8642239
v -14.69183 0 -0.8642263
v -16.42028 0 -2.592676
v -16.42028 0 -0.8642263
v -18.14873 0 -0.8642263
v -14.69183 0 0.8642239
v -12.96338 0 2.592674
v -16.42028 0 0.8642239
v -19.87718 0 0.8642239
v -18.14873 0 0.8642239
v -19.87718 0 2.592674
v -14.69183 0 2.592674
v -18.14873 0 2.592674
v -19.87718 0 4.321125
v -16.42028 0 2.592674
v -19.87718 0 6.049574
v -18.14873 0 4.321125
v -16.42028 0 4.321125
v -14.69183 0 4.321125
v -19.87718 0 7.778025
v -18.14873 0 6.049574
v -19.87718 0 9.506476
v -16.42028 0 6.049574
v -18.14873 0 7.778025
v -12.96338 0 4.321125
v -19.87718 0 11.23493
v -18.14873 0 9.506476
v -14.69183 0 6.049574
v -16.42028 0 7.778025
v -11.23493 0 4.321125
v -19.87718 0 12.96338
v -18.14873 0 11.23493
v -16.42028 0 9.506476
v -12.96338 0 6.049574
v -14.69183 0 7.778025
v -11.23493 0 6.049574
v -19.87718 0 14.69183
v -18.14873 0 12.96338
v -16.42028 0 11.23493
v -14.69183 0 9.506476
v -12.96338 0 7.778025
v -9.506476 0 6.049574
v -19.87718 0 16.42028
v -18.14873 0 14.69183
v -16.42028 0 12.96338
v -14.69183 0 11.23493
v -11.23493 0 7.778025
v -12.96338 0 9.506476
v -7.778026 0 6.049574
v -9.506476 0 7.778025
v -11.23493 0 9.506476
v -12.96338 0 11.23493
v -14.69183 0 12.96338
v -6.049576 0 6.049574
v -7.778025 0 7.778025
v -9.506476 0 9.506476
v -11.23493 0 11.23493
v -4.321125 0 6.049574
v -6.049575 0 7.778025
v -4.321125 0 7.778025
v -7.778025 0 9.506476
v -4.321125 0 9.506476
v -6.049575 0 9.506476
v -6.049575 0 11.23493
v -9.506476 0 11.23493
v -7.778025 0 11.23493
v -7.778025 0 12.96338
v -9.506476 0 12.96338
v -11.23493 0 12.96338
v -7.778025 0 14.69183
v -9.506476 0 14.69183
v -9.506476 0 16.42028
v -11.23493 0 14.69183
v -12.96338 0 12.96338
v -11.23493 0 18.14873
v -11.23493 0 16.42028
v -12.96338 0 14.69183
v -14.69183 0 14.69183
v -12.96338 0 19.87718
v -12.96338 0 18.14873
v -12.96338 0 16.42028
v -14.69183 0 21.60563
v -14.69183 0 16.42028
v -16.42028 0 14.69183
v -14.69183 0 19.87718
v -16.42028 0 21.60563
v -14.69183 0 18.14873
v -16.42028 0 16.42028
v -18.14873 0 16.42028
v -18.14873 0 21.60563
v -16.42028 0 19.87718
v -16.42028 0 18.14873
v -19.87718 0 18.14873
v -18.14873 0 18.14873
v -18.14873 0 19.87718
v -19.87718 0 19.87718
v -19.87718 0 21.60563
vt 0.9818181 0
vt 1 0.01818182
vt 1 0
vt 0.9818181 0.01818182
vt 0.9636363 0
vt 1 0.03636364
vt 0.9636363 0.01818182
vt 0.9454545 0
vt 0.9818181 0.03636364
vt 1 0.05454545
vt 0.9454545 0.01818182
vt 0.9272727 0
vt 0.9636363 0.03636364
vt 0.9818181 0.05454545
vt 1 0.07272728
vt 0.9272727 0.01818182
vt 0.9090909 0
vt 0.9454545 0.03636364
vt 0.9636363 0.05454545
vt 0.9818181 0.07272728
vt 1 0.09090909
vt 0.9090909 0.01818182
vt 0.8909091 0
vt 0.9272727 0.03636364
vt 0.9454545 0.05454545
vt 0.9818182 0.09090909
vt 1 0.1090909
vt 0.9636363 0.07272728
vt 0.8909091 0.01818182
vt 0.8727273 0
vt 0.9090909 0.03636364
vt 0.9818182 0.1090909
vt 1 0.1272727
vt 0.9272727 0.05454545
vt 0.9636364 0.09090909
vt 0.9454545 0.07272728
vt 0.8727273 0.01818182
vt 0.8545455 0
vt 0.9818182 0.1272727
vt 1 0.1454545
vt 0.8909091 0.03636364
vt 0.9090909 0.05454545
vt 0.9272727 0.07272728
vt 0.9636364 0.1090909
vt 0.9454545 0.09090909
vt 0.9818182 0.1454545
vt 1 0.1636364
vt 0.9636364 0.1272727
vt 0.9454545 0.1090909
vt 0.9272727 0.09090909
vt 0.9090909 0.07272728
vt 0.9818182 0.1636364
vt 1 0.1818182
vt 0.9636363 0.1454545
vt 0.9454545 0.1272727
vt 0.9272727 0.1090909
vt 0.9818182 0.1818182
vt 1 0.2
vt 0.9636363 0.1636364
vt 0.9454545 0.1454545
vt 0.9818182 0.2
vt 1 0.2181818
vt 0.9636363 0.1818182
vt 0.9818182 0.2181818
vt 1 0.2363636
vt 0.9090909 0.09090909
vt 0.9272727 0.1272727
vt 0.9454545 0.1636364
vt 0.9636363 0.2
vt 0.9818182 0.2363636
vt 1 0.2545455
vt 0.9090909 0.1090909
vt 0.9272727 0.1454545
vt 0.9454545 0.1818182
vt 0.9636363 0.2181818
vt 0.9818182 0.2545455
vt 1 0.2727273
vt 0.9090908 0.1272727
vt 0.9272727 0.1636364
vt 0.9454545 0.2
vt 0.9636363 0.2363636
vt 0.9818182 0.2727273
vt 1 0.2909091
vt 0.9090908 0.1454545
vt 0.9272727 0.1818182
vt 0.9454545 0.2181818
vt 0.9636363 0.2545455
vt 0.9818182 0.2909091
vt 1 0.3090909
vt 0.9090908 0.1636364
vt 0.9272727 0.2
vt 0.9454545 0.2363636
vt 0.9636363 0.2727273
vt 0.9818182 0.3090909
vt 1 0.3272727
vt 0.9090908 0.1818182
vt 0.9272727 0.2181818
vt 0.9454545 0.2545455
vt 0.9636363 0.2909091
vt 0.9818182 0.3272727
vt 1 0.3454545
vt 0.9090909 0.2
vt 0.9272727 0.2363636
vt 0.9454545 0.2727273
vt 0.9636363 0.3090909
vt 0.9818182 0.3454545
vt 1 0.3636364
vt 0.9090908 0.2181818
vt 0.9272727 0.2545455
vt 0.9454545 0.2909091
vt 0.9636363 0.3272727
vt 0.9818182 0.3636364
vt 1 0.3818182
vt 0.9090908 0.2363636
vt 0.9272727 0.2727273
vt 0.9454545 0.3090909
vt 0.9636363 0.3454545
vt 0.9818182 0.3818182
vt 1 0.4
vt 0.9090908 0.2545455
vt 0.9272727 0.2909091
vt 0.9454545 0.3272727
vt 0.9636363 0.3636364
vt 0.9818182 0.4
vt 1 0.4181818
vt 0.9090908 0.2727273
vt 0.9272727 0.3090909
vt 0.9454545 0.3454545
vt 0.9636363 0.3818182
vt 0.9818182 0.4181818
vt 1 0.4363637
vt 0.9090909 0.2909091
vt 0.9272727 0.3272727
vt 0.9454545 0.3636364
vt 0.9636363 0.4
vt 0.9818182 0.4363637
vt 1 0.4545455
vt 0.9090908 0.3090909
vt 0.9272727 0.3454545
vt 0.9454545 0.3818182
vt 0.9636363 0.4181818
vt 0.9818182 0.4545455
vt 1 0.4727273
vt 0.9090908 0.3272727
vt 0.9272727 0.3636364
vt 0.9454545 0.4
vt 0.9636363 0.4363637
vt 0.9818182 0.4727273
vt 1 0.4909092
vt 0.9090908 0.3454545
vt 0.9272727 0.3818182
vt 0.9454545 0.4181818
vt 0.9636363 0.4545455
vt 0.9818182 0.4909092
vt 1 0.5090909
vt 0.9090908 0.3636364
vt 0.9272727 0.4
vt 0.9454545 0.4363637
vt 0.9636363 0.4727273
vt 0.9818182 0.5090909
vt 1 0.5272727
vt 0.9090909 0.3818182
vt 0.9272727 0.4181818
vt 0.9454545 0.4545455
vt 0.9636363 0.4909092
vt 0.9818182 0.5272727
vt 1 0.5454546
vt 0.9090908 0.4
vt 0.9272727 0.4363637
vt 0.9454545 0.4727273
vt 0.9636363 0.5090909
vt 0.9818182 0.5454546
vt 1 0.5636364
vt 0.9090908 0.4181818
vt 0.9272727 0.4545455
vt 0.9454545 0.4909091
vt 0.9636363 0.5272727
vt 0.9818182 0.5636364
vt 1 0.5818182
vt 0.9090908 0.4363637
vt 0.9272727 0.4727273
vt 0.9454545 0.5090909
vt 0.9636364 0.5454546
vt 0.9818182 0.5818182
vt 1 0.6
vt 0.9090908 0.4545455
vt 0.9272727 0.4909091
vt 0.9454545 0.5272727
vt 0.9636364 0.5636364
vt 0.9818182 0.6
vt 1 0.6181818
vt 0.9090909 0.4727273
vt 0.9272727 0.5090909
vt 0.9454545 0.5454545
vt 0.9636364 0.5818182
vt 0.9818182 0.6181818
vt 1 0.6363637
vt 0.9090909 0.4909092
vt 0.9272727 0.5272727
vt 0.9454545 0.5636364
vt 0.9636364 0.6
vt 0.9818182 0.6363637
vt 1 0.6545455
vt 0.9090909 0.5090909
vt 0.9272727 0.5454545
vt 0.9454545 0.5818182
vt 0.9636364 0.6181818
vt 0.9818182 0.6545455
vt 1 0.6727273
vt 0.9090909 0.5272727
vt 0.9272727 0.5636364
vt 0.9454545 0.6
vt 0.9636364 0.6363637
vt 0.9818182 0.6727273
vt 1 0.6909091
vt 0.9090909 0.5454546
vt 0.9272727 0.5818182
vt 0.9454545 0.6181818
vt 0.9636364 0.6545455
vt 0.9818182 0.6909091
vt 1 0.7090909
vt 0.9090909 0.5636364
vt 0.9272727 0.6
vt 0.9454545 0.6363637
vt 0.9636364 0.6727273
vt 0.9818182 0.7090909
vt 1 0.7272727
vt 0.9090909 0.5818182
vt 0.9272727 0.6181818
vt 0.9454545 0.6545455
vt 0.9636364 0.6909091
vt 0.9818182 0.7272727
vt 1 0.7454546
vt 0.9090909 0.6
vt 0.9272727 0.6363637
vt 0.9454545 0.6727273
vt 0.9636364 0.7090909
vt 0.9818182 0.7454546
vt 1 0.7636364
vt 0.9090909 0.6181818
vt 0.9272727 0.6545455
vt 0.9454545 0.6909091
vt 0.9636364 0.7272727
vt 0.9818182 0.7636365
vt 1 0.7818182
vt 0.9090909 0.6363637
vt 0.9272727 0.6727273
vt 0.9454545 0.7090909
vt 0.9636364 0.7454546
vt 0.9818182 0.7818183
vt 1 0.8
vt 0.9090909 0.6545455
vt 0.9272727 0.6909091
vt 0.9454545 0.7272727
vt 0.9636364 0.7636364
vt 0.9818182 0.8000001
vt 1 0.8181818
vt 0.9090909 0.6727273
vt 0.9272727 0.7090909
vt 0.9454545 0.7454545
vt 0.9636364 0.7818182
vt 0.9818182 0.8181819
vt 1 0.8363637
vt 0.9090909 0.6909091
vt 0.9272727 0.7272727
vt 0.9454545 0.7636364
vt 0.9636364 0.8
vt 0.9818182 0.8363637
vt 1 0.8545455
vt 0.9090909 0.7090909
vt 0.9272727 0.7454545
vt 0.9454545 0.7818181
vt 0.9636364 0.8181818
vt 0.9818182 0.8545455
vt 1 0.8727273
vt 0.9090909 0.7272727
vt 0.9272727 0.7636364
vt 0.9454545 0.8
vt 0.9636364 0.8363637
vt 0.9818182 0.8727273
vt 1 0.8909091
vt 0.9090909 0.7454546
vt 0.9272727 0.7818181
vt 0.9454545 0.8181818
vt 0.9636364 0.8545455
vt 0.9818182 0.8909091
vt 1 0.9090909
vt 0.9090909 0.7636364
vt 0.9272727 0.8
vt 0.9454545 0.8363636
vt 0.9636364 0.8727273
vt 0.9818182 0.9090909
vt 1 0.9272727
vt 0.9090909 0.7818182
vt 0.9272727 0.8181818
vt 0.9454545 0.8545455
vt 0.9636364 0.8909091
vt 0.9818182 0.9272727
vt 1 0.9454545
vt 0.9090909 0.8
vt 0.9272727 0.8363636
vt 0.9454545 0.8727273
vt 0.9636364 0.9090909
vt 0.9818182 0.9454545
vt 1 0.9636363
vt 0.9090909 0.8181818
vt 0.9272727 0.8545455
vt 0.9454545 0.8909091
vt 0.9636364 0.9272727
vt 0.9818182 0.9636363
vt 1 0.9818181
vt 0.9090909 0.8363637
vt 0.9272727 0.8727273
vt 0.9454545 0.9090909
vt 0.9636364 0.9454545
vt 0.9818182 0.9818181
vt 1 1
vt 0.9818182 1
vt 0.9636364 0.9636363
vt 0.9636364 0.9818181
vt 0.9636364 1
vt 0.9454545 0.9272727
vt 0.9272727 0.8909091
vt 0.9454545 0.9454545
vt 0.9454545 0.9818181
vt 0.9454545 1
vt 0.9454545 0.9636363
vt 0.9272727 0.9090909
vt 0.9272727 0.9818181
vt 0.9272727 1
vt 0.9272727 0.9272727
vt 0.9272727 0.9454545
vt 0.9272727 0.9636363
vt 0.9090909 0.9818181
vt 0.9090909 1
vt 0.9090909 0.9636363
vt 0.9090909 0.9454545
vt 0.9090909 0.9272727
vt 0.9090909 0.9090909
vt 0.8909091 0.9818181
vt 0.8909091 1
vt 0.8909091 0.9636363
vt 0.8909091 0.9454545
vt 0.8909091 0.9272727
vt 0.8727272 0.9818181
vt 0.8727272 1
vt 0.8727272 0.9636363
vt 0.8727272 0.9454545
vt 0.8545454 0.9818181
vt 0.8545454 1
vt 0.8545453 0.9636363
vt 0.8363636 0.9818181
vt 0.8363636 1
vt 0.8909091 0.9090909
vt 0.8727273 0.9272727
vt 0.8545454 0.9454545
vt 0.8363635 0.9636363
vt 0.8181818 0.9818181
vt 0.8181818 1
vt 0.8727272 0.9090909
vt 0.8545454 0.9272727
vt 0.8363636 0.9454545
vt 0.8181817 0.9636363
vt 0.8 0.9818181
vt 0.8 1
vt 0.8545454 0.9090909
vt 0.8363636 0.9272727
vt 0.8181818 0.9454545
vt 0.7999999 0.9636363
vt 0.7818182 0.9818181
vt 0.7818182 1
vt 0.8363636 0.9090909
vt 0.8181818 0.9272727
vt 0.8 0.9454545
vt 0.7818181 0.9636363
vt 0.7636363 0.9818181
vt 0.7636363 1
vt 0.8181818 0.9090909
vt 0.8 0.9272727
vt 0.7818182 0.9454545
vt 0.7636363 0.9636363
vt 0.7454545 0.9818181
vt 0.7454545 1
vt 0.8 0.9090909
vt 0.7818182 0.9272727
vt 0.7636363 0.9454545
vt 0.7454545 0.9636363
vt 0.7272727 0.9818181
vt 0.7272727 1
vt 0.7818182 0.9090909
vt 0.7636363 0.9272727
vt 0.7454545 0.9454545
vt 0.7272727 0.9636363
vt 0.7090909 0.9818181
vt 0.7090909 1
vt 0.7636363 0.9090909
vt 0.7454545 0.9272727
vt 0.7272727 0.9454545
vt 0.7090909 0.9636363
vt 0.690909 0.9818181
vt 0.690909 1
vt 0.7454545 0.9090909
vt 0.7272727 0.9272727
vt 0.7090909 0.9454545
vt 0.690909 0.9636363
vt 0.6727272 0.9818181
vt 0.6727272 1
vt 0.7272727 0.9090909
vt 0.7090909 0.9272727
vt 0.690909 0.9454545
vt 0.6727272 0.9636363
vt 0.6545454 0.9818181
vt 0.6545454 1
vt 0.7090909 0.9090909
vt 0.690909 0.9272727
vt 0.6727272 0.9454545
vt 0.6545454 0.9636363
vt 0.6363636 0.9818181
vt 0.6363636 1
vt 0.690909 0.9090909
vt 0.6727272 0.9272727
vt 0.6545454 0.9454545
vt 0.6363636 0.9636363
vt 0.6181818 0.9818181
vt 0.6181818 1
vt 0.6727272 0.9090909
vt 0.6545454 0.9272727
vt 0.6363636 0.9454545
vt 0.6181818 0.9636363
vt 0.6 0.9818181
vt 0.6 1
vt 0.6545454 0.9090909
vt 0.6363636 0.9272727
vt 0.6181818 0.9454545
vt 0.6 0.9636363
vt 0.5818182 0.9818181
vt 0.5818182 1
vt 0.6363636 0.9090909
vt 0.6181818 0.9272727
vt 0.6 0.9454545
vt 0.5818182 0.9636363
vt 0.5636364 0.9818181
vt 0.5636364 1
vt 0.6181818 0.9090909
vt 0.6 0.9272727
vt 0.5818182 0.9454545
vt 0.5636363 0.9636363
vt 0.5454545 0.9818181
vt 0.5454546 1
vt 0.6 0.9090909
vt 0.5818182 0.9272727
vt 0.5636363 0.9454545
vt 0.5454545 0.9636363
vt 0.5272727 0.9818181
vt 0.5272728 1
vt 0.5818182 0.9090909
vt 0.5636363 0.9272727
vt 0.5454545 0.9454545
vt 0.5272727 0.9636363
vt 0.5090909 0.9818181
vt 0.509091 1
vt 0.5636363 0.9090909
vt 0.5454545 0.9272727
vt 0.5272727 0.9454545
vt 0.5090909 0.9636363
vt 0.4909091 0.9818181
vt 0.4909091 1
vt 0.5454545 0.9090909
vt 0.5272727 0.9272727
vt 0.5090909 0.9454545
vt 0.490909 0.9636363
vt 0.4727273 0.9818181
vt 0.4727273 1
vt 0.5272727 0.9090909
vt 0.5090909 0.9272727
vt 0.4909091 0.9454545
vt 0.4727272 0.9636363
vt 0.4545454 0.9818181
vt 0.4545455 1
vt 0.5090909 0.9090909
vt 0.4909091 0.9272727
vt 0.4727273 0.9454545
vt 0.4545454 0.9636363
vt 0.4363636 0.9818181
vt 0.4363636 1
vt 0.4909091 0.9090909
vt 0.4727273 0.9272727
vt 0.4545455 0.9454545
vt 0.4363636 0.9636363
vt 0.4181818 0.9818181
vt 0.4181818 1
vt 0.4727273 0.9090909
vt 0.4545455 0.9272727
vt 0.4363636 0.9454545
vt 0.4181818 0.9636363
vt 0.4 0.9818181
vt 0.4 1
vt 0.4545455 0.9090909
vt 0.4363636 0.9272727
vt 0.4181818 0.9454545
vt 0.3999999 0.9636363
vt 0.3818182 0.9818181
vt 0.3818182 1
vt 0.4363636 0.9090909
vt 0.4181818 0.9272727
vt 0.4 0.9454545
vt 0.3818181 0.9636363
vt 0.3636364 0.9818181
vt 0.3636364 1
vt 0.4181818 0.9090909
vt 0.4 0.9272727
vt 0.3818182 0.9454545
vt 0.3636364 0.9636363
vt 0.3454546 0.9818181
vt 0.3454546 1
vt 0.4 0.9090909
vt 0.3818182 0.9272727
vt 0.3636364 0.9454545
vt 0.3454546 0.9636363
vt 0.3272727 0.9818181
vt 0.3272727 1
vt 0.3818182 0.9090909
vt 0.3636364 0.9272727
vt 0.3454546 0.9454545
vt 0.3272727 0.9636363
vt 0.3090909 0.9818181
vt 0.3090909 1
vt 0.3636364 0.9090909
vt 0.3454546 0.9272727
vt 0.3272727 0.9454545
vt 0.3090909 0.9636363
vt 0.2909091 0.9818181
vt 0.2909091 1
vt 0.3454546 0.9090909
vt 0.3272727 0.9272727
vt 0.3090909 0.9454545
vt 0.2909091 0.9636363
vt 0.2727273 0.9818181
vt 0.2727273 1
vt 0.3272727 0.9090909
vt 0.3090909 0.9272727
vt 0.2909091 0.9454545
vt 0.2727273 0.9636363
vt 0.2545455 0.9818181
vt 0.2545455 1
vt 0.3090909 0.9090909
vt 0.2909091 0.9272727
vt 0.2727273 0.9454545
vt 0.2545455 0.9636363
vt 0.2363636 0.9818181
vt 0.2363637 1
vt 0.2909091 0.9090909
vt 0.2727273 0.9272727
vt 0.2545455 0.9454545
vt 0.2363636 0.9636363
vt 0.2181818 0.9818181
vt 0.2181818 1
vt 0.2727273 0.9090909
vt 0.2545455 0.9272727
vt 0.2363636 0.9454545
vt 0.2181818 0.9636363
vt 0.2 0.9818181
vt 0.2 1
vt 0.2545455 0.9090909
vt 0.2363636 0.9272727
vt 0.2181818 0.9454545
vt 0.2 0.9636363
vt 0.1818182 0.9818181
vt 0.1818182 1
vt 0.2363636 0.9090909
vt 0.2181818 0.9272727
vt 0.2 0.9454545
vt 0.1818182 0.9636363
vt 0.1636364 0.9818181
vt 0.1636364 1
vt 0.2181818 0.9090909
vt 0.2 0.9272727
vt 0.1818182 0.9454545
vt 0.1636364 0.9636363
vt 0.1454545 0.9818181
vt 0.1454545 1
vt 0.2 0.9090909
vt 0.1818182 0.9272727
vt 0.1636364 0.9454545
vt 0.1454545 0.9636363
vt 0.1272727 0.9818181
vt 0.1272727 1
vt 0.1818182 0.9090909
vt 0.1636364 0.9272727
vt 0.1454545 0.9454545
vt 0.1272727 0.9636363
vt 0.1090909 0.9818181
vt 0.1090909 1
vt 0.1636364 0.9090909
vt 0.1454545 0.9272727
vt 0.1272727 0.9454545
vt 0.1090909 0.9636363
vt 0.09090909 0.9818181
vt 0.09090909 1
vt 0.1454545 0.9090909
vt 0.1272727 0.9272727
vt 0.1090909 0.9454545
vt 0.09090909 0.9636363
vt 0.07272726 0.9818181
vt 0.07272727 1
vt 0.1272727 0.9090909
vt 0.1090909 0.9272727
vt 0.09090909 0.9454545
vt 0.07272726 0.9636363
vt 0.05454545 0.9818181
vt 0.05454545 1
vt 0.1090909 0.9090909
vt 0.09090909 0.9272727
vt 0.07272727 0.9454545
vt 0.05454545 0.9636363
vt 0.03636363 0.9818181
vt 0.03636364 1
vt 0.09090909 0.9090909
vt 0.07272727 0.9272727
vt 0.05454545 0.9454545
vt 0.03636363 0.9636363
vt 0.01818182 0.9818181
vt 0.01818182 1
vt 0 0.9818182
vt 0 1
vt 0 0.9636364
vt 0.01818182 0.9636363
vt 0 0.9454545
vt 0.01818182 0.9454545
vt 0 0.9272727
vt 0.03636364 0.9454545
vt 0.01818182 0.9272727
vt 0 0.9090909
vt 0.03636364 0.9272727
vt 0.01818182 0.9090909
vt 0 0.8909091
vt 0.05454545 0.9272727
vt 0.01818182 0.8909091
vt 0 0.8727272
vt 0.03636364 0.9090909
vt 0.05454545 0.9090909
vt 0.01818182 0.8727273
vt 0 0.8545454
vt 0.03636363 0.8909091
vt 0.07272727 0.9090909
vt 0.01818182 0.8545455
vt 0 0.8363636
vt 0.05454545 0.8909091
vt 0.03636363 0.8727273
vt 0.07272726 0.8909091
vt 0.01818182 0.8363636
vt 0 0.8181818
vt 0.03636364 0.8545455
vt 0.05454545 0.8727273
vt 0.09090909 0.8909091
vt 0.01818182 0.8181818
vt 0 0.8
vt 0.03636364 0.8363636
vt 0.05454545 0.8545455
vt 0.07272726 0.8727273
vt 0.1090909 0.8909091
vt 0.01818182 0.8
vt 0 0.7818182
vt 0.03636364 0.8181818
vt 0.05454545 0.8363637
vt 0.07272727 0.8545455
vt 0.09090909 0.8727273
vt 0.1272727 0.8909091
vt 0.01818182 0.7818181
vt 0 0.7636363
vt 0.03636363 0.8
vt 0.05454545 0.8181818
vt 0.07272727 0.8363637
vt 0.1090909 0.8727273
vt 0.09090909 0.8545455
vt 0.1454545 0.8909091
vt 0.1272727 0.8727273
vt 0.1090909 0.8545455
vt 0.09090909 0.8363637
vt 0.07272727 0.8181819
vt 0.1636364 0.8909091
vt 0.1454545 0.8727273
vt 0.1272727 0.8545455
vt 0.1090909 0.8363636
vt 0.1818182 0.8909091
vt 0.1636364 0.8727273
vt 0.1454545 0.8545455
vt 0.2 0.8909091
vt 0.1818182 0.8727273
vt 0.2181818 0.8909091
vt 0.09090909 0.8181818
vt 0.1272727 0.8363636
vt 0.1636364 0.8545455
vt 0.2 0.8727273
vt 0.2363636 0.8909091
vt 0.1090909 0.8181818
vt 0.1454545 0.8363637
vt 0.1818182 0.8545455
vt 0.2181818 0.8727273
vt 0.2545455 0.8909091
vt 0.1272727 0.8181818
vt 0.1636364 0.8363637
vt 0.2 0.8545455
vt 0.2363636 0.8727273
vt 0.2727273 0.8909091
vt 0.1454545 0.8181818
vt 0.1818182 0.8363637
vt 0.2181818 0.8545455
vt 0.2545455 0.8727273
vt 0.2909091 0.8909091
vt 0.1636364 0.8181819
vt 0.2 0.8363636
vt 0.2363636 0.8545455
vt 0.2727273 0.8727273
vt 0.3090909 0.8909091
vt 0.1818182 0.8181818
vt 0.2181818 0.8363636
vt 0.2545455 0.8545455
vt 0.2909091 0.8727273
vt 0.3272727 0.8909091
vt 0.2 0.8181818
vt 0.2363636 0.8363637
vt 0.2727273 0.8545455
vt 0.3090909 0.8727273
vt 0.3454546 0.8909091
vt 0.2181818 0.8181818
vt 0.2545455 0.8363637
vt 0.2909091 0.8545455
vt 0.3272727 0.8727273
vt 0.3636364 0.8909091
vt 0.2363636 0.8181818
vt 0.2727273 0.8363637
vt 0.3090909 0.8545455
vt 0.3454546 0.8727273
vt 0.3818182 0.8909091
vt 0.2545455 0.8181819
vt 0.2909091 0.8363636
vt 0.3272727 0.8545455
vt 0.3636364 0.8727273
vt 0.4 0.8909091
vt 0.2727273 0.8181818
vt 0.3090909 0.8363636
vt 0.3454546 0.8545455
vt 0.3818181 0.8727273
vt 0.4181818 0.8909091
vt 0.2909091 0.8181818
vt 0.3272727 0.8363637
vt 0.3636364 0.8545455
vt 0.3999999 0.8727273
vt 0.4363636 0.8909091
vt 0.3090909 0.8181818
vt 0.3454546 0.8363637
vt 0.3818182 0.8545455
vt 0.4181818 0.8727273
vt 0.4545454 0.8909091
vt 0.3272727 0.8181818
vt 0.3636364 0.8363637
vt 0.4 0.8545455
vt 0.4363636 0.8727273
vt 0.4727272 0.8909091
vt 0.3454546 0.8181819
vt 0.3818182 0.8363636
vt 0.4181818 0.8545455
vt 0.4545454 0.8727273
vt 0.490909 0.8909091
vt 0.3636364 0.8181818
vt 0.4 0.8363636
vt 0.4363636 0.8545455
vt 0.4727272 0.8727273
vt 0.5090909 0.8909091
vt 0.3818182 0.8181818
vt 0.4181818 0.8363637
vt 0.4545455 0.8545455
vt 0.490909 0.8727273
vt 0.5272727 0.8909091
vt 0.4 0.8181818
vt 0.4363636 0.8363637
vt 0.4727273 0.8545455
vt 0.5090909 0.8727273
vt 0.5454545 0.8909091
vt 0.4181818 0.8181818
vt 0.4545455 0.8363637
vt 0.4909091 0.8545455
vt 0.5272727 0.8727273
vt 0.5636363 0.8909091
vt 0.4363636 0.8181819
vt 0.4727273 0.8363636
vt 0.5090909 0.8545455
vt 0.5454545 0.8727273
vt 0.5818181 0.8909091
vt 0.4545455 0.8181818
vt 0.4909091 0.8363636
vt 0.5272727 0.8545455
vt 0.5636363 0.8727273
vt 0.6 0.8909091
vt 0.4727273 0.8181818
vt 0.5090909 0.8363637
vt 0.5454545 0.8545455
vt 0.5818181 0.8727273
vt 0.6181818 0.8909091
vt 0.4909091 0.8181818
vt 0.5272727 0.8363637
vt 0.5636363 0.8545455
vt 0.6 0.8727273
vt 0.6363636 0.8909091
vt 0.5090909 0.8181818
vt 0.5454545 0.8363637
vt 0.5818182 0.8545455
vt 0.6181818 0.8727273
vt 0.6545454 0.8909091
vt 0.5272727 0.8181819
vt 0.5636363 0.8363636
vt 0.6 0.8545455
vt 0.6363636 0.8727273
vt 0.6727272 0.8909091
vt 0.5454545 0.8181818
vt 0.5818182 0.8363636
vt 0.6181818 0.8545455
vt 0.6545454 0.8727273
vt 0.690909 0.8909091
vt 0.5636363 0.8181818
vt 0.6 0.8363637
vt 0.6363636 0.8545455
vt 0.6727272 0.8727273
vt 0.7090909 0.8909091
vt 0.5818182 0.8181818
vt 0.6181819 0.8363637
vt 0.6545454 0.8545455
vt 0.690909 0.8727273
vt 0.7272727 0.8909091
vt 0.6 0.8181818
vt 0.6363637 0.8363637
vt 0.6727272 0.8545455
vt 0.7090909 0.8727273
vt 0.7454545 0.8909091
vt 0.6181819 0.8181819
vt 0.6545455 0.8363636
vt 0.690909 0.8545455
vt 0.7272727 0.8727273
vt 0.7636363 0.8909091
vt 0.6363637 0.8181818
vt 0.6727273 0.8363636
vt 0.7090909 0.8545455
vt 0.7454545 0.8727273
vt 0.7818182 0.8909091
vt 0.6545455 0.8181818
vt 0.6909091 0.8363637
vt 0.7272727 0.8545455
vt 0.7636363 0.8727273
vt 0.8 0.8909091
vt 0.6727273 0.8181818
vt 0.7090909 0.8363637
vt 0.7454545 0.8545455
vt 0.7818181 0.8727273
vt 0.8181818 0.8909091
vt 0.6909091 0.8181818
vt 0.7272727 0.8363637
vt 0.7636363 0.8545455
vt 0.7999999 0.8727273
vt 0.8363636 0.8909091
vt 0.7090909 0.8181819
vt 0.7454545 0.8363636
vt 0.7818182 0.8545455
vt 0.8181817 0.8727273
vt 0.8545454 0.8909091
vt 0.7272727 0.8181818
vt 0.7636363 0.8363636
vt 0.8 0.8545455
vt 0.8363635 0.8727273
vt 0.8727272 0.8909091
vt 0.7454545 0.8181818
vt 0.7818182 0.8363637
vt 0.8181818 0.8545455
vt 0.8545453 0.8727273
vt 0.8909091 0.8909091
vt 0.7636363 0.8181818
vt 0.8 0.8363637
vt 0.8363636 0.8545455
vt 0.8727272 0.8727273
vt 0.9090909 0.8909091
vt 0.8909091 0.8727273
vt 0.9090909 0.8727273
vt 0.8545454 0.8545455
vt 0.8181818 0.8363637
vt 0.8727272 0.8545455
vt 0.9090909 0.8545455
vt 0.8909091 0.8545455
vt 0.8363636 0.8363636
vt 0.8909091 0.8363637
vt 0.8545454 0.8363636
vt 0.8727273 0.8363637
vt 0.890909 0.8181819
vt 0.8727272 0.8181818
vt 0.8545454 0.8181818
vt 0.8363636 0.8181818
vt 0.8181817 0.8181818
vt 0.890909 0.8000001
vt 0.8727272 0.8
vt 0.8545454 0.8
vt 0.8363636 0.8
vt 0.890909 0.7818183
vt 0.8727272 0.7818182
vt 0.8545453 0.7818181
vt 0.890909 0.7636365
vt 0.8727272 0.7636364
vt 0.8909091 0.7454546
vt 0.8181817 0.8
vt 0.8363635 0.7818181
vt 0.8545454 0.7636364
vt 0.8727273 0.7454546
vt 0.8909091 0.7272727
vt 0.8181817 0.7818182
vt 0.8363636 0.7636364
vt 0.8545454 0.7454545
vt 0.8727272 0.7272727
vt 0.8909091 0.7090909
vt 0.8181818 0.7636364
vt 0.8363636 0.7454545
vt 0.8545454 0.7272727
vt 0.8727272 0.7090909
vt 0.8909091 0.6909091
vt 0.8181818 0.7454546
vt 0.8363636 0.7272727
vt 0.8545454 0.7090909
vt 0.8727272 0.6909091
vt 0.8909091 0.6727273
vt 0.8181818 0.7272727
vt 0.8363636 0.7090909
vt 0.8545453 0.6909091
vt 0.8727272 0.6727273
vt 0.8909091 0.6545455
vt 0.8181818 0.7090909
vt 0.8363635 0.6909091
vt 0.8545454 0.6727273
vt 0.8727273 0.6545455
vt 0.8909091 0.6363637
vt 0.8181817 0.6909091
vt 0.8363636 0.6727273
vt 0.8545454 0.6545455
vt 0.8727272 0.6363637
vt 0.8909091 0.6181818
vt 0.8181818 0.6727273
vt 0.8363636 0.6545455
vt 0.8545454 0.6363637
vt 0.8727272 0.6181818
vt 0.8909091 0.6
vt 0.8181818 0.6545455
vt 0.8363636 0.6363637
vt 0.8545454 0.6181818
vt 0.8727272 0.6
vt 0.8909091 0.5818182
vt 0.8181818 0.6363637
vt 0.8363636 0.6181818
vt 0.8545453 0.6
vt 0.8727272 0.5818182
vt 0.8909091 0.5636364
vt 0.8181818 0.6181818
vt 0.8363635 0.6
vt 0.8545454 0.5818182
vt 0.8727273 0.5636364
vt 0.8909091 0.5454546
vt 0.8181817 0.6
vt 0.8363636 0.5818182
vt 0.8545454 0.5636364
vt 0.8727272 0.5454546
vt 0.8909091 0.5272727
vt 0.8181818 0.5818182
vt 0.8363636 0.5636364
vt 0.8545454 0.5454545
vt 0.8727272 0.5272727
vt 0.8909091 0.5090909
vt 0.8181818 0.5636364
vt 0.8363636 0.5454545
vt 0.8545454 0.5272727
vt 0.8727272 0.5090909
vt 0.8909091 0.4909092
vt 0.8181818 0.5454546
vt 0.8363636 0.5272727
vt 0.8545453 0.5090909
vt 0.8727272 0.4909092
vt 0.8909091 0.4727273
vt 0.8181818 0.5272727
vt 0.8363635 0.5090909
vt 0.8545454 0.4909091
vt 0.8727273 0.4727273
vt 0.8909091 0.4545455
vt 0.8181817 0.5090909
vt 0.8363636 0.4909091
vt 0.8545454 0.4727273
vt 0.8727272 0.4545455
vt 0.8909091 0.4363637
vt 0.8181818 0.4909092
vt 0.8363636 0.4727273
vt 0.8545454 0.4545455
vt 0.8727272 0.4363637
vt 0.8909091 0.4181818
vt 0.8181818 0.4727273
vt 0.8363636 0.4545455
vt 0.8545454 0.4363637
vt 0.8727272 0.4181818
vt 0.8909091 0.4
vt 0.8181818 0.4545455
vt 0.8363636 0.4363637
vt 0.8545453 0.4181818
vt 0.8727272 0.4
vt 0.8909091 0.3818182
vt 0.8181818 0.4363637
vt 0.8363635 0.4181818
vt 0.8545454 0.4
vt 0.8727273 0.3818182
vt 0.8909091 0.3636364
vt 0.8181817 0.4181818
vt 0.8363636 0.4
vt 0.8545454 0.3818182
vt 0.8727272 0.3636364
vt 0.8909091 0.3454545
vt 0.8181818 0.4
vt 0.8363636 0.3818182
vt 0.8545454 0.3636364
vt 0.8727272 0.3454545
vt 0.8909091 0.3272727
vt 0.8181818 0.3818182
vt 0.8363636 0.3636364
vt 0.8545454 0.3454545
vt 0.8727272 0.3272727
vt 0.8909091 0.3090909
vt 0.8181818 0.3636364
vt 0.8363636 0.3454545
vt 0.8545453 0.3272727
vt 0.8727272 0.3090909
vt 0.8909091 0.2909091
vt 0.8181818 0.3454545
vt 0.8363635 0.3272727
vt 0.8545454 0.3090909
vt 0.8727273 0.2909091
vt 0.890909 0.2727273
vt 0.8181817 0.3272727
vt 0.8363636 0.3090909
vt 0.8545454 0.2909091
vt 0.8727272 0.2727273
vt 0.890909 0.2545455
vt 0.8181818 0.3090909
vt 0.8363636 0.2909091
vt 0.8545454 0.2727273
vt 0.8727272 0.2545455
vt 0.890909 0.2363636
vt 0.8181818 0.2909091
vt 0.8363636 0.2727273
vt 0.8545454 0.2545455
vt 0.8727272 0.2363636
vt 0.890909 0.2181818
vt 0.8181817 0.2727273
vt 0.8363636 0.2545455
vt 0.8545453 0.2363636
vt 0.8727272 0.2181818
vt 0.8909091 0.2
vt 0.8181817 0.2545455
vt 0.8363635 0.2363636
vt 0.8545454 0.2181818
vt 0.8727273 0.2
vt 0.890909 0.1818182
vt 0.8181817 0.2363636
vt 0.8363636 0.2181818
vt 0.8545454 0.2
vt 0.8727272 0.1818182
vt 0.890909 0.1636364
vt 0.8181817 0.2181818
vt 0.8363636 0.2
vt 0.8545454 0.1818182
vt 0.8727272 0.1636364
vt 0.890909 0.1454545
vt 0.8181817 0.2
vt 0.8363636 0.1818182
vt 0.8545454 0.1636364
vt 0.8727272 0.1454545
vt 0.890909 0.1272727
vt 0.8181817 0.1818182
vt 0.8363636 0.1636364
vt 0.8545453 0.1454545
vt 0.8727272 0.1272727
vt 0.8909091 0.1090909
vt 0.8181817 0.1636364
vt 0.8363635 0.1454545
vt 0.8545454 0.1272727
vt 0.8727273 0.1090909
vt 0.8909091 0.09090909
vt 0.8181817 0.1454545
vt 0.8363636 0.1272727
vt 0.8545454 0.1090909
vt 0.8727272 0.09090909
vt 0.8909091 0.07272728
vt 0.8181818 0.1272727
vt 0.8363636 0.1090909
vt 0.8545454 0.09090909
vt 0.8727272 0.07272728
vt 0.8909091 0.05454545
vt 0.8727272 0.05454545
vt 0.8727272 0.03636364
vt 0.8545454 0.07272728
vt 0.8363636 0.09090909
vt 0.8545454 0.05454545
vt 0.8545455 0.01818182
vt 0.8363637 0
vt 0.8545454 0.03636364
vt 0.8363637 0.01818182
vt 0.8181818 0
vt 0.8363636 0.07272728
vt 0.8363636 0.03636364
vt 0.8181819 0.01818182
vt 0.8 0
vt 0.8363636 0.05454545
vt 0.8 0.01818182
vt 0.7818182 0
vt 0.8181818 0.03636364
vt 0.8181818 0.05454545
vt 0.8181818 0.07272728
vt 0.7818182 0.01818182
vt 0.7636364 0
vt 0.8 0.03636364
vt 0.7636364 0.01818182
vt 0.7454546 0
vt 0.7999999 0.05454545
vt 0.7818182 0.03636364
vt 0.8181818 0.09090909
vt 0.7454546 0.01818182
vt 0.7272727 0
vt 0.7636364 0.03636364
vt 0.7818181 0.05454545
vt 0.8 0.07272728
vt 0.8181818 0.1090909
vt 0.7272727 0.01818182
vt 0.7090909 0
vt 0.7454546 0.03636364
vt 0.7636364 0.05454545
vt 0.8 0.09090909
vt 0.7818182 0.07272728
vt 0.8 0.1090909
vt 0.7090909 0.01818182
vt 0.6909091 0
vt 0.7272727 0.03636364
vt 0.7454545 0.05454545
vt 0.7818182 0.09090909
vt 0.7636364 0.07272728
vt 0.8 0.1272727
vt 0.6909091 0.01818182
vt 0.6727273 0
vt 0.7090909 0.03636364
vt 0.7272727 0.05454545
vt 0.7454545 0.07272728
vt 0.7818182 0.1090909
vt 0.7636363 0.09090909
vt 0.6727273 0.01818182
vt 0.6545455 0
vt 0.6909091 0.03636364
vt 0.7090909 0.05454545
vt 0.7272727 0.07272728
vt 0.7454545 0.09090909
vt 0.7636363 0.1090909
vt 0.6545455 0.01818182
vt 0.6363637 0
vt 0.6727273 0.03636364
vt 0.6909091 0.05454545
vt 0.7090909 0.07272728
vt 0.7272727 0.09090909
vt 0.6363637 0.01818182
vt 0.6181818 0
vt 0.6545455 0.03636364
vt 0.6727273 0.05454545
vt 0.6909091 0.07272728
vt 0.6181818 0.01818182
vt 0.6 0
vt 0.6363637 0.03636364
vt 0.6545455 0.05454545
vt 0.6 0.01818182
vt 0.5818182 0
vt 0.6181818 0.03636364
vt 0.5818182 0.01818182
vt 0.5636364 0
vt 0.7090909 0.09090909
vt 0.6727273 0.07272728
vt 0.6363637 0.05454545
vt 0.6 0.03636364
vt 0.5636364 0.01818182
vt 0.5454546 0
vt 0.6909091 0.09090909
vt 0.6545455 0.07272728
vt 0.6181818 0.05454545
vt 0.5818182 0.03636364
vt 0.5454546 0.01818182
vt 0.5272727 0
vt 0.6727273 0.09090909
vt 0.6363637 0.07272728
vt 0.6 0.05454545
vt 0.5636364 0.03636364
vt 0.5272727 0.01818182
vt 0.5090909 0
vt 0.6545455 0.09090909
vt 0.6181818 0.07272728
vt 0.5818182 0.05454545
vt 0.5454546 0.03636364
vt 0.5090909 0.01818182
vt 0.4909092 0
vt 0.6363637 0.09090909
vt 0.6 0.07272728
vt 0.5636364 0.05454545
vt 0.5272727 0.03636364
vt 0.4909092 0.01818182
vt 0.4727273 0
vt 0.6181819 0.09090909
vt 0.5818182 0.07272728
vt 0.5454545 0.05454545
vt 0.5090909 0.03636364
vt 0.4727273 0.01818182
vt 0.4545455 0
vt 0.6 0.09090909
vt 0.5636364 0.07272728
vt 0.5272727 0.05454545
vt 0.4909092 0.03636364
vt 0.4545455 0.01818182
vt 0.4363637 0
vt 0.5818182 0.09090909
vt 0.5454545 0.07272728
vt 0.5090909 0.05454545
vt 0.4727273 0.03636364
vt 0.4363637 0.01818182
vt 0.4181818 0
vt 0.5636364 0.09090909
vt 0.5272727 0.07272728
vt 0.4909091 0.05454545
vt 0.4545455 0.03636364
vt 0.4181818 0.01818182
vt 0.4 0
vt 0.5454546 0.09090909
vt 0.5090909 0.07272728
vt 0.4727273 0.05454545
vt 0.4363637 0.03636364
vt 0.4 0.01818182
vt 0.3818182 0
vt 0.5272728 0.09090909
vt 0.4909091 0.07272728
vt 0.4545455 0.05454545
vt 0.4181818 0.03636364
vt 0.3818182 0.01818182
vt 0.3636364 0
vt 0.509091 0.09090909
vt 0.4727273 0.07272728
vt 0.4363636 0.05454545
vt 0.4 0.03636364
vt 0.3636364 0.01818182
vt 0.3454545 0
vt 0.4909091 0.09090909
vt 0.4545455 0.07272728
vt 0.4181818 0.05454545
vt 0.3818182 0.03636364
vt 0.3454546 0.01818182
vt 0.3272727 0
vt 0.4727273 0.09090909
vt 0.4363637 0.07272728
vt 0.4 0.05454545
vt 0.3636364 0.03636364
vt 0.3272727 0.01818182
vt 0.3090909 0
vt 0.4545455 0.09090909
vt 0.4181818 0.07272728
vt 0.3818182 0.05454545
vt 0.3454546 0.03636364
vt 0.3090909 0.01818182
vt 0.2909091 0
vt 0.4363637 0.09090909
vt 0.4 0.07272728
vt 0.3636364 0.05454545
vt 0.3272727 0.03636364
vt 0.2909091 0.01818182
vt 0.2727273 0
vt 0.4181819 0.09090909
vt 0.3818182 0.07272728
vt 0.3454546 0.05454545
vt 0.3090909 0.03636364
vt 0.2727273 0.01818182
vt 0.2545455 0
vt 0.4 0.09090909
vt 0.3636364 0.07272728
vt 0.3272727 0.05454545
vt 0.2909091 0.03636364
vt 0.2545455 0.01818182
vt 0.2363636 0
vt 0.3818182 0.09090909
vt 0.3454546 0.07272728
vt 0.3090909 0.05454545
vt 0.2727273 0.03636364
vt 0.2363636 0.01818182
vt 0.2181818 0
vt 0.3636364 0.09090909
vt 0.3272727 0.07272728
vt 0.2909091 0.05454545
vt 0.2545455 0.03636364
vt 0.2181818 0.01818182
vt 0.2 0
vt 0.3454546 0.09090909
vt 0.3090909 0.07272728
vt 0.2727273 0.05454545
vt 0.2363636 0.03636364
vt 0.2 0.01818182
vt 0.1818182 0
vt 0.3272727 0.09090909
vt 0.2909091 0.07272728
vt 0.2545455 0.05454545
vt 0.2181818 0.03636364
vt 0.1818182 0.01818182
vt 0.1636364 0
vt 0.3090909 0.09090909
vt 0.2727273 0.07272728
vt 0.2363636 0.05454545
vt 0.2 0.03636364
vt 0.1636364 0.01818182
vt 0.1454545 0
vt 0.2909091 0.09090909
vt 0.2545455 0.07272728
vt 0.2181818 0.05454545
vt 0.1818182 0.03636364
vt 0.1454545 0.01818182
vt 0.1272727 0
vt 0.2727273 0.09090909
vt 0.2363636 0.07272728
vt 0.2 0.05454545
vt 0.1636364 0.03636364
vt 0.1272727 0.01818182
vt 0.1090909 0
vt 0.2545455 0.09090909
vt 0.2181818 0.07272728
vt 0.1818182 0.05454545
vt 0.1454545 0.03636364
vt 0.1090909 0.01818182
vt 0.09090909 0
vt 0.2363637 0.09090909
vt 0.2 0.07272728
vt 0.1636364 0.05454545
vt 0.1272727 0.03636364
vt 0.09090909 0.01818182
vt 0.07272728 0
vt 0.2181818 0.09090909
vt 0.1818182 0.07272728
vt 0.1454545 0.05454545
vt 0.1090909 0.03636364
vt 0.07272728 0.01818182
vt 0.05454545 0
vt 0.2 0.09090909
vt 0.1636364 0.07272728
vt 0.1272727 0.05454545
vt 0.09090909 0.03636364
vt 0.05454545 0.01818182
vt 0.03636364 0
vt 0.1818182 0.09090909
vt 0.1454545 0.07272728
vt 0.1090909 0.05454545
vt 0.07272728 0.03636364
vt 0.03636364 0.01818182
vt 0.01818182 0
vt 0.1636364 0.09090909
vt 0.1272727 0.07272728
vt 0.09090909 0.05454545
vt 0.05454545 0.03636364
vt 0.01818182 0.01818182
vt 0 0
vt 0 0.01818182
vt 0.03636364 0.03636364
vt 0.01818182 0.03636364
vt 0 0.03636364
vt 0.07272728 0.05454545
vt 0.1090909 0.07272728
vt 0.05454545 0.05454545
vt 0.01818182 0.05454545
vt 0 0.05454545
vt 0.03636364 0.05454545
vt 0.09090909 0.07272728
vt 0.01818182 0.07272727
vt 0 0.07272727
vt 0.07272728 0.07272728
vt 0.03636364 0.07272727
vt 0.05454545 0.07272728
vt 0.01818182 0.09090909
vt 0 0.09090909
vt 0.03636364 0.09090909
vt 0.05454545 0.09090909
vt 0.07272727 0.09090909
vt 0.09090909 0.09090909
vt 0.01818182 0.1090909
vt 0 0.1090909
vt 0.03636364 0.1090909
vt 0.05454545 0.1090909
vt 0.07272727 0.1090909
vt 0.01818182 0.1272727
vt 0 0.1272727
vt 0.03636364 0.1272727
vt 0.05454545 0.1272727
vt 0.01818182 0.1454545
vt 0 0.1454545
vt 0.03636363 0.1454545
vt 0.01818182 0.1636364
vt 0 0.1636364
vt 0.09090909 0.1090909
vt 0.07272727 0.1272727
vt 0.05454545 0.1454545
vt 0.03636363 0.1636364
vt 0.01818182 0.1818182
vt 0 0.1818182
vt 0.09090909 0.1272727
vt 0.07272726 0.1454545
vt 0.05454545 0.1636364
vt 0.03636364 0.1818182
vt 0.01818182 0.2
vt 0 0.2
vt 0.09090909 0.1454545
vt 0.07272726 0.1636364
vt 0.05454545 0.1818182
vt 0.03636364 0.2
vt 0.01818182 0.2181818
vt 0 0.2181818
vt 0.09090909 0.1636364
vt 0.07272727 0.1818182
vt 0.05454545 0.2
vt 0.03636364 0.2181818
vt 0.01818182 0.2363636
vt 0 0.2363637
vt 0.09090909 0.1818182
vt 0.07272728 0.2
vt 0.05454545 0.2181818
vt 0.03636363 0.2363636
vt 0.01818182 0.2545455
vt 0 0.2545455
vt 0.09090909 0.2
vt 0.07272728 0.2181818
vt 0.05454545 0.2363636
vt 0.03636363 0.2545455
vt 0.01818182 0.2727273
vt 0 0.2727273
vt 0.09090909 0.2181818
vt 0.07272728 0.2363636
vt 0.05454545 0.2545455
vt 0.03636364 0.2727273
vt 0.01818182 0.2909091
vt 0 0.2909091
vt 0.09090909 0.2363636
vt 0.07272728 0.2545455
vt 0.05454546 0.2727273
vt 0.03636364 0.2909091
vt 0.01818182 0.3090909
vt 0 0.3090909
vt 0.09090909 0.2545455
vt 0.07272728 0.2727273
vt 0.05454546 0.2909091
vt 0.03636364 0.3090909
vt 0.01818182 0.3272727
vt 0 0.3272727
vt 0.09090909 0.2727273
vt 0.07272728 0.2909091
vt 0.05454545 0.3090909
vt 0.03636363 0.3272727
vt 0.01818182 0.3454545
vt 0 0.3454546
vt 0.09090909 0.2909091
vt 0.07272728 0.3090909
vt 0.05454545 0.3272727
vt 0.03636363 0.3454545
vt 0.01818182 0.3636364
vt 0 0.3636364
vt 0.09090909 0.3090909
vt 0.07272728 0.3272727
vt 0.05454545 0.3454545
vt 0.03636364 0.3636364
vt 0.01818182 0.3818182
vt 0 0.3818182
vt 0.09090909 0.3272727
vt 0.07272728 0.3454545
vt 0.05454545 0.3636364
vt 0.03636364 0.3818182
vt 0.01818182 0.4
vt 0 0.4
vt 0.09090909 0.3454545
vt 0.07272727 0.3636364
vt 0.05454545 0.3818182
vt 0.03636364 0.4
vt 0.01818182 0.4181818
vt 0 0.4181818
vt 0.09090909 0.3636364
vt 0.07272727 0.3818182
vt 0.05454545 0.4
vt 0.03636363 0.4181818
vt 0.01818182 0.4363636
vt 0 0.4363636
vt 0.09090909 0.3818182
vt 0.07272727 0.4
vt 0.05454545 0.4181818
vt 0.03636363 0.4363636
vt 0.01818182 0.4545455
vt 0 0.4545455
vt 0.09090909 0.4
vt 0.07272726 0.4181818
vt 0.05454545 0.4363637
vt 0.03636364 0.4545455
vt 0.01818182 0.4727273
vt 0 0.4727273
vt 0.09090909 0.4181818
vt 0.07272726 0.4363637
vt 0.05454545 0.4545455
vt 0.03636364 0.4727273
vt 0.01818182 0.4909091
vt 0 0.4909091
vt 0.09090909 0.4363637
vt 0.07272727 0.4545455
vt 0.05454545 0.4727273
vt 0.03636364 0.4909091
vt 0.01818182 0.5090908
vt 0 0.509091
vt 0.09090909 0.4545455
vt 0.07272727 0.4727273
vt 0.05454545 0.4909092
vt 0.03636363 0.5090908
vt 0.01818182 0.5272727
vt 0 0.5272728
vt 0.09090909 0.4727273
vt 0.07272727 0.4909092
vt 0.05454545 0.5090909
vt 0.03636363 0.5272727
vt 0.01818182 0.5454545
vt 0 0.5454546
vt 0.09090909 0.4909092
vt 0.07272726 0.5090909
vt 0.05454545 0.5272727
vt 0.03636364 0.5454545
vt 0.01818182 0.5636363
vt 0 0.5636364
vt 0.09090909 0.5090909
vt 0.07272726 0.5272727
vt 0.05454545 0.5454546
vt 0.03636364 0.5636363
vt 0.01818182 0.5818181
vt 0 0.5818182
vt 0.09090909 0.5272727
vt 0.07272727 0.5454546
vt 0.05454545 0.5636364
vt 0.03636364 0.5818181
vt 0.01818182 0.5999999
vt 0 0.6
vt 0.09090909 0.5454546
vt 0.07272727 0.5636364
vt 0.05454545 0.5818182
vt 0.03636363 0.5999999
vt 0.01818182 0.6181818
vt 0 0.6181818
vt 0.09090909 0.5636364
vt 0.07272727 0.5818182
vt 0.05454545 0.6
vt 0.03636363 0.6181818
vt 0.01818182 0.6363636
vt 0 0.6363636
vt 0.09090909 0.5818182
vt 0.07272726 0.6
vt 0.05454545 0.6181818
vt 0.03636364 0.6363636
vt 0.01818182 0.6545454
vt 0 0.6545454
vt 0.09090909 0.6
vt 0.07272726 0.6181818
vt 0.05454545 0.6363636
vt 0.03636364 0.6545454
vt 0.01818182 0.6727272
vt 0 0.6727272
vt 0.09090909 0.6181818
vt 0.07272727 0.6363637
vt 0.05454545 0.6545454
vt 0.03636364 0.6727272
vt 0.01818182 0.690909
vt 0 0.690909
vt 0.09090909 0.6363637
vt 0.07272727 0.6545455
vt 0.05454545 0.6727272
vt 0.03636363 0.690909
vt 0.01818182 0.7090908
vt 0 0.7090909
vt 0.09090909 0.6545455
vt 0.07272727 0.6727273
vt 0.05454545 0.690909
vt 0.03636363 0.7090908
vt 0.01818182 0.7272727
vt 0 0.7272727
vt 0.09090909 0.6727273
vt 0.07272726 0.6909091
vt 0.05454545 0.7090909
vt 0.03636364 0.7272727
vt 0.01818182 0.7454545
vt 0 0.7454545
vt 0.09090909 0.6909091
vt 0.07272726 0.7090909
vt 0.05454545 0.7272727
vt 0.03636364 0.7454545
vt 0.01818182 0.7636364
vt 0.03636364 0.7636364
vt 0.03636363 0.7818181
vt 0.05454545 0.7454546
vt 0.07272727 0.7272727
vt 0.05454545 0.7636364
vt 0.05454545 0.8
vt 0.05454545 0.7818182
vt 0.07272726 0.8000001
vt 0.07272727 0.7454546
vt 0.07272727 0.7636365
vt 0.07272726 0.7818183
vt 0.09090909 0.8
vt 0.09090909 0.7818182
vt 0.1090909 0.8
vt 0.09090909 0.7636364
vt 0.09090909 0.7454546
vt 0.1272727 0.8
vt 0.1090909 0.7818181
vt 0.1454545 0.8
vt 0.1090909 0.7636364
vt 0.1272727 0.7818181
vt 0.09090909 0.7272727
vt 0.1636364 0.8000001
vt 0.1090909 0.7454545
vt 0.1272727 0.7636364
vt 0.1454545 0.7818182
vt 0.09090909 0.7090909
vt 0.1818182 0.8
vt 0.1090909 0.7272727
vt 0.1272727 0.7454545
vt 0.1454545 0.7636364
vt 0.1636364 0.7818183
vt 0.1090909 0.7090909
vt 0.2 0.8
vt 0.1272727 0.7272727
vt 0.1454545 0.7454546
vt 0.1636364 0.7636365
vt 0.1818182 0.7818182
vt 0.1090909 0.6909091
vt 0.2181818 0.8
vt 0.1272727 0.7090909
vt 0.1454545 0.7272727
vt 0.1636364 0.7454546
vt 0.2 0.7818181
vt 0.1818182 0.7636364
vt 0.2363636 0.8
vt 0.2181818 0.7818181
vt 0.2 0.7636364
vt 0.1818182 0.7454546
vt 0.1636364 0.7272727
vt 0.2545455 0.8000001
vt 0.2363636 0.7818182
vt 0.2181818 0.7636364
vt 0.2 0.7454545
vt 0.2727273 0.8
vt 0.2545455 0.7818183
vt 0.2363637 0.7636364
vt 0.2909091 0.8
vt 0.2727273 0.7818182
vt 0.3090909 0.8
vt 0.1818182 0.7272727
vt 0.2181818 0.7454545
vt 0.2545455 0.7636365
vt 0.2909091 0.7818181
vt 0.3272727 0.8
vt 0.2 0.7272727
vt 0.2363637 0.7454546
vt 0.2727273 0.7636364
vt 0.3090909 0.7818181
vt 0.3454546 0.8000001
vt 0.2181818 0.7272727
vt 0.2545455 0.7454546
vt 0.2909091 0.7636364
vt 0.3272727 0.7818182
vt 0.3636364 0.8
vt 0.2363637 0.7272727
vt 0.2727273 0.7454546
vt 0.3090909 0.7636364
vt 0.3454546 0.7818183
vt 0.3818182 0.8
vt 0.2545455 0.7272727
vt 0.2909091 0.7454545
vt 0.3272727 0.7636364
vt 0.3636364 0.7818182
vt 0.4 0.8
vt 0.2727273 0.7272727
vt 0.3090909 0.7454545
vt 0.3454546 0.7636365
vt 0.3818181 0.7818181
vt 0.4181818 0.8
vt 0.2909091 0.7272727
vt 0.3272727 0.7454546
vt 0.3636364 0.7636364
vt 0.4 0.7818181
vt 0.4363636 0.8000001
vt 0.3090909 0.7272727
vt 0.3454546 0.7454546
vt 0.3818182 0.7636364
vt 0.4181818 0.7818182
vt 0.4545455 0.8
vt 0.3272727 0.7272727
vt 0.3636364 0.7454546
vt 0.4 0.7636364
vt 0.4363637 0.7818183
vt 0.4727273 0.8
vt 0.3454546 0.7272727
vt 0.3818182 0.7454545
vt 0.4181818 0.7636364
vt 0.4545455 0.7818182
vt 0.4909091 0.8
vt 0.3636364 0.7272727
vt 0.4 0.7454545
vt 0.4363637 0.7636365
vt 0.4727273 0.7818181
vt 0.5090909 0.8
vt 0.3818182 0.7272727
vt 0.4181819 0.7454546
vt 0.4545455 0.7636364
vt 0.4909091 0.7818181
vt 0.5272727 0.8000001
vt 0.4 0.7272727
vt 0.4363637 0.7454546
vt 0.4727273 0.7636364
vt 0.5090909 0.7818182
vt 0.5454545 0.8
vt 0.4181819 0.7272727
vt 0.4545455 0.7454546
vt 0.4909091 0.7636364
vt 0.5272727 0.7818183
vt 0.5636363 0.8
vt 0.4363637 0.7272727
vt 0.4727273 0.7454545
vt 0.509091 0.7636364
vt 0.5454545 0.7818182
vt 0.5818182 0.8
vt 0.4545455 0.7272727
vt 0.4909091 0.7454545
vt 0.5272728 0.7636365
vt 0.5636364 0.7818181
vt 0.6 0.8
vt 0.4727273 0.7272727
vt 0.509091 0.7454546
vt 0.5454546 0.7636364
vt 0.5818182 0.7818181
vt 0.6181819 0.8000001
vt 0.4909091 0.7272727
vt 0.5272728 0.7454546
vt 0.5636364 0.7636364
vt 0.6 0.7818182
vt 0.6363637 0.8
vt 0.509091 0.7272727
vt 0.5454546 0.7454546
vt 0.5818182 0.7636364
vt 0.6181819 0.7818183
vt 0.6545455 0.8
vt 0.5272728 0.7272727
vt 0.5636364 0.7454545
vt 0.6 0.7636364
vt 0.6363637 0.7818182
vt 0.6727273 0.8
vt 0.5454546 0.7272727
vt 0.5818182 0.7454545
vt 0.6181819 0.7636365
vt 0.6545455 0.7818181
vt 0.6909091 0.8
vt 0.5636364 0.7272727
vt 0.6000001 0.7454546
vt 0.6363637 0.7636364
vt 0.6727273 0.7818181
vt 0.7090909 0.8000001
vt 0.5818182 0.7272727
vt 0.6181819 0.7454546
vt 0.6545455 0.7636364
vt 0.6909091 0.7818182
vt 0.7272727 0.8
vt 0.6000001 0.7272727
vt 0.6363637 0.7454546
vt 0.6727273 0.7636364
vt 0.7090909 0.7818183
vt 0.7454545 0.8
vt 0.6181819 0.7272727
vt 0.6545455 0.7454545
vt 0.6909091 0.7636364
vt 0.7272727 0.7818182
vt 0.6363637 0.7272727
vt 0.6727273 0.7454545
vt 0.7090909 0.7636365
vt 0.6545455 0.7272727
vt 0.6909091 0.7454546
vt 0.6727273 0.7272727
vt 0.7454545 0.7818181
vt 0.7272727 0.7636364
vt 0.7090909 0.7454546
vt 0.6909091 0.7272727
vt 0.7636363 0.8
vt 0.7818181 0.8181818
vt 0.7999999 0.8181819
vt 0.7818181 0.8
vt 0.7999999 0.8000001
vt 0.7636363 0.7818181
vt 0.7818181 0.7818182
vt 0.7999999 0.7818183
vt 0.7454545 0.7636364
vt 0.7636363 0.7636364
vt 0.7818182 0.7636364
vt 0.8 0.7636365
vt 0.7272727 0.7454546
vt 0.7454545 0.7454545
vt 0.7636363 0.7454545
vt 0.7818182 0.7454546
vt 0.8 0.7454546
vt 0.7090909 0.7272727
vt 0.7272727 0.7272727
vt 0.7454545 0.7272727
vt 0.7636363 0.7272727
vt 0.7818182 0.7272727
vt 0.8 0.7272727
vt 0.8 0.7090909
vt 0.7818182 0.7090909
vt 0.7636363 0.7090909
vt 0.7454545 0.7090909
vt 0.7272727 0.7090909
vt 0.7999999 0.6909091
vt 0.7818181 0.6909091
vt 0.7636363 0.6909091
vt 0.7454545 0.6909091
vt 0.8 0.6727273
vt 0.7818182 0.6727273
vt 0.7636363 0.6727273
vt 0.8 0.6545455
vt 0.7818182 0.6545455
vt 0.8 0.6363637
vt 0.7272727 0.6909091
vt 0.7454545 0.6727273
vt 0.7636363 0.6545455
vt 0.7818182 0.6363637
vt 0.8 0.6181818
vt 0.7272727 0.6727273
vt 0.7454545 0.6545455
vt 0.7636363 0.6363637
vt 0.7818182 0.6181818
vt 0.7999999 0.6
vt 0.7272727 0.6545455
vt 0.7454545 0.6363637
vt 0.7636363 0.6181818
vt 0.7818181 0.6
vt 0.8 0.5818182
vt 0.7272727 0.6363637
vt 0.7454545 0.6181818
vt 0.7636363 0.6
vt 0.7818182 0.5818182
vt 0.8 0.5636364
vt 0.7272727 0.6181818
vt 0.7454545 0.6
vt 0.7636363 0.5818182
vt 0.7818182 0.5636364
vt 0.8 0.5454546
vt 0.7272727 0.6
vt 0.7454545 0.5818182
vt 0.7636363 0.5636364
vt 0.7818182 0.5454546
vt 0.8 0.5272727
vt 0.7272727 0.5818182
vt 0.7454545 0.5636364
vt 0.7636363 0.5454545
vt 0.7818182 0.5272727
vt 0.7999999 0.5090909
vt 0.7272727 0.5636364
vt 0.7454545 0.5454545
vt 0.7636363 0.5272727
vt 0.7818181 0.5090909
vt 0.8 0.4909092
vt 0.7272727 0.5454546
vt 0.7454545 0.5272727
vt 0.7636363 0.5090909
vt 0.7818182 0.4909092
vt 0.8 0.4727273
vt 0.7272727 0.5272727
vt 0.7454545 0.5090909
vt 0.7636363 0.4909091
vt 0.7818182 0.4727273
vt 0.8 0.4545455
vt 0.7272727 0.5090909
vt 0.7454545 0.4909091
vt 0.7636363 0.4727273
vt 0.7818182 0.4545455
vt 0.8 0.4363637
vt 0.7272727 0.4909092
vt 0.7454545 0.4727273
vt 0.7636363 0.4545455
vt 0.7818182 0.4363637
vt 0.7999999 0.4181818
vt 0.7272727 0.4727273
vt 0.7454545 0.4545455
vt 0.7636363 0.4363637
vt 0.7818181 0.4181818
vt 0.8 0.4
vt 0.7272727 0.4545455
vt 0.7454545 0.4363637
vt 0.7636363 0.4181818
vt 0.7818182 0.4
vt 0.8 0.3818182
vt 0.7272727 0.4363637
vt 0.7454545 0.4181818
vt 0.7636363 0.4
vt 0.7818182 0.3818182
vt 0.8 0.3636364
vt 0.7272727 0.4181818
vt 0.7454545 0.4
vt 0.7636363 0.3818182
vt 0.7818182 0.3636364
vt 0.8 0.3454545
vt 0.7272727 0.4
vt 0.7454545 0.3818182
vt 0.7636363 0.3636364
vt 0.7818182 0.3454545
vt 0.7999999 0.3272727
vt 0.7272727 0.3818182
vt 0.7454545 0.3636364
vt 0.7636363 0.3454545
vt 0.7818181 0.3272727
vt 0.8 0.3090909
vt 0.7272727 0.3636364
vt 0.7454545 0.3454545
vt 0.7636363 0.3272727
vt 0.7818182 0.3090909
vt 0.8 0.2909091
vt 0.7272727 0.3454545
vt 0.7454545 0.3272727
vt 0.7636363 0.3090909
vt 0.7818182 0.2909091
vt 0.8 0.2727273
vt 0.7272727 0.3272727
vt 0.7454545 0.3090909
vt 0.7636363 0.2909091
vt 0.7818182 0.2727273
vt 0.8 0.2545455
vt 0.7272727 0.3090909
vt 0.7454545 0.2909091
vt 0.7636363 0.2727273
vt 0.7818182 0.2545455
vt 0.7999999 0.2363636
vt 0.7272727 0.2909091
vt 0.7454545 0.2727273
vt 0.7636363 0.2545455
vt 0.7818181 0.2363636
vt 0.8 0.2181818
vt 0.7272727 0.2727273
vt 0.7454545 0.2545455
vt 0.7636363 0.2363636
vt 0.7818182 0.2181818
vt 0.8 0.2
vt 0.7272727 0.2545455
vt 0.7454545 0.2363636
vt 0.7636363 0.2181818
vt 0.7818182 0.2
vt 0.7999999 0.1818182
vt 0.7272727 0.2363636
vt 0.7454545 0.2181818
vt 0.7636363 0.2
vt 0.7818181 0.1818182
vt 0.7999999 0.1636364
vt 0.7272727 0.2181818
vt 0.7454545 0.2
vt 0.7636363 0.1818182
vt 0.7818181 0.1636364
vt 0.7999999 0.1454545
vt 0.7818181 0.1454545
vt 0.7818182 0.1272727
vt 0.7636363 0.1636364
vt 0.7454545 0.1818182
vt 0.7636363 0.1272727
vt 0.7636363 0.1454545
vt 0.7454545 0.1636364
vt 0.7454545 0.1090909
vt 0.7454545 0.1272727
vt 0.7454545 0.1454545
vt 0.7272727 0.1090909
vt 0.7272727 0.1272727
vt 0.7090909 0.1090909
vt 0.7272727 0.1454545
vt 0.6909091 0.1090909
vt 0.7090909 0.1272727
vt 0.7272727 0.1636364
vt 0.6727273 0.1090909
vt 0.6909091 0.1272727
vt 0.7090909 0.1454545
vt 0.7272727 0.1818182
vt 0.6545455 0.1090909
vt 0.6727273 0.1272727
vt 0.6909091 0.1454545
vt 0.7090909 0.1636364
vt 0.7272727 0.2
vt 0.6363637 0.1090909
vt 0.6545455 0.1272727
vt 0.6727273 0.1454545
vt 0.7090909 0.1818182
vt 0.6909091 0.1636364
vt 0.7090909 0.2
vt 0.6181819 0.1090909
vt 0.6363637 0.1272727
vt 0.6545455 0.1454545
vt 0.6909091 0.1818182
vt 0.6727273 0.1636364
vt 0.7090909 0.2181818
vt 0.6 0.1090909
vt 0.6181819 0.1272727
vt 0.6363637 0.1454545
vt 0.6545455 0.1636364
vt 0.6909091 0.2
vt 0.6727273 0.1818182
vt 0.5818182 0.1090909
vt 0.6 0.1272727
vt 0.6181819 0.1454545
vt 0.6363637 0.1636364
vt 0.6545455 0.1818182
vt 0.6727273 0.2
vt 0.5636364 0.1090909
vt 0.5818182 0.1272727
vt 0.6 0.1454545
vt 0.6181819 0.1636364
vt 0.6363637 0.1818182
vt 0.5454546 0.1090909
vt 0.5636364 0.1272727
vt 0.5818182 0.1454545
vt 0.6 0.1636364
vt 0.5272728 0.1090909
vt 0.5454546 0.1272727
vt 0.5636364 0.1454545
vt 0.509091 0.1090909
vt 0.5272728 0.1272727
vt 0.4909091 0.1090909
vt 0.6181819 0.1818182
vt 0.5818182 0.1636364
vt 0.5454545 0.1454545
vt 0.509091 0.1272727
vt 0.4727273 0.1090909
vt 0.6 0.1818182
vt 0.5636364 0.1636364
vt 0.5272727 0.1454545
vt 0.4909091 0.1272727
vt 0.4545455 0.1090909
vt 0.5818182 0.1818182
vt 0.5454545 0.1636364
vt 0.5090909 0.1454545
vt 0.4727273 0.1272727
vt 0.4363637 0.1090909
vt 0.5636364 0.1818182
vt 0.5272727 0.1636364
vt 0.4909091 0.1454545
vt 0.4545455 0.1272727
vt 0.4181819 0.1090909
vt 0.5454546 0.1818182
vt 0.5090909 0.1636364
vt 0.4727273 0.1454545
vt 0.4363637 0.1272727
vt 0.4 0.1090909
vt 0.5272728 0.1818182
vt 0.4909091 0.1636364
vt 0.4545455 0.1454545
vt 0.4181819 0.1272727
vt 0.3818182 0.1090909
vt 0.509091 0.1818182
vt 0.4727273 0.1636364
vt 0.4363637 0.1454545
vt 0.4 0.1272727
vt 0.3636364 0.1090909
vt 0.4909091 0.1818182
vt 0.4545455 0.1636364
vt 0.4181818 0.1454545
vt 0.3818182 0.1272727
vt 0.3454546 0.1090909
vt 0.4727273 0.1818182
vt 0.4363637 0.1636364
vt 0.4 0.1454545
vt 0.3636364 0.1272727
vt 0.3272727 0.1090909
vt 0.4545455 0.1818182
vt 0.4181818 0.1636364
vt 0.3818181 0.1454545
vt 0.3454546 0.1272727
vt 0.3090909 0.1090909
vt 0.4363637 0.1818182
vt 0.4 0.1636364
vt 0.3636364 0.1454545
vt 0.3272727 0.1272727
vt 0.2909091 0.1090909
vt 0.4181819 0.1818182
vt 0.3818182 0.1636364
vt 0.3454546 0.1454545
vt 0.3090909 0.1272727
vt 0.2727273 0.1090909
vt 0.4 0.1818182
vt 0.3636364 0.1636364
vt 0.3272727 0.1454545
vt 0.2909091 0.1272727
vt 0.2545455 0.1090909
vt 0.3818182 0.1818182
vt 0.3454546 0.1636364
vt 0.3090909 0.1454545
vt 0.2727273 0.1272727
vt 0.2363637 0.1090909
vt 0.3636364 0.1818182
vt 0.3272727 0.1636364
vt 0.2909091 0.1454545
vt 0.2545455 0.1272727
vt 0.2181818 0.1090909
vt 0.3454546 0.1818182
vt 0.3090909 0.1636364
vt 0.2727273 0.1454545
vt 0.2363637 0.1272727
vt 0.2 0.1090909
vt 0.3272727 0.1818182
vt 0.2909091 0.1636364
vt 0.2545455 0.1454545
vt 0.2181818 0.1272727
vt 0.1818182 0.1090909
vt 0.3090909 0.1818182
vt 0.2727273 0.1636364
vt 0.2363637 0.1454545
vt 0.2 0.1272727
vt 0.2909091 0.1818182
vt 0.2545455 0.1636364
vt 0.2181818 0.1454545
vt 0.2727273 0.1818182
vt 0.2363637 0.1636364
vt 0.2545455 0.1818182
vt 0.1818182 0.1272727
vt 0.2 0.1454545
vt 0.2181818 0.1636364
vt 0.2363637 0.1818182
vt 0.1636364 0.1090909
vt 0.1454545 0.09090909
vt 0.1272727 0.09090909
vt 0.1454545 0.1090909
vt 0.1636364 0.1272727
vt 0.1090909 0.09090909
vt 0.1272727 0.1090909
vt 0.1090909 0.1090909
vt 0.1454545 0.1272727
vt 0.1818182 0.1454545
vt 0.1090909 0.1272727
vt 0.1272727 0.1272727
vt 0.1636364 0.1454545
vt 0.2 0.1636364
vt 0.1090909 0.1454545
vt 0.1272727 0.1454545
vt 0.1454545 0.1454545
vt 0.1818182 0.1636364
vt 0.2181818 0.1818182
vt 0.1090909 0.1636364
vt 0.1272727 0.1636364
vt 0.1454545 0.1636364
vt 0.1636364 0.1636364
vt 0.2 0.1818182
vt 0.1090909 0.1818182
vt 0.1272727 0.1818182
vt 0.1454545 0.1818182
vt 0.1818182 0.1818182
vt 0.1636364 0.1818182
vt 0.1090909 0.2
vt 0.1272727 0.2
vt 0.1454546 0.2
vt 0.1636364 0.2
vt 0.1818182 0.2
vt 0.2 0.2
vt 0.1090909 0.2181818
vt 0.1272727 0.2181818
vt 0.1454546 0.2181818
vt 0.1636364 0.2181818
vt 0.1818182 0.2181818
vt 0.1090909 0.2363636
vt 0.1272727 0.2363636
vt 0.1454546 0.2363636
vt 0.1636364 0.2363636
vt 0.1090909 0.2545455
vt 0.1272727 0.2545455
vt 0.1454546 0.2545455
vt 0.1090909 0.2727273
vt 0.1272727 0.2727273
vt 0.1090909 0.2909091
vt 0.1818182 0.2363636
vt 0.1636364 0.2545455
vt 0.1454546 0.2727273
vt 0.1272727 0.2909091
vt 0.1090909 0.3090909
vt 0.1818182 0.2545455
vt 0.1636364 0.2727273
vt 0.1454546 0.2909091
vt 0.1272727 0.3090909
vt 0.1090909 0.3272727
vt 0.1818182 0.2727273
vt 0.1636364 0.2909091
vt 0.1454546 0.3090909
vt 0.1272727 0.3272727
vt 0.1090909 0.3454545
vt 0.1818182 0.2909091
vt 0.1636364 0.3090909
vt 0.1454546 0.3272727
vt 0.1272727 0.3454545
vt 0.1090909 0.3636364
vt 0.1818182 0.3090909
vt 0.1636364 0.3272727
vt 0.1454546 0.3454545
vt 0.1272727 0.3636364
vt 0.1090909 0.3818182
vt 0.1818182 0.3272727
vt 0.1636364 0.3454545
vt 0.1454545 0.3636364
vt 0.1272727 0.3818182
vt 0.1090909 0.4
vt 0.1818182 0.3454545
vt 0.1636364 0.3636364
vt 0.1454545 0.3818182
vt 0.1272727 0.4
vt 0.1090909 0.4181818
vt 0.1818182 0.3636364
vt 0.1636364 0.3818182
vt 0.1454545 0.4
vt 0.1272727 0.4181818
vt 0.1090909 0.4363637
vt 0.1818182 0.3818182
vt 0.1636364 0.4
vt 0.1454545 0.4181818
vt 0.1272727 0.4363637
vt 0.1090909 0.4545455
vt 0.1818182 0.4
vt 0.1636364 0.4181818
vt 0.1454545 0.4363637
vt 0.1272727 0.4545455
vt 0.1090909 0.4727273
vt 0.1818182 0.4181818
vt 0.1636364 0.4363637
vt 0.1454545 0.4545455
vt 0.1272727 0.4727273
vt 0.1090909 0.4909091
vt 0.1818182 0.4363637
vt 0.1636364 0.4545455
vt 0.1454545 0.4727273
vt 0.1272727 0.4909091
vt 0.1090909 0.5090909
vt 0.1818182 0.4545455
vt 0.1636364 0.4727273
vt 0.1454545 0.4909092
vt 0.1272727 0.5090909
vt 0.1090909 0.5272727
vt 0.1818182 0.4727273
vt 0.1636364 0.4909092
vt 0.1454545 0.5090909
vt 0.1272727 0.5272727
vt 0.1090909 0.5454545
vt 0.1818182 0.4909092
vt 0.1636364 0.5090909
vt 0.1454545 0.5272727
vt 0.1272727 0.5454545
vt 0.1090909 0.5636364
vt 0.1818182 0.5090909
vt 0.1636364 0.5272727
vt 0.1454545 0.5454546
vt 0.1272727 0.5636364
vt 0.1090909 0.5818182
vt 0.1818182 0.5272727
vt 0.1636364 0.5454546
vt 0.1454545 0.5636364
vt 0.1272727 0.5818182
vt 0.1090909 0.6
vt 0.1818182 0.5454546
vt 0.1636364 0.5636364
vt 0.1454545 0.5818182
vt 0.1272727 0.6
vt 0.1090909 0.6181818
vt 0.1818182 0.5636364
vt 0.1636364 0.5818182
vt 0.1454545 0.6
vt 0.1272727 0.6181818
vt 0.1090909 0.6363637
vt 0.1818182 0.5818182
vt 0.1636364 0.6
vt 0.1454545 0.6181818
vt 0.1272727 0.6363637
vt 0.1090909 0.6545455
vt 0.1818182 0.6
vt 0.1636364 0.6181818
vt 0.1454545 0.6363637
vt 0.1272727 0.6545455
vt 0.1090909 0.6727273
vt 0.1272727 0.6727273
vt 0.1272727 0.6909091
vt 0.1454545 0.6545455
vt 0.1636364 0.6363637
vt 0.1454545 0.6727273
vt 0.1454545 0.7090909
vt 0.1454545 0.6909091
vt 0.1636364 0.7090909
vt 0.1636364 0.6545455
vt 0.1636364 0.6727273
vt 0.1636364 0.6909091
vt 0.1818182 0.7090909
vt 0.1818182 0.6909091
vt 0.2 0.7090909
vt 0.1818182 0.6727273
vt 0.1818182 0.6545455
vt 0.2181818 0.7090909
vt 0.2 0.6909091
vt 0.2363637 0.7090909
vt 0.2 0.6727273
vt 0.2181818 0.6909091
vt 0.1818182 0.6363637
vt 0.2545455 0.7090909
vt 0.2 0.6545455
vt 0.2181818 0.6727273
vt 0.2363637 0.6909091
vt 0.1818182 0.6181818
vt 0.2727273 0.7090909
vt 0.2 0.6363637
vt 0.2181818 0.6545455
vt 0.2363637 0.6727273
vt 0.2545455 0.6909091
vt 0.2 0.6181818
vt 0.2909091 0.7090909
vt 0.2181818 0.6363637
vt 0.2363637 0.6545455
vt 0.2545455 0.6727273
vt 0.2727273 0.6909091
vt 0.2 0.6
vt 0.3090909 0.7090909
vt 0.2181818 0.6181818
vt 0.2363637 0.6363637
vt 0.2545455 0.6545455
vt 0.2909091 0.6909091
vt 0.2727273 0.6727273
vt 0.3272727 0.7090909
vt 0.3090909 0.6909091
vt 0.2909091 0.6727273
vt 0.2727273 0.6545455
vt 0.2545455 0.6363637
vt 0.3454546 0.7090909
vt 0.3272727 0.6909091
vt 0.3090909 0.6727273
vt 0.2909091 0.6545455
vt 0.3636364 0.7090909
vt 0.3454546 0.6909091
vt 0.3272727 0.6727273
vt 0.3818182 0.7090909
vt 0.3636364 0.6909091
vt 0.4 0.7090909
vt 0.2727273 0.6363637
vt 0.3090909 0.6545455
vt 0.3454546 0.6727273
vt 0.3818181 0.6909091
vt 0.4181818 0.7090909
vt 0.2909091 0.6363637
vt 0.3272727 0.6545455
vt 0.3636364 0.6727273
vt 0.4 0.6909091
vt 0.4363637 0.7090909
vt 0.3090909 0.6363637
vt 0.3454546 0.6545455
vt 0.3818182 0.6727273
vt 0.4181818 0.6909091
vt 0.4545455 0.7090909
vt 0.3272727 0.6363637
vt 0.3636364 0.6545455
vt 0.4 0.6727273
vt 0.4363637 0.6909091
vt 0.4727273 0.7090909
vt 0.3454546 0.6363637
vt 0.3818182 0.6545455
vt 0.4181819 0.6727273
vt 0.4545455 0.6909091
vt 0.4909091 0.7090909
vt 0.3636364 0.6363637
vt 0.4 0.6545455
vt 0.4363637 0.6727273
vt 0.4727273 0.6909091
vt 0.5090909 0.7090909
vt 0.3818182 0.6363637
vt 0.4181819 0.6545455
vt 0.4545455 0.6727273
vt 0.4909091 0.6909091
vt 0.5272727 0.7090909
vt 0.4 0.6363637
vt 0.4363637 0.6545455
vt 0.4727273 0.6727273
vt 0.5090909 0.6909091
vt 0.5454545 0.7090909
vt 0.4181819 0.6363637
vt 0.4545455 0.6545455
vt 0.4909091 0.6727273
vt 0.5272727 0.6909091
vt 0.5636364 0.7090909
vt 0.4363637 0.6363637
vt 0.4727273 0.6545455
vt 0.509091 0.6727273
vt 0.5454545 0.6909091
vt 0.5818182 0.7090909
vt 0.4545455 0.6363637
vt 0.4909091 0.6545455
vt 0.5272728 0.6727273
vt 0.5636364 0.6909091
vt 0.6000001 0.7090909
vt 0.4727273 0.6363637
vt 0.509091 0.6545455
vt 0.5454546 0.6727273
vt 0.5818182 0.6909091
vt 0.6181819 0.7090909
vt 0.4909091 0.6363637
vt 0.5272728 0.6545455
vt 0.5636364 0.6727273
vt 0.6000001 0.6909091
vt 0.6363637 0.7090909
vt 0.509091 0.6363637
vt 0.5454546 0.6545455
vt 0.5818182 0.6727273
vt 0.6181819 0.6909091
vt 0.6545455 0.7090909
vt 0.5272728 0.6363637
vt 0.5636364 0.6545455
vt 0.6000001 0.6727273
vt 0.6363637 0.6909091
vt 0.6727273 0.7090909
vt 0.5454546 0.6363637
vt 0.5818182 0.6545455
vt 0.6181819 0.6727273
vt 0.6545455 0.6909091
vt 0.6909091 0.7090909
vt 0.5636364 0.6363637
vt 0.6000001 0.6545455
vt 0.6363637 0.6727273
vt 0.6727273 0.6909091
vt 0.7090909 0.7090909
vt 0.6909091 0.6909091
vt 0.7090909 0.6909091
vt 0.6545455 0.6727273
vt 0.6181819 0.6545455
vt 0.6727273 0.6727273
vt 0.6909091 0.6727273
vt 0.7090909 0.6727273
vt 0.6363637 0.6545455
vt 0.6545455 0.6545455
vt 0.6727273 0.6545455
vt 0.6909091 0.6545455
vt 0.7090909 0.6545455
vt 0.7090909 0.6363637
vt 0.6909091 0.6363637
vt 0.6727273 0.6363637
vt 0.6545455 0.6363637
vt 0.6363637 0.6363637
vt 0.7090909 0.6181818
vt 0.6909091 0.6181818
vt 0.6727273 0.6181818
vt 0.6545455 0.6181818
vt 0.7090909 0.6
vt 0.6909091 0.6
vt 0.6727273 0.6
vt 0.7090909 0.5818182
vt 0.6909091 0.5818182
vt 0.7090909 0.5636364
vt 0.6363637 0.6181818
vt 0.6545455 0.6
vt 0.6727273 0.5818182
vt 0.6909091 0.5636364
vt 0.7090909 0.5454546
vt 0.6363637 0.6
vt 0.6545455 0.5818182
vt 0.6727273 0.5636364
vt 0.6909091 0.5454546
vt 0.7090909 0.5272727
vt 0.6363637 0.5818182
vt 0.6545455 0.5636364
vt 0.6727273 0.5454545
vt 0.6909091 0.5272727
vt 0.7090909 0.5090909
vt 0.6363637 0.5636364
vt 0.6545455 0.5454545
vt 0.6727273 0.5272727
vt 0.6909091 0.5090909
vt 0.7090909 0.4909092
vt 0.6363637 0.5454546
vt 0.6545455 0.5272727
vt 0.6727273 0.5090909
vt 0.6909091 0.4909092
vt 0.7090909 0.4727273
vt 0.6363637 0.5272727
vt 0.6545455 0.5090909
vt 0.6727273 0.4909091
vt 0.6909091 0.4727273
vt 0.7090909 0.4545455
vt 0.6363637 0.5090909
vt 0.6545455 0.4909091
vt 0.6727273 0.4727273
vt 0.6909091 0.4545455
vt 0.7090909 0.4363637
vt 0.6363637 0.4909092
vt 0.6545455 0.4727273
vt 0.6727273 0.4545455
vt 0.6909091 0.4363637
vt 0.7090909 0.4181818
vt 0.6363637 0.4727273
vt 0.6545455 0.4545455
vt 0.6727273 0.4363637
vt 0.6909091 0.4181818
vt 0.7090909 0.4
vt 0.6363637 0.4545455
vt 0.6545455 0.4363637
vt 0.6727273 0.4181818
vt 0.6909091 0.4
vt 0.7090909 0.3818182
vt 0.6363637 0.4363637
vt 0.6545455 0.4181818
vt 0.6727273 0.4
vt 0.6909091 0.3818182
vt 0.7090909 0.3636364
vt 0.6363637 0.4181818
vt 0.6545455 0.4
vt 0.6727273 0.3818182
vt 0.6909091 0.3636364
vt 0.7090909 0.3454545
vt 0.6363637 0.4
vt 0.6545455 0.3818182
vt 0.6727273 0.3636364
vt 0.6909091 0.3454545
vt 0.7090909 0.3272727
vt 0.6363637 0.3818182
vt 0.6545455 0.3636364
vt 0.6727273 0.3454545
vt 0.6909091 0.3272727
vt 0.7090909 0.3090909
vt 0.6363637 0.3636364
vt 0.6545455 0.3454545
vt 0.6727273 0.3272727
vt 0.6909091 0.3090909
vt 0.7090909 0.2909091
vt 0.6363637 0.3454545
vt 0.6545455 0.3272727
vt 0.6727273 0.3090909
vt 0.6909091 0.2909091
vt 0.7090909 0.2727273
vt 0.6363637 0.3272727
vt 0.6545455 0.3090909
vt 0.6727273 0.2909091
vt 0.6909091 0.2727273
vt 0.7090909 0.2545455
vt 0.6363637 0.3090909
vt 0.6545455 0.2909091
vt 0.6727273 0.2727273
vt 0.6909091 0.2545455
vt 0.7090909 0.2363636
vt 0.6909091 0.2363636
vt 0.6909091 0.2181818
vt 0.6727273 0.2545455
vt 0.6545455 0.2727273
vt 0.6727273 0.2181818
vt 0.6727273 0.2363636
vt 0.6545455 0.2545455
vt 0.6545455 0.2
vt 0.6545455 0.2181818
vt 0.6545455 0.2363636
vt 0.6363637 0.2
vt 0.6363637 0.2181818
vt 0.6181819 0.2
vt 0.6363637 0.2363636
vt 0.6 0.2
vt 0.6181819 0.2181818
vt 0.6363637 0.2545455
vt 0.5818182 0.2
vt 0.6 0.2181818
vt 0.6181819 0.2363636
vt 0.6363637 0.2727273
vt 0.5636364 0.2
vt 0.5818182 0.2181818
vt 0.6 0.2363636
vt 0.6181819 0.2545455
vt 0.6363637 0.2909091
vt 0.5454546 0.2
vt 0.5636364 0.2181818
vt 0.5818182 0.2363636
vt 0.6181819 0.2727273
vt 0.6 0.2545455
vt 0.6181819 0.2909091
vt 0.5272728 0.2
vt 0.5454546 0.2181818
vt 0.5636364 0.2363636
vt 0.6 0.2727273
vt 0.5818182 0.2545455
vt 0.6181819 0.3090909
vt 0.509091 0.2
vt 0.5272728 0.2181818
vt 0.5454545 0.2363636
vt 0.5636364 0.2545455
vt 0.6 0.2909091
vt 0.5818182 0.2727273
vt 0.4909091 0.2
vt 0.509091 0.2181818
vt 0.5272727 0.2363636
vt 0.5454545 0.2545455
vt 0.5636364 0.2727273
vt 0.5818182 0.2909091
vt 0.4727273 0.2
vt 0.4909091 0.2181818
vt 0.5090909 0.2363636
vt 0.5272727 0.2545455
vt 0.5454546 0.2727273
vt 0.4545455 0.2
vt 0.4727273 0.2181818
vt 0.4909091 0.2363636
vt 0.5090909 0.2545455
vt 0.4363637 0.2
vt 0.4545455 0.2181818
vt 0.4727273 0.2363636
vt 0.4181819 0.2
vt 0.4363637 0.2181818
vt 0.4 0.2
vt 0.5272728 0.2727273
vt 0.4909091 0.2545455
vt 0.4545455 0.2363636
vt 0.4181819 0.2181818
vt 0.3818182 0.2
vt 0.509091 0.2727273
vt 0.4727273 0.2545455
vt 0.4363637 0.2363636
vt 0.4 0.2181818
vt 0.3636364 0.2
vt 0.4909091 0.2727273
vt 0.4545455 0.2545455
vt 0.4181818 0.2363636
vt 0.3818182 0.2181818
vt 0.3454546 0.2
vt 0.4727273 0.2727273
vt 0.4363637 0.2545455
vt 0.4 0.2363636
vt 0.3636364 0.2181818
vt 0.3272727 0.2
vt 0.4545455 0.2727273
vt 0.4181818 0.2545455
vt 0.3818181 0.2363636
vt 0.3454546 0.2181818
vt 0.3090909 0.2
vt 0.4363637 0.2727273
vt 0.4 0.2545455
vt 0.3636364 0.2363636
vt 0.3272727 0.2181818
vt 0.2909091 0.2
vt 0.4181819 0.2727273
vt 0.3818182 0.2545455
vt 0.3454546 0.2363636
vt 0.3090909 0.2181818
vt 0.2727273 0.2
vt 0.4 0.2727273
vt 0.3636364 0.2545455
vt 0.3272727 0.2363636
vt 0.2909091 0.2181818
vt 0.2545455 0.2
vt 0.3818182 0.2727273
vt 0.3454546 0.2545455
vt 0.3090909 0.2363636
vt 0.2727273 0.2181818
vt 0.2363637 0.2
vt 0.3636364 0.2727273
vt 0.3272727 0.2545455
vt 0.2909091 0.2363636
vt 0.2545455 0.2181818
vt 0.2181818 0.2
vt 0.2363637 0.2181818
vt 0.2727273 0.2363636
vt 0.3090909 0.2545455
vt 0.2181818 0.2181818
vt 0.2545455 0.2363636
vt 0.2909091 0.2545455
vt 0.2 0.2181818
vt 0.2363637 0.2363636
vt 0.2727273 0.2545455
vt 0.2 0.2363636
vt 0.2181818 0.2363636
vt 0.2545455 0.2545455
vt 0.2 0.2545455
vt 0.2181818 0.2545455
vt 0.2363637 0.2545455
vt 0.2 0.2727273
vt 0.2181818 0.2727273
vt 0.2363637 0.2727273
vt 0.2545455 0.2727273
vt 0.2727273 0.2727273
vt 0.2 0.2909091
vt 0.2181818 0.2909091
vt 0.2363637 0.2909091
vt 0.2545455 0.2909091
vt 0.2 0.3090909
vt 0.2181818 0.3090909
vt 0.2363637 0.3090909
vt 0.2 0.3272727
vt 0.2181818 0.3272727
vt 0.2 0.3454545
vt 0.2727273 0.2909091
vt 0.2545455 0.3090909
vt 0.2363637 0.3272727
vt 0.2181818 0.3454545
vt 0.2 0.3636364
vt 0.2727273 0.3090909
vt 0.2545455 0.3272727
vt 0.2363637 0.3454545
vt 0.2181818 0.3636364
vt 0.2 0.3818182
vt 0.2727273 0.3272727
vt 0.2545455 0.3454545
vt 0.2363637 0.3636364
vt 0.2181818 0.3818182
vt 0.2 0.4
vt 0.2727273 0.3454545
vt 0.2545455 0.3636364
vt 0.2363637 0.3818182
vt 0.2181818 0.4
vt 0.2 0.4181818
vt 0.2727273 0.3636364
vt 0.2545455 0.3818182
vt 0.2363637 0.4
vt 0.2181818 0.4181818
vt 0.2 0.4363637
vt 0.2727273 0.3818182
vt 0.2545455 0.4
vt 0.2363637 0.4181818
vt 0.2181818 0.4363637
vt 0.2 0.4545455
vt 0.2727273 0.4
vt 0.2545455 0.4181818
vt 0.2363637 0.4363637
vt 0.2181818 0.4545455
vt 0.2 0.4727273
vt 0.2727273 0.4181818
vt 0.2545455 0.4363637
vt 0.2363637 0.4545455
vt 0.2181818 0.4727273
vt 0.2 0.4909091
vt 0.2727273 0.4363637
vt 0.2545455 0.4545455
vt 0.2363637 0.4727273
vt 0.2181818 0.4909091
vt 0.2 0.5090909
vt 0.2727273 0.4545455
vt 0.2545455 0.4727273
vt 0.2363637 0.4909092
vt 0.2181818 0.5090909
vt 0.2 0.5272727
vt 0.2727273 0.4727273
vt 0.2545455 0.4909092
vt 0.2363637 0.5090909
vt 0.2181818 0.5272727
vt 0.2 0.5454545
vt 0.2727273 0.4909092
vt 0.2545455 0.5090909
vt 0.2363637 0.5272727
vt 0.2181818 0.5454545
vt 0.2 0.5636364
vt 0.2727273 0.5090909
vt 0.2545455 0.5272727
vt 0.2363637 0.5454546
vt 0.2181818 0.5636364
vt 0.2 0.5818182
vt 0.2181818 0.5818182
vt 0.2181818 0.6
vt 0.2363637 0.5636364
vt 0.2545455 0.5454546
vt 0.2363637 0.5818182
vt 0.2363637 0.6181818
vt 0.2363637 0.6
vt 0.2545455 0.6181818
vt 0.2545455 0.5636364
vt 0.2545455 0.5818182
vt 0.2545455 0.6
vt 0.2727273 0.6181818
vt 0.2727273 0.6
vt 0.2909091 0.6181818
vt 0.2727273 0.5818182
vt 0.2727273 0.5636364
vt 0.3090909 0.6181818
vt 0.2909091 0.6
vt 0.3272727 0.6181818
vt 0.2909091 0.5818182
vt 0.3090909 0.6
vt 0.2727273 0.5454546
vt 0.3454546 0.6181818
vt 0.2909091 0.5636364
vt 0.3090909 0.5818182
vt 0.3272727 0.6
vt 0.2727273 0.5272727
vt 0.3636364 0.6181818
vt 0.2909091 0.5454545
vt 0.3090909 0.5636364
vt 0.3272727 0.5818182
vt 0.3454546 0.6
vt 0.2909091 0.5272727
vt 0.3818182 0.6181818
vt 0.3090909 0.5454545
vt 0.3272727 0.5636364
vt 0.3454546 0.5818182
vt 0.3636364 0.6
vt 0.2909091 0.5090909
vt 0.4 0.6181818
vt 0.3090909 0.5272727
vt 0.3272727 0.5454546
vt 0.3454546 0.5636364
vt 0.3818181 0.6
vt 0.3636364 0.5818182
vt 0.4181818 0.6181818
vt 0.4 0.6
vt 0.3818182 0.5818182
vt 0.3636364 0.5636364
vt 0.3454546 0.5454546
vt 0.4363637 0.6181818
vt 0.4181818 0.6
vt 0.4 0.5818182
vt 0.3818182 0.5636364
vt 0.4545455 0.6181818
vt 0.4363637 0.6
vt 0.4181819 0.5818182
vt 0.4727273 0.6181818
vt 0.4545455 0.6
vt 0.4909091 0.6181818
vt 0.3636364 0.5454546
vt 0.4 0.5636364
vt 0.4363637 0.5818182
vt 0.4727273 0.6
vt 0.5090909 0.6181818
vt 0.3818182 0.5454545
vt 0.4181819 0.5636364
vt 0.4545455 0.5818182
vt 0.4909091 0.6
vt 0.5272727 0.6181818
vt 0.4 0.5454545
vt 0.4363637 0.5636364
vt 0.4727273 0.5818182
vt 0.5090909 0.6
vt 0.5454545 0.6181818
vt 0.4181819 0.5454546
vt 0.4545455 0.5636364
vt 0.4909091 0.5818182
vt 0.5272727 0.6
vt 0.4363637 0.5454546
vt 0.4727273 0.5636364
vt 0.509091 0.5818182
vt 0.4545455 0.5454546
vt 0.4909091 0.5636364
vt 0.4727273 0.5454545
vt 0.5454545 0.6
vt 0.5272728 0.5818182
vt 0.509091 0.5636364
vt 0.4909091 0.5454545
vt 0.5636364 0.6181818
vt 0.5818182 0.6363637
vt 0.6000001 0.6363637
vt 0.5818182 0.6181818
vt 0.5636364 0.6
vt 0.5454546 0.5818182
vt 0.5272728 0.5636364
vt 0.6181819 0.6363637
vt 0.6000001 0.6181818
vt 0.6181819 0.6181818
vt 0.5818182 0.6
vt 0.5636364 0.5818182
vt 0.6000001 0.6
vt 0.6181819 0.6
vt 0.5818182 0.5818182
vt 0.5454546 0.5636364
vt 0.6000001 0.5818182
vt 0.6181819 0.5818182
vt 0.5636364 0.5636364
vt 0.5818182 0.5636364
vt 0.6000001 0.5636364
vt 0.6181819 0.5636364
vt 0.6181819 0.5454546
vt 0.6000001 0.5454546
vt 0.5818182 0.5454545
vt 0.5636364 0.5454545
vt 0.5454546 0.5454546
vt 0.6181819 0.5272727
vt 0.6000001 0.5272727
vt 0.5818182 0.5272727
vt 0.5636364 0.5272727
vt 0.6181819 0.5090909
vt 0.6000001 0.5090909
vt 0.5818182 0.5090909
vt 0.6181819 0.4909092
vt 0.6000001 0.4909092
vt 0.6181819 0.4727273
vt 0.5454545 0.5272727
vt 0.5636364 0.5090909
vt 0.5818182 0.4909091
vt 0.6000001 0.4727273
vt 0.6181819 0.4545455
vt 0.5454545 0.5090909
vt 0.5636364 0.4909091
vt 0.5818182 0.4727273
vt 0.6000001 0.4545455
vt 0.6181819 0.4363637
vt 0.5454546 0.4909092
vt 0.5636364 0.4727273
vt 0.5818182 0.4545455
vt 0.6 0.4363637
vt 0.6181819 0.4181818
vt 0.5454546 0.4727273
vt 0.5636364 0.4545455
vt 0.5818182 0.4363637
vt 0.6 0.4181818
vt 0.6181819 0.4
vt 0.5454546 0.4545455
vt 0.5636364 0.4363637
vt 0.5818182 0.4181818
vt 0.6 0.4
vt 0.6181819 0.3818182
vt 0.5454545 0.4363637
vt 0.5636364 0.4181818
vt 0.5818182 0.4
vt 0.6 0.3818182
vt 0.6181819 0.3636364
vt 0.5454545 0.4181818
vt 0.5636364 0.4
vt 0.5818182 0.3818182
vt 0.6 0.3636364
vt 0.6181819 0.3454545
vt 0.5454546 0.4
vt 0.5636364 0.3818182
vt 0.5818182 0.3636364
vt 0.6 0.3454545
vt 0.6181819 0.3272727
vt 0.6 0.3272727
vt 0.6 0.3090909
vt 0.5818182 0.3454545
vt 0.5636364 0.3636364
vt 0.5818182 0.3090909
vt 0.5818182 0.3272727
vt 0.5636364 0.3454545
vt 0.5636364 0.2909091
vt 0.5636364 0.3090909
vt 0.5636364 0.3272727
vt 0.5454546 0.2909091
vt 0.5454546 0.3090909
vt 0.5272728 0.2909091
vt 0.5454545 0.3272727
vt 0.509091 0.2909091
vt 0.5272728 0.3090909
vt 0.5454545 0.3454545
vt 0.4909091 0.2909091
vt 0.509091 0.3090909
vt 0.5272727 0.3272727
vt 0.5454546 0.3636364
vt 0.4727273 0.2909091
vt 0.4909091 0.3090909
vt 0.5090909 0.3272727
vt 0.5272727 0.3454545
vt 0.5454546 0.3818182
vt 0.4545455 0.2909091
vt 0.4727273 0.3090909
vt 0.4909091 0.3272727
vt 0.5272728 0.3636364
vt 0.5090909 0.3454545
vt 0.5272728 0.3818182
vt 0.4363637 0.2909091
vt 0.4545455 0.3090909
vt 0.4727273 0.3272727
vt 0.509091 0.3636364
vt 0.4909091 0.3454545
vt 0.5272728 0.4
vt 0.4181819 0.2909091
vt 0.4363637 0.3090909
vt 0.4545455 0.3272727
vt 0.4727273 0.3454545
vt 0.509091 0.3818182
vt 0.4909091 0.3636364
vt 0.4 0.2909091
vt 0.4181819 0.3090909
vt 0.4363637 0.3272727
vt 0.4545455 0.3454545
vt 0.4727273 0.3636364
vt 0.4909091 0.3818182
vt 0.3818182 0.2909091
vt 0.4 0.3090909
vt 0.4181818 0.3272727
vt 0.4363637 0.3454545
vt 0.4545455 0.3636364
vt 0.509091 0.4
vt 0.4727273 0.3818182
vt 0.4909091 0.4
vt 0.5272727 0.4181818
vt 0.5090909 0.4181818
vt 0.5272727 0.4363637
vt 0.5272728 0.4545455
vt 0.5090909 0.4363637
vt 0.4909091 0.4181818
vt 0.4727273 0.4
vt 0.5272728 0.4727273
vt 0.509091 0.4545455
vt 0.4909091 0.4363637
vt 0.5272728 0.4909092
vt 0.509091 0.4727273
vt 0.5272727 0.5090909
vt 0.4545455 0.3818182
vt 0.4727273 0.4181818
vt 0.4909091 0.4545455
vt 0.509091 0.4909092
vt 0.5272727 0.5272727
vt 0.4363637 0.3636364
vt 0.4727273 0.4363637
vt 0.4909091 0.4727273
vt 0.5090909 0.5090909
vt 0.5272728 0.5454546
vt 0.5090909 0.5272727
vt 0.509091 0.5454546
vt 0.4909091 0.4909091
vt 0.4727273 0.4545455
vt 0.4909091 0.5272727
vt 0.4909091 0.5090909
vt 0.4727273 0.4727273
vt 0.4727273 0.5272727
vt 0.4727273 0.4909091
vt 0.4727273 0.5090909
vt 0.4545455 0.5272727
vt 0.4545455 0.5090909
vt 0.4545455 0.4909092
vt 0.4545455 0.4727273
vt 0.4545455 0.4545455
vt 0.4363637 0.5272727
vt 0.4363637 0.5090909
vt 0.4363637 0.4909092
vt 0.4363637 0.4727273
vt 0.4181818 0.5272727
vt 0.4181818 0.5090909
vt 0.4181819 0.4909092
vt 0.4 0.5272727
vt 0.4 0.5090909
vt 0.3818182 0.5272727
vt 0.4363637 0.4545455
vt 0.4181819 0.4727273
vt 0.4 0.4909091
vt 0.3818181 0.5090909
vt 0.3636364 0.5272727
vt 0.4181819 0.4545455
vt 0.4 0.4727273
vt 0.3818182 0.4909091
vt 0.3636364 0.5090909
vt 0.3454546 0.5272727
vt 0.4 0.4545455
vt 0.3818182 0.4727273
vt 0.3636364 0.4909092
vt 0.3454546 0.5090909
vt 0.3272727 0.5272727
vt 0.3272727 0.5090909
vt 0.3090909 0.5090909
vt 0.3454546 0.4909092
vt 0.3636364 0.4727273
vt 0.3272727 0.4909092
vt 0.2909091 0.4909091
vt 0.3090909 0.4909091
vt 0.2909091 0.4727273
vt 0.3454546 0.4727273
vt 0.3090909 0.4727273
vt 0.2909091 0.4545455
vt 0.3272727 0.4727273
vt 0.2909091 0.4363637
vt 0.3090909 0.4545455
vt 0.3272727 0.4545455
vt 0.3454546 0.4545455
vt 0.2909091 0.4181818
vt 0.3090909 0.4363637
vt 0.2909091 0.4
vt 0.3272727 0.4363637
vt 0.3090909 0.4181818
vt 0.3636364 0.4545455
vt 0.2909091 0.3818182
vt 0.3090909 0.4
vt 0.3454546 0.4363637
vt 0.3272727 0.4181818
vt 0.3818182 0.4545455
vt 0.2909091 0.3636364
vt 0.3090909 0.3818182
vt 0.3272727 0.4
vt 0.3636364 0.4363637
vt 0.3454546 0.4181818
vt 0.3818182 0.4363637
vt 0.2909091 0.3454545
vt 0.3090909 0.3636364
vt 0.3272727 0.3818182
vt 0.3454546 0.4
vt 0.3636364 0.4181818
vt 0.4 0.4363637
vt 0.2909091 0.3272727
vt 0.3090909 0.3454545
vt 0.3272727 0.3636364
vt 0.3454546 0.3818182
vt 0.3818181 0.4181818
vt 0.3636364 0.4
vt 0.4181818 0.4363637
vt 0.4 0.4181818
vt 0.3818182 0.4
vt 0.3636364 0.3818182
vt 0.3454546 0.3636364
vt 0.4363637 0.4363637
vt 0.4181818 0.4181818
vt 0.4 0.4
vt 0.3818182 0.3818182
vt 0.4545455 0.4363637
vt 0.4363637 0.4181818
vt 0.4545455 0.4181818
vt 0.4181819 0.4
vt 0.4545455 0.4
vt 0.4363637 0.4
vt 0.4363637 0.3818182
vt 0.4 0.3818182
vt 0.4181819 0.3818182
vt 0.4181819 0.3636364
vt 0.4 0.3636364
vt 0.3818182 0.3636364
vt 0.4181818 0.3454545
vt 0.4 0.3454545
vt 0.4 0.3272727
vt 0.3818182 0.3454545
vt 0.3636364 0.3636364
vt 0.3818182 0.3090909
vt 0.3818181 0.3272727
vt 0.3636364 0.3454545
vt 0.3454546 0.3454545
vt 0.3636364 0.2909091
vt 0.3636364 0.3090909
vt 0.3636364 0.3272727
vt 0.3454546 0.2727273
vt 0.3454546 0.3272727
vt 0.3272727 0.3454545
vt 0.3454546 0.2909091
vt 0.3272727 0.2727273
vt 0.3454546 0.3090909
vt 0.3272727 0.3272727
vt 0.3090909 0.3272727
vt 0.3090909 0.2727273
vt 0.3272727 0.2909091
vt 0.3272727 0.3090909
vt 0.2909091 0.3090909
vt 0.3090909 0.3090909
vt 0.3090909 0.2909091
vt 0.2909091 0.2909091
vt 0.2909091 0.2727273
g Background
f 3/3 2/2 1/1
f 2/2 4/4 1/1
f 1/1 4/4 5/5
f 2/2 6/6 4/4
f 4/4 7/7 5/5
f 5/5 7/7 8/8
f 6/6 9/9 4/4
f 4/4 9/9 7/7
f 6/6 10/10 9/9
f 7/7 11/11 8/8
f 8/8 11/11 12/12
f 9/9 13/13 7/7
f 7/7 13/13 11/11
f 10/10 14/14 9/9
f 9/9 14/14 13/13
f 10/10 15/15 14/14
f 11/11 16/16 12/12
f 12/12 16/16 17/17
f 13/13 18/18 11/11
f 11/11 18/18 16/16
f 14/14 19/19 13/13
f 13/13 19/19 18/18
f 15/15 20/20 14/14
f 14/14 20/20 19/19
f 15/15 21/21 20/20
f 16/16 22/22 17/17
f 17/17 22/22 23/23
f 18/18 24/24 16/16
f 16/16 24/24 22/22
f 19/19 25/25 18/18
f 18/18 25/25 24/24
f 21/21 26/26 20/20
f 21/21 27/27 26/26
f 20/20 28/28 19/19
f 19/19 28/28 25/25
f 20/20 26/26 28/28
f 22/22 29/29 23/23
f 23/23 29/29 30/30
f 24/24 31/31 22/22
f 22/22 31/31 29/29
f 27/27 32/32 26/26
f 27/27 33/33 32/32
f 25/25 34/34 24/24
f 24/24 34/34 31/31
f 26/26 35/35 28/28
f 26/26 32/32 35/35
f 28/28 36/36 25/25
f 25/25 36/36 34/34
f 28/28 35/35 36/36
f 29/29 37/37 30/30
f 30/30 37/37 38/38
f 33/33 39/39 32/32
f 33/33 40/40 39/39
f 31/31 41/41 29/29
f 29/29 41/41 37/37
f 34/34 42/42 31/31
f 31/31 42/42 41/41
f 36/36 43/43 34/34
f 34/34 43/43 42/42
f 32/32 44/44 35/35
f 32/32 39/39 44/44
f 35/35 45/45 36/36
f 36/36 45/45 43/43
f 35/35 44/44 45/45
f 40/40 46/46 39/39
f 40/40 47/47 46/46
f 39/39 48/48 44/44
f 39/39 46/46 48/48
f 44/44 49/49 45/45
f 44/44 48/48 49/49
f 45/45 50/50 43/43
f 45/45 49/49 50/50
f 43/43 51/51 42/42
f 43/43 50/50 51/51
f 47/47 52/52 46/46
f 47/47 53/53 52/52
f 46/46 54/54 48/48
f 46/46 52/52 54/54
f 48/48 55/55 49/49
f 48/48 54/54 55/55
f 49/49 56/56 50/50
f 49/49 55/55 56/56
f 53/53 57/57 52/52
f 53/53 58/58 57/57
f 52/52 59/59 54/54
f 52/52 57/57 59/59
f 54/54 60/60 55/55
f 54/54 59/59 60/60
f 58/58 61/61 57/57
f 58/58 62/62 61/61
f 57/57 63/63 59/59
f 57/57 61/61 63/63
f 62/62 64/64 61/61
f 62/62 65/65 64/64
f 50/50 56/56 66/66
f 50/50 66/66 51/51
f 55/55 67/67 56/56
f 55/55 60/60 67/67
f 59/59 68/68 60/60
f 59/59 63/63 68/68
f 61/61 69/69 63/63
f 61/61 64/64 69/69
f 65/65 70/70 64/64
f 65/65 71/71 70/70
f 56/56 72/72 66/66
f 56/56 67/67 72/72
f 60/60 73/73 67/67
f 60/60 68/68 73/73
f 63/63 74/74 68/68
f 63/63 69/69 74/74
f 64/64 75/75 69/69
f 64/64 70/70 75/75
f 71/71 76/76 70/70
f 71/71 77/77 76/76
f 67/67 78/78 72/72
f 67/67 73/73 78/78
f 68/68 79/79 73/73
f 68/68 74/74 79/79
f 69/69 80/80 74/74
f 69/69 75/75 80/80
f 70/70 81/81 75/75
f 70/70 76/76 81/81
f 77/77 82/82 76/76
f 77/77 83/83 82/82
f 73/73 84/84 78/78
f 73/73 79/79 84/84
f 74/74 85/85 79/79
f 74/74 80/80 85/85
f 75/75 86/86 80/80
f 75/75 81/81 86/86
f 76/76 87/87 81/81
f 76/76 82/82 87/87
f 83/83 88/88 82/82
f 83/83 89/89 88/88
f 79/79 90/90 84/84
f 79/79 85/85 90/90
f 80/80 91/91 85/85
f 80/80 86/86 91/91
f 81/81 92/92 86/86
f 81/81 87/87 92/92
f 82/82 93/93 87/87
f 82/82 88/88 93/93
f 89/89 94/94 88/88
f 89/89 95/95 94/94
f 85/85 96/96 90/90
f 85/85 91/91 96/96
f 86/86 97/97 91/91
f 86/86 92/92 97/97
f 87/87 98/98 92/92
f 87/87 93/93 98/98
f 88/88 99/99 93/93
f 88/88 94/94 99/99
f 95/95 100/100 94/94
f 95/95 101/101 100/100
f 91/91 102/102 96/96
f 91/91 97/97 102/102
f 92/92 103/103 97/97
f 92/92 98/98 103/103
f 93/93 104/104 98/98
f 93/93 99/99 104/104
f 94/94 105/105 99/99
f 94/94 100/100 105/105
f 101/101 106/106 100/100
f 101/101 107/107 106/106
f 97/97 108/108 102/102
f 97/97 103/103 108/108
f 98/98 109/109 103/103
f 98/98 104/104 109/109
f 99/99 110/110 104/104
f 99/99 105/105 110/110
f 100/100 111/111 105/105
f 100/100 106/106 111/111
f 107/107 112/112 106/106
f 107/107 113/113 112/112
f 103/103 114/114 108/108
f 103/103 109/109 114/114
f 104/104 115/115 109/109
f 104/104 110/110 115/115
f 105/105 116/116 110/110
f 105/105 111/111 116/116
f 106/106 117/117 111/111
f 106/106 112/112 117/117
f 113/113 118/118 112/112
f 113/113 119/119 118/118
f 109/109 120/120 114/114
f 109/109 115/115 120/120
f 110/110 121/121 115/115
f 110/110 116/116 121/121
f 111/111 122/122 116/116
f 111/111 117/117 122/122
f 112/112 123/123 117/117
f 112/112 118/118 123/123
f 119/119 124/124 118/118
f 119/119 125/125 124/124
f 115/115 126/126 120/120
f 115/115 121/121 126/126
f 116/116 127/127 121/121
f 116/116 122/122 127/127
f 117/117 128/128 122/122
f 117/117 123/123 128/128
f 118/118 129/129 123/123
f 118/118 124/124 129/129
f 125/125 130/130 124/124
f 125/125 131/131 130/130
f 121/121 132/132 126/126
f 121/121 127/127 132/132
f 122/122 133/133 127/127
f 122/122 128/128 133/133
f 123/123 134/134 128/128
f 123/123 129/129 134/134
f 124/124 135/135 129/129
f 124/124 130/130 135/135
f 131/131 136/136 130/130
f 131/131 137/137 136/136
f 127/127 138/138 132/132
f 127/127 133/133 138/138
f 128/128 139/139 133/133
f 128/128 134/134 139/139
f 129/129 140/140 134/134
f 129/129 135/135 140/140
f 130/130 141/141 135/135
f 130/130 136/136 141/141
f 137/137 142/142 136/136
f 137/137 143/143 142/142
f 133/133 144/144 138/138
f 133/133 139/139 144/144
f 134/134 145/145 139/139
f 134/134 140/140 145/145
f 135/135 146/146 140/140
f 135/135 141/141 146/146
f 136/136 147/147 141/141
f 136/136 142/142 147/147
f 143/143 148/148 142/142
f 143/143 149/149 148/148
f 139/139 150/150 144/144
f 139/139 145/145 150/150
f 140/140 151/151 145/145
f 140/140 146/146 151/151
f 141/141 152/152 146/146
f 141/141 147/147 152/152
f 142/142 153/153 147/147
f 142/142 148/148 153/153
f 149/149 154/154 148/148
f 149/149 155/155 154/154
f 145/145 156/156 150/150
f 145/145 151/151 156/156
f 146/146 157/157 151/151
f 146/146 152/152 157/157
f 147/147 158/158 152/152
f 147/147 153/153 158/158
f 148/148 159/159 153/153
f 148/148 154/154 159/159
f 155/155 160/160 154/154
f 155/155 161/161 160/160
f 151/151 162/162 156/156
f 151/151 157/157 162/162
f 152/152 163/163 157/157
f 152/152 158/158 163/163
f 153/153 164/164 158/158
f 153/153 159/159 164/164
f 154/154 165/165 159/159
f 154/154 160/160 165/165
f 161/161 166/166 160/160
f 161/161 167/167 166/166
f 157/157 168/168 162/162
f 157/157 163/163 168/168
f 158/158 169/169 163/163
f 158/158 164/164 169/169
f 159/159 170/170 164/164
f 159/159 165/165 170/170
f 160/160 171/171 165/165
f 160/160 166/166 171/171
f 167/167 172/172 166/166
f 167/167 173/173 172/172
f 163/163 174/174 168/168
f 163/163 169/169 174/174
f 164/164 175/175 169/169
f 164/164 170/170 175/175
f 165/165 176/176 170/170
f 165/165 171/171 176/176
f 166/166 177/177 171/171
f 166/166 172/172 177/177
f 173/173 178/178 172/172
f 173/173 179/179 178/178
f 169/169 180/180 174/174
f 169/169 175/175 180/180
f 170/170 181/181 175/175
f 170/170 176/176 181/181
f 171/171 182/182 176/176
f 171/171 177/177 182/182
f 172/172 183/183 177/177
f 172/172 178/178 183/183
f 179/179 184/184 178/178
f 179/179 185/185 184/184
f 175/175 186/186 180/180
f 175/175 181/181 186/186
f 176/176 187/187 181/181
f 176/176 182/182 187/187
f 177/177 188/188 182/182
f 177/177 183/183 188/188
f 178/178 189/189 183/183
f 178/178 184/184 189/189
f 185/185 190/190 184/184
f 185/185 191/191 190/190
f 181/181 192/192 186/186
f 181/181 187/187 192/192
f 182/182 193/193 187/187
f 182/182 188/188 193/193
f 183/183 194/194 188/188
f 183/183 189/189 194/194
f 184/184 195/195 189/189
f 184/184 190/190 195/195
f 191/191 196/196 190/190
f 191/191 197/197 196/196
f 187/187 198/198 192/192
f 187/187 193/193 198/198
f 188/188 199/199 193/193
f 188/188 194/194 199/199
f 189/189 200/200 194/194
f 189/189 195/195 200/200
f 190/190 201/201 195/195
f 190/190 196/196 201/201
f 197/197 202/202 196/196
f 197/197 203/203 202/202
f 193/193 204/204 198/198
f 193/193 199/199 204/204
f 194/194 205/205 199/199
f 194/194 200/200 205/205
f 195/195 206/206 200/200
f 195/195 201/201 206/206
f 196/196 207/207 201/201
f 196/196 202/202 207/207
f 203/203 208/208 202/202
f 203/203 209/209 208/208
f 199/199 210/210 204/204
f 199/199 205/205 210/210
f 200/200 211/211 205/205
f 200/200 206/206 211/211
f 201/201 212/212 206/206
f 201/201 207/207 212/212
f 202/202 213/213 207/207
f 202/202 208/208 213/213
f 209/209 214/214 208/208
f 209/209 215/215 214/214
f 205/205 216/216 210/210
f 205/205 211/211 216/216
f 206/206 217/217 211/211
f 206/206 212/212 217/217
f 207/207 218/218 212/212
f 207/207 213/213 218/218
f 208/208 219/219 213/213
f 208/208 214/214 219/219
f 215/215 220/220 214/214
f 215/215 221/221 220/220
f 211/211 222/222 216/216
f 211/211 217/217 222/222
f 212/212 223/223 217/217
f 212/212 218/218 223/223
f 213/213 224/224 218/218
f 213/213 219/219 224/224
f 214/214 225/225 219/219
f 214/214 220/220 225/225
f 221/221 226/226 220/220
f 221/221 227/227 226/226
f 217/217 228/228 222/222
f 217/217 223/223 228/228
f 218/218 229/229 223/223
f 218/218 224/224 229/229
f 219/219 230/230 224/224
f 219/219 225/225 230/230
f 220/220 231/231 225/225
f 220/220 226/226 231/231
f 227/227 232/232 226/226
f 227/227 233/233 232/232
f 223/223 234/234 228/228
f 223/223 229/229 234/234
f 224/224 235/235 229/229
f 224/224 230/230 235/235
f 225/225 236/236 230/230
f 225/225 231/231 236/236
f 226/226 237/237 231/231
f 226/226 232/232 237/237
f 233/233 238/238 232/232
f 233/233 239/239 238/238
f 229/229 240/240 234/234
f 229/229 235/235 240/240
f 230/230 241/241 235/235
f 230/230 236/236 241/241
f 231/231 242/242 236/236
f 231/231 237/237 242/242
f 232/232 243/243 237/237
f 232/232 238/238 243/243
f 239/239 244/244 238/238
f 239/239 245/245 244/244
f 235/235 246/246 240/240
f 235/235 241/241 246/246
f 236/236 247/247 241/241
f 236/236 242/242 247/247
f 237/237 248/248 242/242
f 237/237 243/243 248/248
f 238/238 249/249 243/243
f 238/238 244/244 249/249
f 245/245 250/250 244/244
f 245/245 251/251 250/250
f 241/241 252/252 246/246
f 241/241 247/247 252/252
f 242/242 253/253 247/247
f 242/242 248/248 253/253
f 243/243 254/254 248/248
f 243/243 249/249 254/254
f 244/244 255/255 249/249
f 244/244 250/250 255/255
f 251/251 256/256 250/250
f 251/251 257/257 256/256
f 247/247 258/258 252/252
f 247/247 253/253 258/258
f 248/248 259/259 253/253
f 248/248 254/254 259/259
f 249/249 260/260 254/254
f 249/249 255/255 260/260
f 250/250 261/261 255/255
f 250/250 256/256 261/261
f 257/257 262/262 256/256
f 257/257 263/263 262/262
f 253/253 264/264 258/258
f 253/253 259/259 264/264
f 254/254 265/265 259/259
f 254/254 260/260 265/265
f 255/255 266/266 260/260
f 255/255 261/261 266/266
f 256/256 267/267 261/261
f 256/256 262/262 267/267
f 263/263 268/268 262/262
f 263/263 269/269 268/268
f 259/259 270/270 264/264
f 259/259 265/265 270/270
f 260/260 271/271 265/265
f 260/260 266/266 271/271
f 261/261 272/272 266/266
f 261/261 267/267 272/272
f 262/262 273/273 267/267
f 262/262 268/268 273/273
f 269/269 274/274 268/268
f 269/269 275/275 274/274
f 265/265 276/276 270/270
f 265/265 271/271 276/276
f 266/266 277/277 271/271
f 266/266 272/272 277/277
f 267/267 278/278 272/272
f 267/267 273/273 278/278
f 268/268 279/279 273/273
f 268/268 274/274 279/279
f 275/275 280/280 274/274
f 275/275 281/281 280/280
f 271/271 282/282 276/276
f 271/271 277/277 282/282
f 272/272 283/283 277/277
f 272/272 278/278 283/283
f 273/273 284/284 278/278
f 273/273 279/279 284/284
f 274/274 285/285 279/279
f 274/274 280/280 285/285
f 281/281 286/286 280/280
f 281/281 287/287 286/286
f 277/277 288/288 282/282
f 277/277 283/283 288/288
f 278/278 289/289 283/283
f 278/278 284/284 289/289
f 279/279 290/290 284/284
f 279/279 285/285 290/290
f 280/280 291/291 285/285
f 280/280 286/286 291/291
f 287/287 292/292 286/286
f 287/287 293/293 292/292
f 283/283 294/294 288/288
f 283/283 289/289 294/294
f 284/284 295/295 289/289
f 284/284 290/290 295/295
f 285/285 296/296 290/290
f 285/285 291/291 296/296
f 286/286 297/297 291/291
f 286/286 292/292 297/297
f 293/293 298/298 292/292
f 293/293 299/299 298/298
f 289/289 300/300 294/294
f 289/289 295/295 300/300
f 290/290 301/301 295/295
f 290/290 296/296 301/301
f 291/291 302/302 296/296
f 291/291 297/297 302/302
f 292/292 303/303 297/297
f 292/292 298/298 303/303
f 299/299 304/304 298/298
f 299/299 305/305 304/304
f 295/295 306/306 300/300
f 295/295 301/301 306/306
f 296/296 307/307 301/301
f 296/296 302/302 307/307
f 297/297 308/308 302/302
f 297/297 303/303 308/308
f 298/298 309/309 303/303
f 298/298 304/304 309/309
f 305/305 310/310 304/304
f 305/305 311/311 310/310
f 301/301 312/312 306/306
f 301/301 307/307 312/312
f 302/302 313/313 307/307
f 302/302 308/308 313/313
f 303/303 314/314 308/308
f 303/303 309/309 314/314
f 304/304 315/315 309/309
f 304/304 310/310 315/315
f 311/311 316/316 310/310
f 311/311 317/317 316/316
f 317/317 318/318 316/316
f 310/310 316/316 319/319
f 310/310 319/319 315/315
f 316/316 318/318 320/320
f 316/316 320/320 319/319
f 318/318 321/321 320/320
f 309/309 315/315 322/322
f 309/309 322/322 314/314
f 308/308 314/314 323/323
f 308/308 323/323 313/313
f 315/315 319/319 324/324
f 315/315 324/324 322/322
f 320/320 321/321 325/325
f 321/321 326/326 325/325
f 319/319 320/320 327/327
f 319/319 327/327 324/324
f 320/320 325/325 327/327
f 314/314 322/322 328/328
f 314/314 328/328 323/323
f 325/325 326/326 329/329
f 326/326 330/330 329/329
f 322/322 324/324 331/331
f 322/322 331/331 328/328
f 324/324 327/327 332/332
f 324/324 332/332 331/331
f 327/327 325/325 333/333
f 325/325 329/329 333/333
f 327/327 333/333 332/332
f 329/329 330/330 334/334
f 330/330 335/335 334/334
f 333/333 329/329 336/336
f 329/329 334/334 336/336
f 332/332 333/333 337/337
f 333/333 336/336 337/337
f 331/331 332/332 338/338
f 332/332 337/337 338/338
f 328/328 331/331 339/339
f 331/331 338/338 339/339
f 334/334 335/335 340/340
f 335/335 341/341 340/340
f 336/336 334/334 342/342
f 334/334 340/340 342/342
f 337/337 336/336 343/343
f 336/336 342/342 343/343
f 338/338 337/337 344/344
f 337/337 343/343 344/344
f 340/340 341/341 345/345
f 341/341 346/346 345/345
f 342/342 340/340 347/347
f 340/340 345/345 347/347
f 343/343 342/342 348/348
f 342/342 347/347 348/348
f 345/345 346/346 349/349
f 346/346 350/350 349/349
f 347/347 345/345 351/351
f 345/345 349/349 351/351
f 349/349 350/350 352/352
f 350/350 353/353 352/352
f 338/338 344/344 354/354
f 339/339 338/338 354/354
f 344/344 343/343 355/355
f 343/343 348/348 355/355
f 348/348 347/347 356/356
f 347/347 351/351 356/356
f 351/351 349/349 357/357
f 349/349 352/352 357/357
f 352/352 353/353 358/358
f 353/353 359/359 358/358
f 354/354 344/344 360/360
f 344/344 355/355 360/360
f 355/355 348/348 361/361
f 348/348 356/356 361/361
f 356/356 351/351 362/362
f 351/351 357/357 362/362
f 357/357 352/352 363/363
f 352/352 358/358 363/363
f 358/358 359/359 364/364
f 359/359 365/365 364/364
f 360/360 355/355 366/366
f 355/355 361/361 366/366
f 361/361 356/356 367/367
f 356/356 362/362 367/367
f 362/362 357/357 368/368
f 357/357 363/363 368/368
f 363/363 358/358 369/369
f 358/358 364/364 369/369
f 364/364 365/365 370/370
f 365/365 371/371 370/370
f 366/366 361/361 372/372
f 361/361 367/367 372/372
f 367/367 362/362 373/373
f 362/362 368/368 373/373
f 368/368 363/363 374/374
f 363/363 369/369 374/374
f 369/369 364/364 375/375
f 364/364 370/370 375/375
f 370/370 371/371 376/376
f 371/371 377/377 376/376
f 372/372 367/367 378/378
f 367/367 373/373 378/378
f 373/373 368/368 379/379
f 368/368 374/374 379/379
f 374/374 369/369 380/380
f 369/369 375/375 380/380
f 375/375 370/370 381/381
f 370/370 376/376 381/381
f 376/376 377/377 382/382
f 377/377 383/383 382/382
f 378/378 373/373 384/384
f 373/373 379/379 384/384
f 379/379 374/374 385/385
f 374/374 380/380 385/385
f 380/380 375/375 386/386
f 375/375 381/381 386/386
f 381/381 376/376 387/387
f 376/376 382/382 387/387
f 382/382 383/383 388/388
f 383/383 389/389 388/388
f 384/384 379/379 390/390
f 379/379 385/385 390/390
f 385/385 380/380 391/391
f 380/380 386/386 391/391
f 386/386 381/381 392/392
f 381/381 387/387 392/392
f 387/387 382/382 393/393
f 382/382 388/388 393/393
f 388/388 389/389 394/394
f 389/389 395/395 394/394
f 390/390 385/385 396/396
f 385/385 391/391 396/396
f 391/391 386/386 397/397
f 386/386 392/392 397/397
f 392/392 387/387 398/398
f 387/387 393/393 398/398
f 393/393 388/388 399/399
f 388/388 394/394 399/399
f 394/394 395/395 400/400
f 395/395 401/401 400/400
f 396/396 391/391 402/402
f 391/391 397/397 402/402
f 397/397 392/392 403/403
f 392/392 398/398 403/403
f 398/398 393/393 404/404
f 393/393 399/399 404/404
f 399/399 394/394 405/405
f 394/394 400/400 405/405
f 400/400 401/401 406/406
f 401/401 407/407 406/406
f 402/402 397/397 408/408
f 397/397 403/403 408/408
f 403/403 398/398 409/409
f 398/398 404/404 409/409
f 404/404 399/399 410/410
f 399/399 405/405 410/410
f 405/405 400/400 411/411
f 400/400 406/406 411/411
f 406/406 407/407 412/412
f 407/407 413/413 412/412
f 408/408 403/403 414/414
f 403/403 409/409 414/414
f 409/409 404/404 415/415
f 404/404 410/410 415/415
f 410/410 405/405 416/416
f 405/405 411/411 416/416
f 411/411 406/406 417/417
f 406/406 412/412 417/417
f 412/412 413/413 418/418
f 413/413 419/419 418/418
f 414/414 409/409 420/420
f 409/409 415/415 420/420
f 415/415 410/410 421/421
f 410/410 416/416 421/421
f 416/416 411/411 422/422
f 411/411 417/417 422/422
f 417/417 412/412 423/423
f 412/412 418/418 423/423
f 418/418 419/419 424/424
f 419/419 425/425 424/424
f 420/420 415/415 426/426
f 415/415 421/421 426/426
f 421/421 416/416 427/427
f 416/416 422/422 427/427
f 422/422 417/417 428/428
f 417/417 423/423 428/428
f 423/423 418/418 429/429
f 418/418 424/424 429/429
f 424/424 425/425 430/430
f 425/425 431/431 430/430
f 426/426 421/421 432/432
f 421/421 427/427 432/432
f 427/427 422/422 433/433
f 422/422 428/428 433/433
f 428/428 423/423 434/434
f 423/423 429/429 434/434
f 429/429 424/424 435/435
f 424/424 430/430 435/435
f 430/430 431/431 436/436
f 431/431 437/437 436/436
f 432/432 427/427 438/438
f 427/427 433/433 438/438
f 433/433 428/428 439/439
f 428/428 434/434 439/439
f 434/434 429/429 440/440
f 429/429 435/435 440/440
f 435/435 430/430 441/441
f 430/430 436/436 441/441
f 436/436 437/437 442/442
f 437/437 443/443 442/442
f 438/438 433/433 444/444
f 433/433 439/439 444/444
f 439/439 434/434 445/445
f 434/434 440/440 445/445
f 440/440 435/435 446/446
f 435/435 441/441 446/446
f 441/441 436/436 447/447
f 436/436 442/442 447/447
f 442/442 443/443 448/448
f 443/443 449/449 448/448
f 444/444 439/439 450/450
f 439/439 445/445 450/450
f 445/445 440/440 451/451
f 440/440 446/446 451/451
f 446/446 441/441 452/452
f 441/441 447/447 452/452
f 447/447 442/442 453/453
f 442/442 448/448 453/453
f 448/448 449/449 454/454
f 449/449 455/455 454/454
f 450/450 445/445 456/456
f 445/445 451/451 456/456
f 451/451 446/446 457/457
f 446/446 452/452 457/457
f 452/452 447/447 458/458
f 447/447 453/453 458/458
f 453/453 448/448 459/459
f 448/448 454/454 459/459
f 454/454 455/455 460/460
f 455/455 461/461 460/460
f 456/456 451/451 462/462
f 451/451 457/457 462/462
f 457/457 452/452 463/463
f 452/452 458/458 463/463
f 458/458 453/453 464/464
f 453/453 459/459 464/464
f 459/459 454/454 465/465
f 454/454 460/460 465/465
f 460/460 461/461 466/466
f 461/461 467/467 466/466
f 462/462 457/457 468/468
f 457/457 463/463 468/468
f 463/463 458/458 469/469
f 458/458 464/464 469/469
f 464/464 459/459 470/470
f 459/459 465/465 470/470
f 465/465 460/460 471/471
f 460/460 466/466 471/471
f 466/466 467/467 472/472
f 467/467 473/473 472/472
f 468/468 463/463 474/474
f 463/463 469/469 474/474
f 469/469 464/464 475/475
f 464/464 470/470 475/475
f 470/470 465/465 476/476
f 465/465 471/471 476/476
f 471/471 466/466 477/477
f 466/466 472/472 477/477
f 472/472 473/473 478/478
f 473/473 479/479 478/478
f 474/474 469/469 480/480
f 469/469 475/475 480/480
f 475/475 470/470 481/481
f 470/470 476/476 481/481
f 476/476 471/471 482/482
f 471/471 477/477 482/482
f 477/477 472/472 483/483
f 472/472 478/478 483/483
f 478/478 479/479 484/484
f 479/479 485/485 484/484
f 480/480 475/475 486/486
f 475/475 481/481 486/486
f 481/481 476/476 487/487
f 476/476 482/482 487/487
f 482/482 477/477 488/488
f 477/477 483/483 488/488
f 483/483 478/478 489/489
f 478/478 484/484 489/489
f 484/484 485/485 490/490
f 485/485 491/491 490/490
f 486/486 481/481 492/492
f 481/481 487/487 492/492
f 487/487 482/482 493/493
f 482/482 488/488 493/493
f 488/488 483/483 494/494
f 483/483 489/489 494/494
f 489/489 484/484 495/495
f 484/484 490/490 495/495
f 490/490 491/491 496/496
f 491/491 497/497 496/496
f 492/492 487/487 498/498
f 487/487 493/493 498/498
f 493/493 488/488 499/499
f 488/488 494/494 499/499
f 494/494 489/489 500/500
f 489/489 495/495 500/500
f 495/495 490/490 501/501
f 490/490 496/496 501/501
f 496/496 497/497 502/502
f 497/497 503/503 502/502
f 498/498 493/493 504/504
f 493/493 499/499 504/504
f 499/499 494/494 505/505
f 494/494 500/500 505/505
f 500/500 495/495 506/506
f 495/495 501/501 506/506
f 501/501 496/496 507/507
f 496/496 502/502 507/507
f 502/502 503/503 508/508
f 503/503 509/509 508/508
f 504/504 499/499 510/510
f 499/499 505/505 510/510
f 505/505 500/500 511/511
f 500/500 506/506 511/511
f 506/506 501/501 512/512
f 501/501 507/507 512/512
f 507/507 502/502 513/513
f 502/502 508/508 513/513
f 508/508 509/509 514/514
f 509/509 515/515 514/514
f 510/510 505/505 516/516
f 505/505 511/511 516/516
f 511/511 506/506 517/517
f 506/506 512/512 517/517
f 512/512 507/507 518/518
f 507/507 513/513 518/518
f 513/513 508/508 519/519
f 508/508 514/514 519/519
f 514/514 515/515 520/520
f 515/515 521/521 520/520
f 516/516 511/511 522/522
f 511/511 517/517 522/522
f 517/517 512/512 523/523
f 512/512 518/518 523/523
f 518/518 513/513 524/524
f 513/513 519/519 524/524
f 519/519 514/514 525/525
f 514/514 520/520 525/525
f 520/520 521/521 526/526
f 521/521 527/527 526/526
f 522/522 517/517 528/528
f 517/517 523/523 528/528
f 523/523 518/518 529/529
f 518/518 524/524 529/529
f 524/524 519/519 530/530
f 519/519 525/525 530/530
f 525/525 520/520 531/531
f 520/520 526/526 531/531
f 526/526 527/527 532/532
f 527/527 533/533 532/532
f 528/528 523/523 534/534
f 523/523 529/529 534/534
f 529/529 524/524 535/535
f 524/524 530/530 535/535
f 530/530 525/525 536/536
f 525/525 531/531 536/536
f 531/531 526/526 537/537
f 526/526 532/532 537/537
f 532/532 533/533 538/538
f 533/533 539/539 538/538
f 534/534 529/529 540/540
f 529/529 535/535 540/540
f 535/535 530/530 541/541
f 530/530 536/536 541/541
f 536/536 531/531 542/542
f 531/531 537/537 542/542
f 537/537 532/532 543/543
f 532/532 538/538 543/543
f 538/538 539/539 544/544
f 539/539 545/545 544/544
f 540/540 535/535 546/546
f 535/535 541/541 546/546
f 541/541 536/536 547/547
f 536/536 542/542 547/547
f 542/542 537/537 548/548
f 537/537 543/543 548/548
f 543/543 538/538 549/549
f 538/538 544/544 549/549
f 544/544 545/545 550/550
f 545/545 551/551 550/550
f 546/546 541/541 552/552
f 541/541 547/547 552/552
f 547/547 542/542 553/553
f 542/542 548/548 553/553
f 548/548 543/543 554/554
f 543/543 549/549 554/554
f 549/549 544/544 555/555
f 544/544 550/550 555/555
f 550/550 551/551 556/556
f 551/551 557/557 556/556
f 552/552 547/547 558/558
f 547/547 553/553 558/558
f 553/553 548/548 559/559
f 548/548 554/554 559/559
f 554/554 549/549 560/560
f 549/549 555/555 560/560
f 555/555 550/550 561/561
f 550/550 556/556 561/561
f 556/556 557/557 562/562
f 557/557 563/563 562/562
f 558/558 553/553 564/564
f 553/553 559/559 564/564
f 559/559 554/554 565/565
f 554/554 560/560 565/565
f 560/560 555/555 566/566
f 555/555 561/561 566/566
f 561/561 556/556 567/567
f 556/556 562/562 567/567
f 562/562 563/563 568/568
f 563/563 569/569 568/568
f 564/564 559/559 570/570
f 559/559 565/565 570/570
f 565/565 560/560 571/571
f 560/560 566/566 571/571
f 566/566 561/561 572/572
f 561/561 567/567 572/572
f 567/567 562/562 573/573
f 562/562 568/568 573/573
f 568/568 569/569 574/574
f 569/569 575/575 574/574
f 570/570 565/565 576/576
f 565/565 571/571 576/576
f 571/571 566/566 577/577
f 566/566 572/572 577/577
f 572/572 567/567 578/578
f 567/567 573/573 578/578
f 573/573 568/568 579/579
f 568/568 574/574 579/579
f 574/574 575/575 580/580
f 575/575 581/581 580/580
f 576/576 571/571 582/582
f 571/571 577/577 582/582
f 577/577 572/572 583/583
f 572/572 578/578 583/583
f 578/578 573/573 584/584
f 573/573 579/579 584/584
f 579/579 574/574 585/585
f 574/574 580/580 585/585
f 580/580 581/581 586/586
f 581/581 587/587 586/586
f 582/582 577/577 588/588
f 577/577 583/583 588/588
f 583/583 578/578 589/589
f 578/578 584/584 589/589
f 584/584 579/579 590/590
f 579/579 585/585 590/590
f 585/585 580/580 591/591
f 580/580 586/586 591/591
f 586/586 587/587 592/592
f 587/587 593/593 592/592
f 588/588 583/583 594/594
f 583/583 589/589 594/594
f 589/589 584/584 595/595
f 584/584 590/590 595/595
f 590/590 585/585 596/596
f 585/585 591/591 596/596
f 591/591 586/586 597/597
f 586/586 592/592 597/597
f 592/592 593/593 598/598
f 593/593 599/599 598/598
f 594/594 589/589 600/600
f 589/589 595/595 600/600
f 595/595 590/590 601/601
f 590/590 596/596 601/601
f 596/596 591/591 602/602
f 591/591 597/597 602/602
f 597/597 592/592 603/603
f 592/592 598/598 603/603
f 598/598 599/599 604/604
f 599/599 605/605 604/604
f 600/600 595/595 606/606
f 595/595 601/601 606/606
f 601/601 596/596 607/607
f 596/596 602/602 607/607
f 602/602 597/597 608/608
f 597/597 603/603 608/608
f 603/603 598/598 609/609
f 598/598 604/604 609/609
f 604/604 605/605 610/610
f 605/605 611/611 610/610
f 606/606 601/601 612/612
f 601/601 607/607 612/612
f 607/607 602/602 613/613
f 602/602 608/608 613/613
f 608/608 603/603 614/614
f 603/603 609/609 614/614
f 609/609 604/604 615/615
f 604/604 610/610 615/615
f 610/610 611/611 616/616
f 611/611 617/617 616/616
f 612/612 607/607 618/618
f 607/607 613/613 618/618
f 613/613 608/608 619/619
f 608/608 614/614 619/619
f 614/614 609/609 620/620
f 609/609 615/615 620/620
f 615/615 610/610 621/621
f 610/610 616/616 621/621
f 616/616 617/617 622/622
f 617/617 623/623 622/622
f 622/622 623/623 624/624
f 623/623 625/625 624/624
f 622/622 624/624 626/626
f 616/616 622/622 627/627
f 627/627 622/622 626/626
f 621/621 616/616 627/627
f 627/627 626/626 628/628
f 629/629 627/627 628/628
f 621/621 627/627 629/629
f 629/629 628/628 630/630
f 615/615 621/621 631/631
f 631/631 621/621 629/629
f 620/620 615/615 631/631
f 632/632 629/629 630/630
f 631/631 629/629 632/632
f 632/632 630/630 633/633
f 620/620 631/631 634/634
f 634/634 631/631 632/632
f 635/635 632/632 633/633
f 634/634 632/632 635/635
f 635/635 633/633 636/636
f 637/637 620/620 634/634
f 614/614 620/620 637/637
f 619/619 614/614 637/637
f 638/638 635/635 636/636
f 638/638 636/636 639/639
f 640/640 634/634 635/635
f 637/637 634/634 640/640
f 640/640 635/635 638/638
f 619/619 637/637 641/641
f 641/641 637/637 640/640
f 642/642 638/638 639/639
f 642/642 639/639 643/643
f 644/644 640/640 638/638
f 641/641 640/640 644/644
f 644/644 638/638 642/642
f 645/645 619/619 641/641
f 613/613 619/619 645/645
f 618/618 613/613 645/645
f 646/646 642/642 643/643
f 646/646 643/643 647/647
f 648/648 641/641 644/644
f 645/645 641/641 648/648
f 649/649 644/644 642/642
f 649/649 642/642 646/646
f 648/648 644/644 649/649
f 618/618 645/645 650/650
f 650/650 645/645 648/648
f 651/651 646/646 647/647
f 651/651 647/647 652/652
f 653/653 649/649 646/646
f 653/653 646/646 651/651
f 654/654 648/648 649/649
f 650/650 648/648 654/654
f 654/654 649/649 653/653
f 655/655 618/618 650/650
f 612/612 618/618 655/655
f 656/656 651/651 652/652
f 656/656 652/652 657/657
f 658/658 653/653 651/651
f 658/658 651/651 656/656
f 659/659 654/654 653/653
f 659/659 653/653 658/658
f 660/660 650/650 654/654
f 655/655 650/650 660/660
f 660/660 654/654 659/659
f 661/661 612/612 655/655
f 606/606 612/612 661/661
f 662/662 656/656 657/657
f 662/662 657/657 663/663
f 664/664 658/658 656/656
f 664/664 656/656 662/662
f 665/665 659/659 658/658
f 665/665 658/658 664/664
f 666/666 660/660 659/659
f 666/666 659/659 665/665
f 667/667 655/655 660/660
f 661/661 655/655 667/667
f 667/667 660/660 666/666
f 668/668 606/606 661/661
f 600/600 606/606 668/668
f 669/669 662/662 663/663
f 669/669 663/663 670/670
f 671/671 664/664 662/662
f 671/671 662/662 669/669
f 672/672 665/665 664/664
f 672/672 664/664 671/671
f 673/673 666/666 665/665
f 673/673 665/665 672/672
f 674/674 661/661 667/667
f 668/668 661/661 674/674
f 675/675 667/667 666/666
f 675/675 666/666 673/673
f 674/674 667/667 675/675
f 676/676 600/600 668/668
f 594/594 600/600 676/676
f 677/677 668/668 674/674
f 676/676 668/668 677/677
f 678/678 674/674 675/675
f 677/677 674/674 678/678
f 679/679 675/675 673/673
f 678/678 675/675 679/679
f 680/680 673/673 672/672
f 679/679 673/673 680/680
f 681/681 594/594 676/676
f 588/588 594/594 681/681
f 682/682 676/676 677/677
f 681/681 676/676 682/682
f 683/683 677/677 678/678
f 682/682 677/677 683/683
f 684/684 678/678 679/679
f 683/683 678/678 684/684
f 685/685 588/588 681/681
f 582/582 588/588 685/685
f 686/686 681/681 682/682
f 685/685 681/681 686/686
f 687/687 682/682 683/683
f 686/686 682/682 687/687
f 688/688 582/582 685/685
f 576/576 582/582 688/688
f 689/689 685/685 686/686
f 688/688 685/685 689/689
f 690/690 576/576 688/688
f 570/570 576/576 690/690
f 684/684 679/679 691/691
f 691/691 679/679 680/680
f 692/692 683/683 684/684
f 687/687 683/683 692/692
f 693/693 686/686 687/687
f 689/689 686/686 693/693
f 694/694 688/688 689/689
f 690/690 688/688 694/694
f 695/695 570/570 690/690
f 564/564 570/570 695/695
f 696/696 684/684 691/691
f 692/692 684/684 696/696
f 697/697 687/687 692/692
f 693/693 687/687 697/697
f 698/698 689/689 693/693
f 694/694 689/689 698/698
f 699/699 690/690 694/694
f 695/695 690/690 699/699
f 700/700 564/564 695/695
f 558/558 564/564 700/700
f 701/701 692/692 696/696
f 697/697 692/692 701/701
f 702/702 693/693 697/697
f 698/698 693/693 702/702
f 703/703 694/694 698/698
f 699/699 694/694 703/703
f 704/704 695/695 699/699
f 700/700 695/695 704/704
f 705/705 558/558 700/700
f 552/552 558/558 705/705
f 706/706 697/697 701/701
f 702/702 697/697 706/706
f 707/707 698/698 702/702
f 703/703 698/698 707/707
f 708/708 699/699 703/703
f 704/704 699/699 708/708
f 709/709 700/700 704/704
f 705/705 700/700 709/709
f 710/710 552/552 705/705
f 546/546 552/552 710/710
f 711/711 702/702 706/706
f 707/707 702/702 711/711
f 712/712 703/703 707/707
f 708/708 703/703 712/712
f 713/713 704/704 708/708
f 709/709 704/704 713/713
f 714/714 705/705 709/709
f 710/710 705/705 714/714
f 715/715 546/546 710/710
f 540/540 546/546 715/715
f 716/716 707/707 711/711
f 712/712 707/707 716/716
f 717/717 708/708 712/712
f 713/713 708/708 717/717
f 718/718 709/709 713/713
f 714/714 709/709 718/718
f 719/719 710/710 714/714
f 715/715 710/710 719/719
f 720/720 540/540 715/715
f 534/534 540/540 720/720
f 721/721 712/712 716/716
f 717/717 712/712 721/721
f 722/722 713/713 717/717
f 718/718 713/713 722/722
f 723/723 714/714 718/718
f 719/719 714/714 723/723
f 724/724 715/715 719/719
f 720/720 715/715 724/724
f 725/725 534/534 720/720
f 528/528 534/534 725/725
f 726/726 717/717 721/721
f 722/722 717/717 726/726
f 727/727 718/718 722/722
f 723/723 718/718 727/727
f 728/728 719/719 723/723
f 724/724 719/719 728/728
f 729/729 720/720 724/724
f 725/725 720/720 729/729
f 730/730 528/528 725/725
f 522/522 528/528 730/730
f 731/731 722/722 726/726
f 727/727 722/722 731/731
f 732/732 723/723 727/727
f 728/728 723/723 732/732
f 733/733 724/724 728/728
f 729/729 724/724 733/733
f 734/734 725/725 729/729
f 730/730 725/725 734/734
f 735/735 522/522 730/730
f 516/516 522/522 735/735
f 736/736 727/727 731/731
f 732/732 727/727 736/736
f 737/737 728/728 732/732
f 733/733 728/728 737/737
f 738/738 729/729 733/733
f 734/734 729/729 738/738
f 739/739 730/730 734/734
f 735/735 730/730 739/739
f 740/740 516/516 735/735
f 510/510 516/516 740/740
f 741/741 732/732 736/736
f 737/737 732/732 741/741
f 742/742 733/733 737/737
f 738/738 733/733 742/742
f 743/743 734/734 738/738
f 739/739 734/734 743/743
f 744/744 735/735 739/739
f 740/740 735/735 744/744
f 745/745 510/510 740/740
f 504/504 510/510 745/745
f 746/746 737/737 741/741
f 742/742 737/737 746/746
f 747/747 738/738 742/742
f 743/743 738/738 747/747
f 748/748 739/739 743/743
f 744/744 739/739 748/748
f 749/749 740/740 744/744
f 745/745 740/740 749/749
f 750/750 504/504 745/745
f 498/498 504/504 750/750
f 751/751 742/742 746/746
f 747/747 742/742 751/751
f 752/752 743/743 747/747
f 748/748 743/743 752/752
f 753/753 744/744 748/748
f 749/749 744/744 753/753
f 754/754 745/745 749/749
f 750/750 745/745 754/754
f 755/755 498/498 750/750
f 492/492 498/498 755/755
f 756/756 747/747 751/751
f 752/752 747/747 756/756
f 757/757 748/748 752/752
f 753/753 748/748 757/757
f 758/758 749/749 753/753
f 754/754 749/749 758/758
f 759/759 750/750 754/754
f 755/755 750/750 759/759
f 760/760 492/492 755/755
f 486/486 492/492 760/760
f 761/761 752/752 756/756
f 757/757 752/752 761/761
f 762/762 753/753 757/757
f 758/758 753/753 762/762
f 763/763 754/754 758/758
f 759/759 754/754 763/763
f 764/764 755/755 759/759
f 760/760 755/755 764/764
f 765/765 486/486 760/760
f 480/480 486/486 765/765
f 766/766 757/757 761/761
f 762/762 757/757 766/766
f 767/767 758/758 762/762
f 763/763 758/758 767/767
f 768/768 759/759 763/763
f 764/764 759/759 768/768
f 769/769 760/760 764/764
f 765/765 760/760 769/769
f 770/770 480/480 765/765
f 474/474 480/480 770/770
f 771/771 762/762 766/766
f 767/767 762/762 771/771
f 772/772 763/763 767/767
f 768/768 763/763 772/772
f 773/773 764/764 768/768
f 769/769 764/764 773/773
f 774/774 765/765 769/769
f 770/770 765/765 774/774
f 775/775 474/474 770/770
f 468/468 474/474 775/775
f 776/776 767/767 771/771
f 772/772 767/767 776/776
f 777/777 768/768 772/772
f 773/773 768/768 777/777
f 778/778 769/769 773/773
f 774/774 769/769 778/778
f 779/779 770/770 774/774
f 775/775 770/770 779/779
f 780/780 468/468 775/775
f 462/462 468/468 780/780
f 781/781 772/772 776/776
f 777/777 772/772 781/781
f 782/782 773/773 777/777
f 778/778 773/773 782/782
f 783/783 774/774 778/778
f 779/779 774/774 783/783
f 784/784 775/775 779/779
f 780/780 775/775 784/784
f 785/785 462/462 780/780
f 456/456 462/462 785/785
f 786/786 777/777 781/781
f 782/782 777/777 786/786
f 787/787 778/778 782/782
f 783/783 778/778 787/787
f 788/788 779/779 783/783
f 784/784 779/779 788/788
f 789/789 780/780 784/784
f 785/785 780/780 789/789
f 790/790 456/456 785/785
f 450/450 456/456 790/790
f 791/791 782/782 786/786
f 787/787 782/782 791/791
f 792/792 783/783 787/787
f 788/788 783/783 792/792
f 793/793 784/784 788/788
f 789/789 784/784 793/793
f 794/794 785/785 789/789
f 790/790 785/785 794/794
f 795/795 450/450 790/790
f 444/444 450/450 795/795
f 796/796 787/787 791/791
f 792/792 787/787 796/796
f 797/797 788/788 792/792
f 793/793 788/788 797/797
f 798/798 789/789 793/793
f 794/794 789/789 798/798
f 799/799 790/790 794/794
f 795/795 790/790 799/799
f 800/800 444/444 795/795
f 438/438 444/444 800/800
f 801/801 792/792 796/796
f 797/797 792/792 801/801
f 802/802 793/793 797/797
f 798/798 793/793 802/802
f 803/803 794/794 798/798
f 799/799 794/794 803/803
f 804/804 795/795 799/799
f 800/800 795/795 804/804
f 805/805 438/438 800/800
f 432/432 438/438 805/805
f 806/806 797/797 801/801
f 802/802 797/797 806/806
f 807/807 798/798 802/802
f 803/803 798/798 807/807
f 808/808 799/799 803/803
f 804/804 799/799 808/808
f 809/809 800/800 804/804
f 805/805 800/800 809/809
f 810/810 432/432 805/805
f 426/426 432/432 810/810
f 811/811 802/802 806/806
f 807/807 802/802 811/811
f 812/812 803/803 807/807
f 808/808 803/803 812/812
f 813/813 804/804 808/808
f 809/809 804/804 813/813
f 814/814 805/805 809/809
f 810/810 805/805 814/814
f 815/815 426/426 810/810
f 420/420 426/426 815/815
f 816/816 807/807 811/811
f 812/812 807/807 816/816
f 817/817 808/808 812/812
f 813/813 808/808 817/817
f 818/818 809/809 813/813
f 814/814 809/809 818/818
f 819/819 810/810 814/814
f 815/815 810/810 819/819
f 820/820 420/420 815/815
f 414/414 420/420 820/820
f 821/821 812/812 816/816
f 817/817 812/812 821/821
f 822/822 813/813 817/817
f 818/818 813/813 822/822
f 823/823 814/814 818/818
f 819/819 814/814 823/823
f 824/824 815/815 819/819
f 820/820 815/815 824/824
f 825/825 414/414 820/820
f 408/408 414/414 825/825
f 826/826 817/817 821/821
f 822/822 817/817 826/826
f 827/827 818/818 822/822
f 823/823 818/818 827/827
f 828/828 819/819 823/823
f 824/824 819/819 828/828
f 829/829 820/820 824/824
f 825/825 820/820 829/829
f 830/830 408/408 825/825
f 402/402 408/408 830/830
f 831/831 822/822 826/826
f 827/827 822/822 831/831
f 832/832 823/823 827/827
f 828/828 823/823 832/832
f 833/833 824/824 828/828
f 829/829 824/824 833/833
f 834/834 825/825 829/829
f 830/830 825/825 834/834
f 835/835 402/402 830/830
f 396/396 402/402 835/835
f 836/836 827/827 831/831
f 832/832 827/827 836/836
f 837/837 828/828 832/832
f 833/833 828/828 837/837
f 838/838 829/829 833/833
f 834/834 829/829 838/838
f 839/839 830/830 834/834
f 835/835 830/830 839/839
f 840/840 396/396 835/835
f 390/390 396/396 840/840
f 841/841 832/832 836/836
f 837/837 832/832 841/841
f 842/842 833/833 837/837
f 838/838 833/833 842/842
f 843/843 834/834 838/838
f 839/839 834/834 843/843
f 844/844 835/835 839/839
f 840/840 835/835 844/844
f 845/845 390/390 840/840
f 384/384 390/390 845/845
f 846/846 837/837 841/841
f 842/842 837/837 846/846
f 847/847 838/838 842/842
f 843/843 838/838 847/847
f 848/848 839/839 843/843
f 844/844 839/839 848/848
f 849/849 840/840 844/844
f 845/845 840/840 849/849
f 850/850 384/384 845/845
f 378/378 384/384 850/850
f 851/851 842/842 846/846
f 847/847 842/842 851/851
f 852/852 843/843 847/847
f 848/848 843/843 852/852
f 853/853 844/844 848/848
f 849/849 844/844 853/853
f 854/854 845/845 849/849
f 850/850 845/845 854/854
f 855/855 378/378 850/850
f 372/372 378/378 855/855
f 856/856 847/847 851/851
f 852/852 847/847 856/856
f 857/857 848/848 852/852
f 853/853 848/848 857/857
f 858/858 849/849 853/853
f 854/854 849/849 858/858
f 859/859 850/850 854/854
f 855/855 850/850 859/859
f 860/860 372/372 855/855
f 366/366 372/372 860/860
f 861/861 852/852 856/856
f 857/857 852/852 861/861
f 862/862 853/853 857/857
f 858/858 853/853 862/862
f 863/863 854/854 858/858
f 859/859 854/854 863/863
f 864/864 855/855 859/859
f 860/860 855/855 864/864
f 865/865 366/366 860/860
f 360/360 366/366 865/865
f 866/866 857/857 861/861
f 862/862 857/857 866/866
f 867/867 858/858 862/862
f 863/863 858/858 867/867
f 868/868 859/859 863/863
f 864/864 859/859 868/868
f 869/869 860/860 864/864
f 865/865 860/860 869/869
f 870/870 360/360 865/865
f 354/354 360/360 870/870
f 871/871 862/862 866/866
f 867/867 862/862 871/871
f 872/872 863/863 867/867
f 868/868 863/863 872/872
f 873/873 864/864 868/868
f 869/869 864/864 873/873
f 874/874 865/865 869/869
f 870/870 865/865 874/874
f 875/875 354/354 870/870
f 339/339 354/354 875/875
f 876/876 867/867 871/871
f 872/872 867/867 876/876
f 877/877 868/868 872/872
f 873/873 868/868 877/877
f 878/878 869/869 873/873
f 874/874 869/869 878/878
f 879/879 870/870 874/874
f 875/875 870/870 879/879
f 880/880 339/339 875/875
f 328/328 339/339 880/880
f 323/323 328/328 880/880
f 880/880 875/875 881/881
f 881/881 875/875 879/879
f 323/323 880/880 882/882
f 882/882 880/880 881/881
f 313/313 323/323 882/882
f 879/879 874/874 883/883
f 883/883 874/874 878/878
f 878/878 873/873 884/884
f 884/884 873/873 877/877
f 881/881 879/879 885/885
f 885/885 879/879 883/883
f 313/313 882/882 886/886
f 307/307 313/313 886/886
f 307/307 886/886 312/312
f 882/882 881/881 887/887
f 886/886 882/882 887/887
f 887/887 881/881 885/885
f 883/883 878/878 888/888
f 888/888 878/878 884/884
f 312/312 886/886 889/889
f 886/886 887/887 889/889
f 885/885 883/883 890/890
f 890/890 883/883 888/888
f 887/887 885/885 891/891
f 889/889 887/887 891/891
f 891/891 885/885 890/890
f 312/312 889/889 892/892
f 306/306 312/312 892/892
f 889/889 891/891 893/893
f 892/892 889/889 893/893
f 891/891 890/890 894/894
f 893/893 891/891 894/894
f 890/890 888/888 895/895
f 894/894 890/890 895/895
f 888/888 884/884 896/896
f 895/895 888/888 896/896
f 306/306 892/892 897/897
f 300/300 306/306 897/897
f 892/892 893/893 898/898
f 897/897 892/892 898/898
f 893/893 894/894 899/899
f 898/898 893/893 899/899
f 894/894 895/895 900/900
f 899/899 894/894 900/900
f 300/300 897/897 901/901
f 294/294 300/300 901/901
f 897/897 898/898 902/902
f 901/901 897/897 902/902
f 898/898 899/899 903/903
f 902/902 898/898 903/903
f 294/294 901/901 904/904
f 288/288 294/294 904/904
f 901/901 902/902 905/905
f 904/904 901/901 905/905
f 288/288 904/904 906/906
f 282/282 288/288 906/906
f 900/900 895/895 907/907
f 895/895 896/896 907/907
f 899/899 900/900 908/908
f 903/903 899/899 908/908
f 902/902 903/903 909/909
f 905/905 902/902 909/909
f 904/904 905/905 910/910
f 906/906 904/904 910/910
f 282/282 906/906 911/911
f 276/276 282/282 911/911
f 900/900 907/907 912/912
f 908/908 900/900 912/912
f 903/903 908/908 913/913
f 909/909 903/903 913/913
f 905/905 909/909 914/914
f 910/910 905/905 914/914
f 906/906 910/910 915/915
f 911/911 906/906 915/915
f 276/276 911/911 916/916
f 270/270 276/276 916/916
f 908/908 912/912 917/917
f 913/913 908/908 917/917
f 909/909 913/913 918/918
f 914/914 909/909 918/918
f 910/910 914/914 919/919
f 915/915 910/910 919/919
f 911/911 915/915 920/920
f 916/916 911/911 920/920
f 270/270 916/916 921/921
f 264/264 270/270 921/921
f 913/913 917/917 922/922
f 918/918 913/913 922/922
f 914/914 918/918 923/923
f 919/919 914/914 923/923
f 915/915 919/919 924/924
f 920/920 915/915 924/924
f 916/916 920/920 925/925
f 921/921 916/916 925/925
f 264/264 921/921 926/926
f 258/258 264/264 926/926
f 918/918 922/922 927/927
f 923/923 918/918 927/927
f 919/919 923/923 928/928
f 924/924 919/919 928/928
f 920/920 924/924 929/929
f 925/925 920/920 929/929
f 921/921 925/925 930/930
f 926/926 921/921 930/930
f 258/258 926/926 931/931
f 252/252 258/258 931/931
f 923/923 927/927 932/932
f 928/928 923/923 932/932
f 924/924 928/928 933/933
f 929/929 924/924 933/933
f 925/925 929/929 934/934
f 930/930 925/925 934/934
f 926/926 930/930 935/935
f 931/931 926/926 935/935
f 252/252 931/931 936/936
f 246/246 252/252 936/936
f 928/928 932/932 937/937
f 933/933 928/928 937/937
f 929/929 933/933 938/938
f 934/934 929/929 938/938
f 930/930 934/934 939/939
f 935/935 930/930 939/939
f 931/931 935/935 940/940
f 936/936 931/931 940/940
f 246/246 936/936 941/941
f 240/240 246/246 941/941
f 933/933 937/937 942/942
f 938/938 933/933 942/942
f 934/934 938/938 943/943
f 939/939 934/934 943/943
f 935/935 939/939 944/944
f 940/940 935/935 944/944
f 936/936 940/940 945/945
f 941/941 936/936 945/945
f 240/240 941/941 946/946
f 234/234 240/240 946/946
f 938/938 942/942 947/947
f 943/943 938/938 947/947
f 939/939 943/943 948/948
f 944/944 939/939 948/948
f 940/940 944/944 949/949
f 945/945 940/940 949/949
f 941/941 945/945 950/950
f 946/946 941/941 950/950
f 234/234 946/946 951/951
f 228/228 234/234 951/951
f 943/943 947/947 952/952
f 948/948 943/943 952/952
f 944/944 948/948 953/953
f 949/949 944/944 953/953
f 945/945 949/949 954/954
f 950/950 945/945 954/954
f 946/946 950/950 955/955
f 951/951 946/946 955/955
f 228/228 951/951 956/956
f 222/222 228/228 956/956
f 948/948 952/952 957/957
f 953/953 948/948 957/957
f 949/949 953/953 958/958
f 954/954 949/949 958/958
f 950/950 954/954 959/959
f 955/955 950/950 959/959
f 951/951 955/955 960/960
f 956/956 951/951 960/960
f 222/222 956/956 961/961
f 216/216 222/222 961/961
f 953/953 957/957 962/962
f 958/958 953/953 962/962
f 954/954 958/958 963/963
f 959/959 954/954 963/963
f 955/955 959/959 964/964
f 960/960 955/955 964/964
f 956/956 960/960 965/965
f 961/961 956/956 965/965
f 216/216 961/961 966/966
f 210/210 216/216 966/966
f 958/958 962/962 967/967
f 963/963 958/958 967/967
f 959/959 963/963 968/968
f 964/964 959/959 968/968
f 960/960 964/964 969/969
f 965/965 960/960 969/969
f 961/961 965/965 970/970
f 966/966 961/961 970/970
f 210/210 966/966 971/971
f 204/204 210/210 971/971
f 963/963 967/967 972/972
f 968/968 963/963 972/972
f 964/964 968/968 973/973
f 969/969 964/964 973/973
f 965/965 969/969 974/974
f 970/970 965/965 974/974
f 966/966 970/970 975/975
f 971/971 966/966 975/975
f 204/204 971/971 976/976
f 198/198 204/204 976/976
f 968/968 972/972 977/977
f 973/973 968/968 977/977
f 969/969 973/973 978/978
f 974/974 969/969 978/978
f 970/970 974/974 979/979
f 975/975 970/970 979/979
f 971/971 975/975 980/980
f 976/976 971/971 980/980
f 198/198 976/976 981/981
f 192/192 198/198 981/981
f 973/973 977/977 982/982
f 978/978 973/973 982/982
f 974/974 978/978 983/983
f 979/979 974/974 983/983
f 975/975 979/979 984/984
f 980/980 975/975 984/984
f 976/976 980/980 985/985
f 981/981 976/976 985/985
f 192/192 981/981 986/986
f 186/186 192/192 986/986
f 978/978 982/982 987/987
f 983/983 978/978 987/987
f 979/979 983/983 988/988
f 984/984 979/979 988/988
f 980/980 984/984 989/989
f 985/985 980/980 989/989
f 981/981 985/985 990/990
f 986/986 981/981 990/990
f 186/186 986/986 991/991
f 180/180 186/186 991/991
f 983/983 987/987 992/992
f 988/988 983/983 992/992
f 984/984 988/988 993/993
f 989/989 984/984 993/993
f 985/985 989/989 994/994
f 990/990 985/985 994/994
f 986/986 990/990 995/995
f 991/991 986/986 995/995
f 180/180 991/991 996/996
f 174/174 180/180 996/996
f 988/988 992/992 997/997
f 993/993 988/988 997/997
f 989/989 993/993 998/998
f 994/994 989/989 998/998
f 990/990 994/994 999/999
f 995/995 990/990 999/999
f 991/991 995/995 1000/1000
f 996/996 991/991 1000/1000
f 174/174 996/996 1001/1001
f 168/168 174/174 1001/1001
f 993/993 997/997 1002/1002
f 998/998 993/993 1002/1002
f 994/994 998/998 1003/1003
f 999/999 994/994 1003/1003
f 995/995 999/999 1004/1004
f 1000/1000 995/995 1004/1004
f 996/996 1000/1000 1005/1005
f 1001/1001 996/996 1005/1005
f 168/168 1001/1001 1006/1006
f 162/162 168/168 1006/1006
f 998/998 1002/1002 1007/1007
f 1003/1003 998/998 1007/1007
f 999/999 1003/1003 1008/1008
f 1004/1004 999/999 1008/1008
f 1000/1000 1004/1004 1009/1009
f 1005/1005 1000/1000 1009/1009
f 1001/1001 1005/1005 1010/1010
f 1006/1006 1001/1001 1010/1010
f 162/162 1006/1006 1011/1011
f 156/156 162/162 1011/1011
f 1003/1003 1007/1007 1012/1012
f 1008/1008 1003/1003 1012/1012
f 1004/1004 1008/1008 1013/1013
f 1009/1009 1004/1004 1013/1013
f 1005/1005 1009/1009 1014/1014
f 1010/1010 1005/1005 1014/1014
f 1006/1006 1010/1010 1015/1015
f 1011/1011 1006/1006 1015/1015
f 156/156 1011/1011 1016/1016
f 150/150 156/156 1016/1016
f 1008/1008 1012/1012 1017/1017
f 1013/1013 1008/1008 1017/1017
f 1009/1009 1013/1013 1018/1018
f 1014/1014 1009/1009 1018/1018
f 1010/1010 1014/1014 1019/1019
f 1015/1015 1010/1010 1019/1019
f 1011/1011 1015/1015 1020/1020
f 1016/1016 1011/1011 1020/1020
f 150/150 1016/1016 1021/1021
f 144/144 150/150 1021/1021
f 1013/1013 1017/1017 1022/1022
f 1018/1018 1013/1013 1022/1022
f 1014/1014 1018/1018 1023/1023
f 1019/1019 1014/1014 1023/1023
f 1015/1015 1019/1019 1024/1024
f 1020/1020 1015/1015 1024/1024
f 1016/1016 1020/1020 1025/1025
f 1021/1021 1016/1016 1025/1025
f 144/144 1021/1021 1026/1026
f 138/138 144/144 1026/1026
f 1018/1018 1022/1022 1027/1027
f 1023/1023 1018/1018 1027/1027
f 1019/1019 1023/1023 1028/1028
f 1024/1024 1019/1019 1028/1028
f 1020/1020 1024/1024 1029/1029
f 1025/1025 1020/1020 1029/1029
f 1021/1021 1025/1025 1030/1030
f 1026/1026 1021/1021 1030/1030
f 138/138 1026/1026 1031/1031
f 132/132 138/138 1031/1031
f 1023/1023 1027/1027 1032/1032
f 1028/1028 1023/1023 1032/1032
f 1024/1024 1028/1028 1033/1033
f 1029/1029 1024/1024 1033/1033
f 1025/1025 1029/1029 1034/1034
f 1030/1030 1025/1025 1034/1034
f 1026/1026 1030/1030 1035/1035
f 1031/1031 1026/1026 1035/1035
f 132/132 1031/1031 1036/1036
f 126/126 132/132 1036/1036
f 1028/1028 1032/1032 1037/1037
f 1033/1033 1028/1028 1037/1037
f 1029/1029 1033/1033 1038/1038
f 1034/1034 1029/1029 1038/1038
f 1030/1030 1034/1034 1039/1039
f 1035/1035 1030/1030 1039/1039
f 1031/1031 1035/1035 1040/1040
f 1036/1036 1031/1031 1040/1040
f 126/126 1036/1036 1041/1041
f 120/120 126/126 1041/1041
f 1033/1033 1037/1037 1042/1042
f 1038/1038 1033/1033 1042/1042
f 1034/1034 1038/1038 1043/1043
f 1039/1039 1034/1034 1043/1043
f 1035/1035 1039/1039 1044/1044
f 1040/1040 1035/1035 1044/1044
f 1036/1036 1040/1040 1045/1045
f 1041/1041 1036/1036 1045/1045
f 120/120 1041/1041 1046/1046
f 114/114 120/120 1046/1046
f 1038/1038 1042/1042 1047/1047
f 1043/1043 1038/1038 1047/1047
f 1039/1039 1043/1043 1048/1048
f 1044/1044 1039/1039 1048/1048
f 1040/1040 1044/1044 1049/1049
f 1045/1045 1040/1040 1049/1049
f 1041/1041 1045/1045 1050/1050
f 1046/1046 1041/1041 1050/1050
f 114/114 1046/1046 1051/1051
f 108/108 114/114 1051/1051
f 1043/1043 1047/1047 1052/1052
f 1048/1048 1043/1043 1052/1052
f 1044/1044 1048/1048 1053/1053
f 1049/1049 1044/1044 1053/1053
f 1045/1045 1049/1049 1054/1054
f 1050/1050 1045/1045 1054/1054
f 1046/1046 1050/1050 1055/1055
f 1051/1051 1046/1046 1055/1055
f 108/108 1051/1051 1056/1056
f 102/102 108/108 1056/1056
f 1048/1048 1052/1052 1057/1057
f 1053/1053 1048/1048 1057/1057
f 1049/1049 1053/1053 1058/1058
f 1054/1054 1049/1049 1058/1058
f 1050/1050 1054/1054 1059/1059
f 1055/1055 1050/1050 1059/1059
f 1051/1051 1055/1055 1060/1060
f 1056/1056 1051/1051 1060/1060
f 102/102 1056/1056 1061/1061
f 96/96 102/102 1061/1061
f 1053/1053 1057/1057 1062/1062
f 1058/1058 1053/1053 1062/1062
f 1054/1054 1058/1058 1063/1063
f 1059/1059 1054/1054 1063/1063
f 1055/1055 1059/1059 1064/1064
f 1060/1060 1055/1055 1064/1064
f 1056/1056 1060/1060 1065/1065
f 1061/1061 1056/1056 1065/1065
f 96/96 1061/1061 1066/1066
f 90/90 96/96 1066/1066
f 1058/1058 1062/1062 1067/1067
f 1063/1063 1058/1058 1067/1067
f 1059/1059 1063/1063 1068/1068
f 1064/1064 1059/1059 1068/1068
f 1060/1060 1064/1064 1069/1069
f 1065/1065 1060/1060 1069/1069
f 1061/1061 1065/1065 1070/1070
f 1066/1066 1061/1061 1070/1070
f 90/90 1066/1066 1071/1071
f 84/84 90/90 1071/1071
f 1063/1063 1067/1067 1072/1072
f 1068/1068 1063/1063 1072/1072
f 1064/1064 1068/1068 1073/1073
f 1069/1069 1064/1064 1073/1073
f 1065/1065 1069/1069 1074/1074
f 1070/1070 1065/1065 1074/1074
f 1066/1066 1070/1070 1075/1075
f 1071/1071 1066/1066 1075/1075
f 84/84 1071/1071 1076/1076
f 78/78 84/84 1076/1076
f 1068/1068 1072/1072 1077/1077
f 1073/1073 1068/1068 1077/1077
f 1069/1069 1073/1073 1078/1078
f 1074/1074 1069/1069 1078/1078
f 1070/1070 1074/1074 1079/1079
f 1075/1075 1070/1070 1079/1079
f 1071/1071 1075/1075 1080/1080
f 1076/1076 1071/1071 1080/1080
f 78/78 1076/1076 1081/1081
f 72/72 78/78 1081/1081
f 1073/1073 1077/1077 1082/1082
f 1078/1078 1073/1073 1082/1082
f 1074/1074 1078/1078 1083/1083
f 1079/1079 1074/1074 1083/1083
f 1075/1075 1079/1079 1084/1084
f 1080/1080 1075/1075 1084/1084
f 1076/1076 1080/1080 1085/1085
f 1081/1081 1076/1076 1085/1085
f 72/72 1081/1081 1086/1086
f 66/66 72/72 1086/1086
f 1078/1078 1082/1082 1087/1087
f 1083/1083 1078/1078 1087/1087
f 1079/1079 1083/1083 1088/1088
f 1084/1084 1079/1079 1088/1088
f 1080/1080 1084/1084 1089/1089
f 1085/1085 1080/1080 1089/1089
f 1081/1081 1085/1085 1090/1090
f 1086/1086 1081/1081 1090/1090
f 66/66 1086/1086 1091/1091
f 51/51 66/66 1091/1091
f 1083/1083 1087/1087 1092/1092
f 1088/1088 1083/1083 1092/1092
f 1084/1084 1088/1088 1093/1093
f 1089/1089 1084/1084 1093/1093
f 1085/1085 1089/1089 1094/1094
f 1090/1090 1085/1085 1094/1094
f 1086/1086 1090/1090 1095/1095
f 1091/1091 1086/1086 1095/1095
f 51/51 1091/1091 1096/1096
f 42/42 51/51 1096/1096
f 42/42 1096/1096 41/41
f 1096/1096 1091/1091 1097/1097
f 1091/1091 1095/1095 1097/1097
f 41/41 1096/1096 1098/1098
f 1096/1096 1097/1097 1098/1098
f 41/41 1098/1098 37/37
f 1095/1095 1090/1090 1099/1099
f 1090/1090 1094/1094 1099/1099
f 1094/1094 1089/1089 1100/1100
f 1089/1089 1093/1093 1100/1100
f 1097/1097 1095/1095 1101/1101
f 1095/1095 1099/1099 1101/1101
f 37/37 1098/1098 1102/1102
f 37/37 1102/1102 38/38
f 38/38 1102/1102 1103/1103
f 1098/1098 1097/1097 1104/1104
f 1098/1098 1104/1104 1102/1102
f 1097/1097 1101/1101 1104/1104
f 1102/1102 1105/1105 1103/1103
f 1102/1102 1104/1104 1105/1105
f 1103/1103 1105/1105 1106/1106
f 1099/1099 1094/1094 1107/1107
f 1094/1094 1100/1100 1107/1107
f 1104/1104 1101/1101 1108/1108
f 1104/1104 1108/1108 1105/1105
f 1105/1105 1109/1109 1106/1106
f 1105/1105 1108/1108 1109/1109
f 1106/1106 1109/1109 1110/1110
f 1101/1101 1099/1099 1111/1111
f 1101/1101 1111/1111 1108/1108
f 1099/1099 1107/1107 1111/1111
f 1109/1109 1112/1112 1110/1110
f 1110/1110 1112/1112 1113/1113
f 1108/1108 1114/1114 1109/1109
f 1108/1108 1111/1111 1114/1114
f 1109/1109 1114/1114 1112/1112
f 1111/1111 1107/1107 1115/1115
f 1111/1111 1115/1115 1114/1114
f 1107/1107 1100/1100 1116/1116
f 1107/1107 1116/1116 1115/1115
f 1112/1112 1117/1117 1113/1113
f 1113/1113 1117/1117 1118/1118
f 1114/1114 1119/1119 1112/1112
f 1114/1114 1115/1115 1119/1119
f 1112/1112 1119/1119 1117/1117
f 1117/1117 1120/1120 1118/1118
f 1118/1118 1120/1120 1121/1121
f 1115/1115 1122/1122 1119/1119
f 1115/1115 1116/1116 1122/1122
f 1119/1119 1123/1123 1117/1117
f 1117/1117 1123/1123 1120/1120
f 1119/1119 1122/1122 1123/1123
f 1100/1100 1124/1124 1116/1116
f 1100/1100 1093/1093 1124/1124
f 1120/1120 1125/1125 1121/1121
f 1121/1121 1125/1125 1126/1126
f 1123/1123 1127/1127 1120/1120
f 1120/1120 1127/1127 1125/1125
f 1122/1122 1128/1128 1123/1123
f 1123/1123 1128/1128 1127/1127
f 1116/1116 1129/1129 1122/1122
f 1116/1116 1124/1124 1129/1129
f 1122/1122 1129/1129 1128/1128
f 1093/1093 1130/1130 1124/1124
f 1093/1093 1088/1088 1130/1130
f 1088/1088 1092/1092 1130/1130
f 1125/1125 1131/1131 1126/1126
f 1126/1126 1131/1131 1132/1132
f 1127/1127 1133/1133 1125/1125
f 1125/1125 1133/1133 1131/1131
f 1128/1128 1134/1134 1127/1127
f 1127/1127 1134/1134 1133/1133
f 1124/1124 1135/1135 1129/1129
f 1124/1124 1130/1130 1135/1135
f 1129/1129 1136/1136 1128/1128
f 1128/1128 1136/1136 1134/1134
f 1129/1129 1135/1135 1136/1136
f 1130/1130 1092/1092 1137/1137
f 1130/1130 1137/1137 1135/1135
f 1131/1131 1138/1138 1132/1132
f 1132/1132 1138/1138 1139/1139
f 1133/1133 1140/1140 1131/1131
f 1131/1131 1140/1140 1138/1138
f 1134/1134 1141/1141 1133/1133
f 1133/1133 1141/1141 1140/1140
f 1135/1135 1142/1142 1136/1136
f 1135/1135 1137/1137 1142/1142
f 1136/1136 1143/1143 1134/1134
f 1134/1134 1143/1143 1141/1141
f 1136/1136 1142/1142 1143/1143
f 1092/1092 1144/1144 1137/1137
f 1092/1092 1087/1087 1144/1144
f 1138/1138 1145/1145 1139/1139
f 1139/1139 1145/1145 1146/1146
f 1140/1140 1147/1147 1138/1138
f 1138/1138 1147/1147 1145/1145
f 1141/1141 1148/1148 1140/1140
f 1140/1140 1148/1148 1147/1147
f 1143/1143 1149/1149 1141/1141
f 1141/1141 1149/1149 1148/1148
f 1137/1137 1150/1150 1142/1142
f 1137/1137 1144/1144 1150/1150
f 1142/1142 1151/1151 1143/1143
f 1143/1143 1151/1151 1149/1149
f 1142/1142 1150/1150 1151/1151
f 1145/1145 1152/1152 1146/1146
f 1146/1146 1152/1152 1153/1153
f 1147/1147 1154/1154 1145/1145
f 1145/1145 1154/1154 1152/1152
f 1148/1148 1155/1155 1147/1147
f 1147/1147 1155/1155 1154/1154
f 1149/1149 1156/1156 1148/1148
f 1148/1148 1156/1156 1155/1155
f 1151/1151 1157/1157 1149/1149
f 1149/1149 1157/1157 1156/1156
f 1150/1150 1158/1158 1151/1151
f 1151/1151 1158/1158 1157/1157
f 1152/1152 1159/1159 1153/1153
f 1153/1153 1159/1159 1160/1160
f 1154/1154 1161/1161 1152/1152
f 1152/1152 1161/1161 1159/1159
f 1155/1155 1162/1162 1154/1154
f 1154/1154 1162/1162 1161/1161
f 1156/1156 1163/1163 1155/1155
f 1155/1155 1163/1163 1162/1162
f 1157/1157 1164/1164 1156/1156
f 1156/1156 1164/1164 1163/1163
f 1159/1159 1165/1165 1160/1160
f 1160/1160 1165/1165 1166/1166
f 1161/1161 1167/1167 1159/1159
f 1159/1159 1167/1167 1165/1165
f 1162/1162 1168/1168 1161/1161
f 1161/1161 1168/1168 1167/1167
f 1163/1163 1169/1169 1162/1162
f 1162/1162 1169/1169 1168/1168
f 1165/1165 1170/1170 1166/1166
f 1166/1166 1170/1170 1171/1171
f 1167/1167 1172/1172 1165/1165
f 1165/1165 1172/1172 1170/1170
f 1168/1168 1173/1173 1167/1167
f 1167/1167 1173/1173 1172/1172
f 1170/1170 1174/1174 1171/1171
f 1171/1171 1174/1174 1175/1175
f 1172/1172 1176/1176 1170/1170
f 1170/1170 1176/1176 1174/1174
f 1174/1174 1177/1177 1175/1175
f 1175/1175 1177/1177 1178/1178
f 1163/1163 1179/1179 1169/1169
f 1164/1164 1179/1179 1163/1163
f 1169/1169 1180/1180 1168/1168
f 1168/1168 1180/1180 1173/1173
f 1173/1173 1181/1181 1172/1172
f 1172/1172 1181/1181 1176/1176
f 1176/1176 1182/1182 1174/1174
f 1174/1174 1182/1182 1177/1177
f 1177/1177 1183/1183 1178/1178
f 1178/1178 1183/1183 1184/1184
f 1179/1179 1185/1185 1169/1169
f 1169/1169 1185/1185 1180/1180
f 1180/1180 1186/1186 1173/1173
f 1173/1173 1186/1186 1181/1181
f 1181/1181 1187/1187 1176/1176
f 1176/1176 1187/1187 1182/1182
f 1182/1182 1188/1188 1177/1177
f 1177/1177 1188/1188 1183/1183
f 1183/1183 1189/1189 1184/1184
f 1184/1184 1189/1189 1190/1190
f 1185/1185 1191/1191 1180/1180
f 1180/1180 1191/1191 1186/1186
f 1186/1186 1192/1192 1181/1181
f 1181/1181 1192/1192 1187/1187
f 1187/1187 1193/1193 1182/1182
f 1182/1182 1193/1193 1188/1188
f 1188/1188 1194/1194 1183/1183
f 1183/1183 1194/1194 1189/1189
f 1189/1189 1195/1195 1190/1190
f 1190/1190 1195/1195 1196/1196
f 1191/1191 1197/1197 1186/1186
f 1186/1186 1197/1197 1192/1192
f 1192/1192 1198/1198 1187/1187
f 1187/1187 1198/1198 1193/1193
f 1193/1193 1199/1199 1188/1188
f 1188/1188 1199/1199 1194/1194
f 1194/1194 1200/1200 1189/1189
f 1189/1189 1200/1200 1195/1195
f 1195/1195 1201/1201 1196/1196
f 1196/1196 1201/1201 1202/1202
f 1197/1197 1203/1203 1192/1192
f 1192/1192 1203/1203 1198/1198
f 1198/1198 1204/1204 1193/1193
f 1193/1193 1204/1204 1199/1199
f 1199/1199 1205/1205 1194/1194
f 1194/1194 1205/1205 1200/1200
f 1200/1200 1206/1206 1195/1195
f 1195/1195 1206/1206 1201/1201
f 1201/1201 1207/1207 1202/1202
f 1202/1202 1207/1207 1208/1208
f 1203/1203 1209/1209 1198/1198
f 1198/1198 1209/1209 1204/1204
f 1204/1204 1210/1210 1199/1199
f 1199/1199 1210/1210 1205/1205
f 1205/1205 1211/1211 1200/1200
f 1200/1200 1211/1211 1206/1206
f 1206/1206 1212/1212 1201/1201
f 1201/1201 1212/1212 1207/1207
f 1207/1207 1213/1213 1208/1208
f 1208/1208 1213/1213 1214/1214
f 1209/1209 1215/1215 1204/1204
f 1204/1204 1215/1215 1210/1210
f 1210/1210 1216/1216 1205/1205
f 1205/1205 1216/1216 1211/1211
f 1211/1211 1217/1217 1206/1206
f 1206/1206 1217/1217 1212/1212
f 1212/1212 1218/1218 1207/1207
f 1207/1207 1218/1218 1213/1213
f 1213/1213 1219/1219 1214/1214
f 1214/1214 1219/1219 1220/1220
f 1215/1215 1221/1221 1210/1210
f 1210/1210 1221/1221 1216/1216
f 1216/1216 1222/1222 1211/1211
f 1211/1211 1222/1222 1217/1217
f 1217/1217 1223/1223 1212/1212
f 1212/1212 1223/1223 1218/1218
f 1218/1218 1224/1224 1213/1213
f 1213/1213 1224/1224 1219/1219
f 1219/1219 1225/1225 1220/1220
f 1220/1220 1225/1225 1226/1226
f 1221/1221 1227/1227 1216/1216
f 1216/1216 1227/1227 1222/1222
f 1222/1222 1228/1228 1217/1217
f 1217/1217 1228/1228 1223/1223
f 1223/1223 1229/1229 1218/1218
f 1218/1218 1229/1229 1224/1224
f 1224/1224 1230/1230 1219/1219
f 1219/1219 1230/1230 1225/1225
f 1225/1225 1231/1231 1226/1226
f 1226/1226 1231/1231 1232/1232
f 1227/1227 1233/1233 1222/1222
f 1222/1222 1233/1233 1228/1228
f 1228/1228 1234/1234 1223/1223
f 1223/1223 1234/1234 1229/1229
f 1229/1229 1235/1235 1224/1224
f 1224/1224 1235/1235 1230/1230
f 1230/1230 1236/1236 1225/1225
f 1225/1225 1236/1236 1231/1231
f 1231/1231 1237/1237 1232/1232
f 1232/1232 1237/1237 1238/1238
f 1233/1233 1239/1239 1228/1228
f 1228/1228 1239/1239 1234/1234
f 1234/1234 1240/1240 1229/1229
f 1229/1229 1240/1240 1235/1235
f 1235/1235 1241/1241 1230/1230
f 1230/1230 1241/1241 1236/1236
f 1236/1236 1242/1242 1231/1231
f 1231/1231 1242/1242 1237/1237
f 1237/1237 1243/1243 1238/1238
f 1238/1238 1243/1243 1244/1244
f 1239/1239 1245/1245 1234/1234
f 1234/1234 1245/1245 1240/1240
f 1240/1240 1246/1246 1235/1235
f 1235/1235 1246/1246 1241/1241
f 1241/1241 1247/1247 1236/1236
f 1236/1236 1247/1247 1242/1242
f 1242/1242 1248/1248 1237/1237
f 1237/1237 1248/1248 1243/1243
f 1243/1243 1249/1249 1244/1244
f 1244/1244 1249/1249 1250/1250
f 1245/1245 1251/1251 1240/1240
f 1240/1240 1251/1251 1246/1246
f 1246/1246 1252/1252 1241/1241
f 1241/1241 1252/1252 1247/1247
f 1247/1247 1253/1253 1242/1242
f 1242/1242 1253/1253 1248/1248
f 1248/1248 1254/1254 1243/1243
f 1243/1243 1254/1254 1249/1249
f 1249/1249 1255/1255 1250/1250
f 1250/1250 1255/1255 1256/1256
f 1251/1251 1257/1257 1246/1246
f 1246/1246 1257/1257 1252/1252
f 1252/1252 1258/1258 1247/1247
f 1247/1247 1258/1258 1253/1253
f 1253/1253 1259/1259 1248/1248
f 1248/1248 1259/1259 1254/1254
f 1254/1254 1260/1260 1249/1249
f 1249/1249 1260/1260 1255/1255
f 1255/1255 1261/1261 1256/1256
f 1256/1256 1261/1261 1262/1262
f 1257/1257 1263/1263 1252/1252
f 1252/1252 1263/1263 1258/1258
f 1258/1258 1264/1264 1253/1253
f 1253/1253 1264/1264 1259/1259
f 1259/1259 1265/1265 1254/1254
f 1254/1254 1265/1265 1260/1260
f 1260/1260 1266/1266 1255/1255
f 1255/1255 1266/1266 1261/1261
f 1261/1261 1267/1267 1262/1262
f 1262/1262 1267/1267 1268/1268
f 1263/1263 1269/1269 1258/1258
f 1258/1258 1269/1269 1264/1264
f 1264/1264 1270/1270 1259/1259
f 1259/1259 1270/1270 1265/1265
f 1265/1265 1271/1271 1260/1260
f 1260/1260 1271/1271 1266/1266
f 1266/1266 1272/1272 1261/1261
f 1261/1261 1272/1272 1267/1267
f 1267/1267 1273/1273 1268/1268
f 1268/1268 1273/1273 1274/1274
f 1269/1269 1275/1275 1264/1264
f 1264/1264 1275/1275 1270/1270
f 1270/1270 1276/1276 1265/1265
f 1265/1265 1276/1276 1271/1271
f 1271/1271 1277/1277 1266/1266
f 1266/1266 1277/1277 1272/1272
f 1272/1272 1278/1278 1267/1267
f 1267/1267 1278/1278 1273/1273
f 1273/1273 1279/1279 1274/1274
f 1274/1274 1279/1279 1280/1280
f 1275/1275 1281/1281 1270/1270
f 1270/1270 1281/1281 1276/1276
f 1276/1276 1282/1282 1271/1271
f 1271/1271 1282/1282 1277/1277
f 1277/1277 1283/1283 1272/1272
f 1272/1272 1283/1283 1278/1278
f 1278/1278 1284/1284 1273/1273
f 1273/1273 1284/1284 1279/1279
f 1279/1279 1285/1285 1280/1280
f 1280/1280 1285/1285 1286/1286
f 1281/1281 1287/1287 1276/1276
f 1276/1276 1287/1287 1282/1282
f 1282/1282 1288/1288 1277/1277
f 1277/1277 1288/1288 1283/1283
f 1283/1283 1289/1289 1278/1278
f 1278/1278 1289/1289 1284/1284
f 1284/1284 1290/1290 1279/1279
f 1279/1279 1290/1290 1285/1285
f 1285/1285 1291/1291 1286/1286
f 1286/1286 1291/1291 1292/1292
f 1287/1287 1293/1293 1282/1282
f 1282/1282 1293/1293 1288/1288
f 1288/1288 1294/1294 1283/1283
f 1283/1283 1294/1294 1289/1289
f 1289/1289 1295/1295 1284/1284
f 1284/1284 1295/1295 1290/1290
f 1290/1290 1296/1296 1285/1285
f 1285/1285 1296/1296 1291/1291
f 1291/1291 1297/1297 1292/1292
f 1292/1292 1297/1297 1298/1298
f 1293/1293 1299/1299 1288/1288
f 1288/1288 1299/1299 1294/1294
f 1294/1294 1300/1300 1289/1289
f 1289/1289 1300/1300 1295/1295
f 1295/1295 1301/1301 1290/1290
f 1290/1290 1301/1301 1296/1296
f 1296/1296 1302/1302 1291/1291
f 1291/1291 1302/1302 1297/1297
f 1297/1297 1303/1303 1298/1298
f 1298/1298 1303/1303 1304/1304
f 1299/1299 1305/1305 1294/1294
f 1294/1294 1305/1305 1300/1300
f 1300/1300 1306/1306 1295/1295
f 1295/1295 1306/1306 1301/1301
f 1301/1301 1307/1307 1296/1296
f 1296/1296 1307/1307 1302/1302
f 1302/1302 1308/1308 1297/1297
f 1297/1297 1308/1308 1303/1303
f 1303/1303 1309/1309 1304/1304
f 1304/1304 1309/1309 1310/1310
f 1305/1305 1311/1311 1300/1300
f 1300/1300 1311/1311 1306/1306
f 1306/1306 1312/1312 1301/1301
f 1301/1301 1312/1312 1307/1307
f 1307/1307 1313/1313 1302/1302
f 1302/1302 1313/1313 1308/1308
f 1308/1308 1314/1314 1303/1303
f 1303/1303 1314/1314 1309/1309
f 1309/1309 1315/1315 1310/1310
f 1310/1310 1315/1315 1316/1316
f 1311/1311 1317/1317 1306/1306
f 1306/1306 1317/1317 1312/1312
f 1312/1312 1318/1318 1307/1307
f 1307/1307 1318/1318 1313/1313
f 1313/1313 1319/1319 1308/1308
f 1308/1308 1319/1319 1314/1314
f 1314/1314 1320/1320 1309/1309
f 1309/1309 1320/1320 1315/1315
f 1315/1315 1321/1321 1316/1316
f 1316/1316 1321/1321 1322/1322
f 1317/1317 1323/1323 1312/1312
f 1312/1312 1323/1323 1318/1318
f 1318/1318 1324/1324 1313/1313
f 1313/1313 1324/1324 1319/1319
f 1319/1319 1325/1325 1314/1314
f 1314/1314 1325/1325 1320/1320
f 1320/1320 1326/1326 1315/1315
f 1315/1315 1326/1326 1321/1321
f 1321/1321 1327/1327 1322/1322
f 1322/1322 1327/1327 1328/1328
f 1323/1323 1329/1329 1318/1318
f 1318/1318 1329/1329 1324/1324
f 1324/1324 1330/1330 1319/1319
f 1319/1319 1330/1330 1325/1325
f 1325/1325 1331/1331 1320/1320
f 1320/1320 1331/1331 1326/1326
f 1326/1326 1332/1332 1321/1321
f 1321/1321 1332/1332 1327/1327
f 1327/1327 1333/1333 1328/1328
f 1328/1328 1333/1333 1334/1334
f 1329/1329 1335/1335 1324/1324
f 1324/1324 1335/1335 1330/1330
f 1330/1330 1336/1336 1325/1325
f 1325/1325 1336/1336 1331/1331
f 1331/1331 1337/1337 1326/1326
f 1326/1326 1337/1337 1332/1332
f 1332/1332 1338/1338 1327/1327
f 1327/1327 1338/1338 1333/1333
f 1333/1333 1339/1339 1334/1334
f 1334/1334 1339/1339 1340/1340
f 1335/1335 1341/1341 1330/1330
f 1330/1330 1341/1341 1336/1336
f 1336/1336 1342/1342 1331/1331
f 1331/1331 1342/1342 1337/1337
f 1337/1337 1343/1343 1332/1332
f 1332/1332 1343/1343 1338/1338
f 1338/1338 1344/1344 1333/1333
f 1333/1333 1344/1344 1339/1339
f 1339/1339 1345/1345 1340/1340
f 1340/1340 1345/1345 1346/1346
f 1341/1341 1347/1347 1336/1336
f 1336/1336 1347/1347 1342/1342
f 1342/1342 1348/1348 1337/1337
f 1337/1337 1348/1348 1343/1343
f 1343/1343 1349/1349 1338/1338
f 1338/1338 1349/1349 1344/1344
f 1344/1344 1350/1350 1339/1339
f 1339/1339 1350/1350 1345/1345
f 1345/1345 1351/1351 1346/1346
f 1346/1346 1351/1351 1352/1352
f 1347/1347 1353/1353 1342/1342
f 1342/1342 1353/1353 1348/1348
f 1348/1348 1354/1354 1343/1343
f 1343/1343 1354/1354 1349/1349
f 1349/1349 1355/1355 1344/1344
f 1344/1344 1355/1355 1350/1350
f 1350/1350 1356/1356 1345/1345
f 1345/1345 1356/1356 1351/1351
f 1351/1351 1357/1357 1352/1352
f 1352/1352 1357/1357 1358/1358
f 1353/1353 1359/1359 1348/1348
f 1348/1348 1359/1359 1354/1354
f 1354/1354 1360/1360 1349/1349
f 1349/1349 1360/1360 1355/1355
f 1355/1355 1361/1361 1350/1350
f 1350/1350 1361/1361 1356/1356
f 1356/1356 1362/1362 1351/1351
f 1351/1351 1362/1362 1357/1357
f 1357/1357 1363/1363 1358/1358
f 1358/1358 1363/1363 1364/1364
f 1363/1363 1365/1365 1364/1364
f 1357/1357 1366/1366 1363/1363
f 1362/1362 1366/1366 1357/1357
f 1363/1363 1367/1367 1365/1365
f 1366/1366 1367/1367 1363/1363
f 1367/1367 1368/1368 1365/1365
f 1356/1356 1369/1369 1362/1362
f 1361/1361 1369/1369 1356/1356
f 1355/1355 1370/1370 1361/1361
f 1360/1360 1370/1370 1355/1355
f 1362/1362 1371/1371 1366/1366
f 1369/1369 1371/1371 1362/1362
f 1367/1367 1372/1372 1368/1368
f 1372/1372 1373/1373 1368/1368
f 1366/1366 1374/1374 1367/1367
f 1371/1371 1374/1374 1366/1366
f 1374/1374 1372/1372 1367/1367
f 1361/1361 1375/1375 1369/1369
f 1370/1370 1375/1375 1361/1361
f 1372/1372 1376/1376 1373/1373
f 1376/1376 1377/1377 1373/1373
f 1369/1369 1378/1378 1371/1371
f 1375/1375 1378/1378 1369/1369
f 1374/1374 1379/1379 1372/1372
f 1379/1379 1376/1376 1372/1372
f 1371/1371 1380/1380 1374/1374
f 1378/1378 1380/1380 1371/1371
f 1380/1380 1379/1379 1374/1374
f 1376/1376 1381/1381 1377/1377
f 1381/1381 1382/1382 1377/1377
f 1379/1379 1383/1383 1376/1376
f 1383/1383 1381/1381 1376/1376
f 1380/1380 1384/1384 1379/1379
f 1384/1384 1383/1383 1379/1379
f 1378/1378 1385/1385 1380/1380
f 1385/1385 1384/1384 1380/1380
f 1375/1375 1386/1386 1378/1378
f 1386/1386 1385/1385 1378/1378
f 1381/1381 1387/1387 1382/1382
f 1387/1387 1388/1388 1382/1382
f 1383/1383 1389/1389 1381/1381
f 1389/1389 1387/1387 1381/1381
f 1384/1384 1390/1390 1383/1383
f 1390/1390 1389/1389 1383/1383
f 1385/1385 1391/1391 1384/1384
f 1391/1391 1390/1390 1384/1384
f 1387/1387 1392/1392 1388/1388
f 1392/1392 1393/1393 1388/1388
f 1389/1389 1394/1394 1387/1387
f 1394/1394 1392/1392 1387/1387
f 1390/1390 1395/1395 1389/1389
f 1395/1395 1394/1394 1389/1389
f 1392/1392 1396/1396 1393/1393
f 1396/1396 1397/1397 1393/1393
f 1394/1394 1398/1398 1392/1392
f 1398/1398 1396/1396 1392/1392
f 1396/1396 1399/1399 1397/1397
f 1399/1399 1400/1400 1397/1397
f 1401/1401 1391/1391 1385/1385
f 1386/1386 1401/1401 1385/1385
f 1391/1391 1402/1402 1390/1390
f 1402/1402 1395/1395 1390/1390
f 1395/1395 1403/1403 1394/1394
f 1403/1403 1398/1398 1394/1394
f 1398/1398 1404/1404 1396/1396
f 1404/1404 1399/1399 1396/1396
f 1399/1399 1405/1405 1400/1400
f 1405/1405 1406/1406 1400/1400
f 1401/1401 1407/1407 1391/1391
f 1407/1407 1402/1402 1391/1391
f 1402/1402 1408/1408 1395/1395
f 1408/1408 1403/1403 1395/1395
f 1403/1403 1409/1409 1398/1398
f 1409/1409 1404/1404 1398/1398
f 1404/1404 1410/1410 1399/1399
f 1410/1410 1405/1405 1399/1399
f 1405/1405 1411/1411 1406/1406
f 1411/1411 1412/1412 1406/1406
f 1407/1407 1413/1413 1402/1402
f 1413/1413 1408/1408 1402/1402
f 1408/1408 1414/1414 1403/1403
f 1414/1414 1409/1409 1403/1403
f 1409/1409 1415/1415 1404/1404
f 1415/1415 1410/1410 1404/1404
f 1410/1410 1416/1416 1405/1405
f 1416/1416 1411/1411 1405/1405
f 1411/1411 1417/1417 1412/1412
f 1417/1417 1418/1418 1412/1412
f 1413/1413 1419/1419 1408/1408
f 1419/1419 1414/1414 1408/1408
f 1414/1414 1420/1420 1409/1409
f 1420/1420 1415/1415 1409/1409
f 1415/1415 1421/1421 1410/1410
f 1421/1421 1416/1416 1410/1410
f 1416/1416 1422/1422 1411/1411
f 1422/1422 1417/1417 1411/1411
f 1417/1417 1423/1423 1418/1418
f 1423/1423 1424/1424 1418/1418
f 1419/1419 1425/1425 1414/1414
f 1425/1425 1420/1420 1414/1414
f 1420/1420 1426/1426 1415/1415
f 1426/1426 1421/1421 1415/1415
f 1421/1421 1427/1427 1416/1416
f 1427/1427 1422/1422 1416/1416
f 1422/1422 1428/1428 1417/1417
f 1428/1428 1423/1423 1417/1417
f 1423/1423 1429/1429 1424/1424
f 1429/1429 1430/1430 1424/1424
f 1425/1425 1431/1431 1420/1420
f 1431/1431 1426/1426 1420/1420
f 1426/1426 1432/1432 1421/1421
f 1432/1432 1427/1427 1421/1421
f 1427/1427 1433/1433 1422/1422
f 1433/1433 1428/1428 1422/1422
f 1428/1428 1434/1434 1423/1423
f 1434/1434 1429/1429 1423/1423
f 1429/1429 1435/1435 1430/1430
f 1435/1435 1436/1436 1430/1430
f 1431/1431 1437/1437 1426/1426
f 1437/1437 1432/1432 1426/1426
f 1432/1432 1438/1438 1427/1427
f 1438/1438 1433/1433 1427/1427
f 1433/1433 1439/1439 1428/1428
f 1439/1439 1434/1434 1428/1428
f 1434/1434 1440/1440 1429/1429
f 1440/1440 1435/1435 1429/1429
f 1435/1435 1441/1441 1436/1436
f 1441/1441 1442/1442 1436/1436
f 1437/1437 1443/1443 1432/1432
f 1443/1443 1438/1438 1432/1432
f 1438/1438 1444/1444 1433/1433
f 1444/1444 1439/1439 1433/1433
f 1439/1439 1445/1445 1434/1434
f 1445/1445 1440/1440 1434/1434
f 1440/1440 1446/1446 1435/1435
f 1446/1446 1441/1441 1435/1435
f 1441/1441 1447/1447 1442/1442
f 1447/1447 1448/1448 1442/1442
f 1443/1443 1449/1449 1438/1438
f 1449/1449 1444/1444 1438/1438
f 1444/1444 1450/1450 1439/1439
f 1450/1450 1445/1445 1439/1439
f 1445/1445 1451/1451 1440/1440
f 1451/1451 1446/1446 1440/1440
f 1446/1446 1452/1452 1441/1441
f 1452/1452 1447/1447 1441/1441
f 1447/1447 1453/1453 1448/1448
f 1453/1453 1454/1454 1448/1448
f 1449/1449 1455/1455 1444/1444
f 1455/1455 1450/1450 1444/1444
f 1450/1450 1456/1456 1445/1445
f 1456/1456 1451/1451 1445/1445
f 1451/1451 1457/1457 1446/1446
f 1457/1457 1452/1452 1446/1446
f 1452/1452 1458/1458 1447/1447
f 1458/1458 1453/1453 1447/1447
f 1453/1453 1459/1459 1454/1454
f 1459/1459 1460/1460 1454/1454
f 1455/1455 1461/1461 1450/1450
f 1461/1461 1456/1456 1450/1450
f 1456/1456 1462/1462 1451/1451
f 1462/1462 1457/1457 1451/1451
f 1457/1457 1463/1463 1452/1452
f 1463/1463 1458/1458 1452/1452
f 1458/1458 1464/1464 1453/1453
f 1464/1464 1459/1459 1453/1453
f 1459/1459 1465/1465 1460/1460
f 1465/1465 1466/1466 1460/1460
f 1461/1461 1467/1467 1456/1456
f 1467/1467 1462/1462 1456/1456
f 1462/1462 1468/1468 1457/1457
f 1468/1468 1463/1463 1457/1457
f 1463/1463 1469/1469 1458/1458
f 1469/1469 1464/1464 1458/1458
f 1464/1464 1470/1470 1459/1459
f 1470/1470 1465/1465 1459/1459
f 1465/1465 1471/1471 1466/1466
f 1471/1471 1472/1472 1466/1466
f 1467/1467 1473/1473 1462/1462
f 1473/1473 1468/1468 1462/1462
f 1468/1468 1474/1474 1463/1463
f 1474/1474 1469/1469 1463/1463
f 1469/1469 1475/1475 1464/1464
f 1475/1475 1470/1470 1464/1464
f 1470/1470 1476/1476 1465/1465
f 1476/1476 1471/1471 1465/1465
f 1471/1471 1477/1477 1472/1472
f 1477/1477 1478/1478 1472/1472
f 1473/1473 1479/1479 1468/1468
f 1479/1479 1474/1474 1468/1468
f 1474/1474 1480/1480 1469/1469
f 1480/1480 1475/1475 1469/1469
f 1475/1475 1481/1481 1470/1470
f 1481/1481 1476/1476 1470/1470
f 1476/1476 1482/1482 1471/1471
f 1482/1482 1477/1477 1471/1471
f 1477/1477 1483/1483 1478/1478
f 1483/1483 1484/1484 1478/1478
f 1479/1479 1485/1485 1474/1474
f 1485/1485 1480/1480 1474/1474
f 1480/1480 1486/1486 1475/1475
f 1486/1486 1481/1481 1475/1475
f 1481/1481 1487/1487 1476/1476
f 1487/1487 1482/1482 1476/1476
f 1482/1482 1488/1488 1477/1477
f 1488/1488 1483/1483 1477/1477
f 1483/1483 1489/1489 1484/1484
f 1489/1489 1490/1490 1484/1484
f 1485/1485 1491/1491 1480/1480
f 1491/1491 1486/1486 1480/1480
f 1486/1486 1492/1492 1481/1481
f 1492/1492 1487/1487 1481/1481
f 1487/1487 1493/1493 1482/1482
f 1493/1493 1488/1488 1482/1482
f 1488/1488 1494/1494 1483/1483
f 1494/1494 1489/1489 1483/1483
f 1489/1489 1495/1495 1490/1490
f 1495/1495 1496/1496 1490/1490
f 1491/1491 1497/1497 1486/1486
f 1497/1497 1492/1492 1486/1486
f 1492/1492 1498/1498 1487/1487
f 1498/1498 1493/1493 1487/1487
f 1493/1493 1499/1499 1488/1488
f 1499/1499 1494/1494 1488/1488
f 1494/1494 1500/1500 1489/1489
f 1500/1500 1495/1495 1489/1489
f 1495/1495 1501/1501 1496/1496
f 1501/1501 1502/1502 1496/1496
f 1497/1497 1503/1503 1492/1492
f 1503/1503 1498/1498 1492/1492
f 1498/1498 1504/1504 1493/1493
f 1504/1504 1499/1499 1493/1493
f 1499/1499 1505/1505 1494/1494
f 1505/1505 1500/1500 1494/1494
f 1500/1500 1506/1506 1495/1495
f 1506/1506 1501/1501 1495/1495
f 1501/1501 1507/1507 1502/1502
f 1507/1507 1508/1508 1502/1502
f 1503/1503 1509/1509 1498/1498
f 1509/1509 1504/1504 1498/1498
f 1504/1504 1510/1510 1499/1499
f 1510/1510 1505/1505 1499/1499
f 1505/1505 1511/1511 1500/1500
f 1511/1511 1506/1506 1500/1500
f 1506/1506 1512/1512 1501/1501
f 1512/1512 1507/1507 1501/1501
f 1507/1507 1513/1513 1508/1508
f 1513/1513 1514/1514 1508/1508
f 1509/1509 1515/1515 1504/1504
f 1515/1515 1510/1510 1504/1504
f 1510/1510 1516/1516 1505/1505
f 1516/1516 1511/1511 1505/1505
f 1511/1511 1517/1517 1506/1506
f 1517/1517 1512/1512 1506/1506
f 1512/1512 1518/1518 1507/1507
f 1518/1518 1513/1513 1507/1507
f 1513/1513 1519/1519 1514/1514
f 1519/1519 1520/1520 1514/1514
f 1515/1515 1521/1521 1510/1510
f 1521/1521 1516/1516 1510/1510
f 1516/1516 1522/1522 1511/1511
f 1522/1522 1517/1517 1511/1511
f 1517/1517 1523/1523 1512/1512
f 1523/1523 1518/1518 1512/1512
f 1518/1518 1524/1524 1513/1513
f 1524/1524 1519/1519 1513/1513
f 1519/1519 1525/1525 1520/1520
f 1525/1525 1526/1526 1520/1520
f 1521/1521 1527/1527 1516/1516
f 1527/1527 1522/1522 1516/1516
f 1522/1522 1528/1528 1517/1517
f 1528/1528 1523/1523 1517/1517
f 1523/1523 1529/1529 1518/1518
f 1529/1529 1524/1524 1518/1518
f 1524/1524 1530/1530 1519/1519
f 1530/1530 1525/1525 1519/1519
f 1525/1525 1531/1531 1526/1526
f 1531/1531 1532/1532 1526/1526
f 1527/1527 1533/1533 1522/1522
f 1533/1533 1528/1528 1522/1522
f 1528/1528 1534/1534 1523/1523
f 1534/1534 1529/1529 1523/1523
f 1529/1529 1535/1535 1524/1524
f 1535/1535 1530/1530 1524/1524
f 1530/1530 1536/1536 1525/1525
f 1536/1536 1531/1531 1525/1525
f 1531/1531 1537/1537 1532/1532
f 1537/1537 1538/1538 1532/1532
f 1533/1533 1539/1539 1528/1528
f 1539/1539 1534/1534 1528/1528
f 1534/1534 1540/1540 1529/1529
f 1540/1540 1535/1535 1529/1529
f 1535/1535 1541/1541 1530/1530
f 1541/1541 1536/1536 1530/1530
f 1536/1536 1542/1542 1531/1531
f 1542/1542 1537/1537 1531/1531
f 1537/1537 1543/1543 1538/1538
f 1543/1543 1544/1544 1538/1538
f 1539/1539 1545/1545 1534/1534
f 1545/1545 1540/1540 1534/1534
f 1540/1540 1546/1546 1535/1535
f 1546/1546 1541/1541 1535/1535
f 1541/1541 1547/1547 1536/1536
f 1547/1547 1542/1542 1536/1536
f 1542/1542 1548/1548 1537/1537
f 1548/1548 1543/1543 1537/1537
f 1543/1543 1549/1549 1544/1544
f 1549/1549 1550/1550 1544/1544
f 1545/1545 1551/1551 1540/1540
f 1551/1551 1546/1546 1540/1540
f 1546/1546 1552/1552 1541/1541
f 1552/1552 1547/1547 1541/1541
f 1547/1547 1553/1553 1542/1542
f 1553/1553 1548/1548 1542/1542
f 1548/1548 1554/1554 1543/1543
f 1554/1554 1549/1549 1543/1543
f 1549/1549 1555/1555 1550/1550
f 1555/1555 1556/1556 1550/1550
f 1551/1551 1557/1557 1546/1546
f 1557/1557 1552/1552 1546/1546
f 1552/1552 1558/1558 1547/1547
f 1558/1558 1553/1553 1547/1547
f 1553/1553 1559/1559 1548/1548
f 1559/1559 1554/1554 1548/1548
f 1554/1554 1560/1560 1549/1549
f 1560/1560 1555/1555 1549/1549
f 1555/1555 1561/1561 1556/1556
f 1561/1561 1562/1562 1556/1556
f 1557/1557 1563/1563 1552/1552
f 1563/1563 1558/1558 1552/1552
f 1558/1558 1564/1564 1553/1553
f 1564/1564 1559/1559 1553/1553
f 1559/1559 1565/1565 1554/1554
f 1565/1565 1560/1560 1554/1554
f 1560/1560 1566/1566 1555/1555
f 1566/1566 1561/1561 1555/1555
f 1561/1561 1567/1567 1562/1562
f 1567/1567 1568/1568 1562/1562
f 1563/1563 1569/1569 1558/1558
f 1569/1569 1564/1564 1558/1558
f 1564/1564 1570/1570 1559/1559
f 1570/1570 1565/1565 1559/1559
f 1565/1565 1571/1571 1560/1560
f 1571/1571 1566/1566 1560/1560
f 1566/1566 1572/1572 1561/1561
f 1572/1572 1567/1567 1561/1561
f 1567/1567 1573/1573 1568/1568
f 1573/1573 1574/1574 1568/1568
f 1569/1569 1575/1575 1564/1564
f 1575/1575 1570/1570 1564/1564
f 1570/1570 1576/1576 1565/1565
f 1576/1576 1571/1571 1565/1565
f 1571/1571 1577/1577 1566/1566
f 1577/1577 1572/1572 1566/1566
f 1572/1572 1578/1578 1567/1567
f 1578/1578 1573/1573 1567/1567
f 1573/1573 1579/1579 1574/1574
f 1579/1579 1580/1580 1574/1574
f 1575/1575 1581/1581 1570/1570
f 1581/1581 1576/1576 1570/1570
f 1576/1576 1582/1582 1571/1571
f 1582/1582 1577/1577 1571/1571
f 1577/1577 1583/1583 1572/1572
f 1583/1583 1578/1578 1572/1572
f 1578/1578 1584/1584 1573/1573
f 1584/1584 1579/1579 1573/1573
f 1579/1579 1585/1585 1580/1580
f 1585/1585 1586/1586 1580/1580
f 1581/1581 1587/1587 1576/1576
f 1587/1587 1582/1582 1576/1576
f 1582/1582 1588/1588 1577/1577
f 1588/1588 1583/1583 1577/1577
f 1583/1583 1589/1589 1578/1578
f 1589/1589 1584/1584 1578/1578
f 1584/1584 1590/1590 1579/1579
f 1590/1590 1585/1585 1579/1579
f 1585/1585 1591/1591 1586/1586
f 1591/1591 1592/1592 1586/1586
f 1587/1587 1593/1593 1582/1582
f 1593/1593 1588/1588 1582/1582
f 1588/1588 1594/1594 1583/1583
f 1594/1594 1589/1589 1583/1583
f 1589/1589 1595/1595 1584/1584
f 1595/1595 1590/1590 1584/1584
f 1590/1590 1596/1596 1585/1585
f 1596/1596 1591/1591 1585/1585
f 1591/1591 1597/1597 1592/1592
f 1597/1597 670/670 1592/1592
f 1597/1597 669/669 670/670
f 1598/1598 1597/1597 1591/1591
f 1596/1596 1598/1598 1591/1591
f 1599/1599 669/669 1597/1597
f 1598/1598 1599/1599 1597/1597
f 1599/1599 671/671 669/669
f 1600/1600 1596/1596 1590/1590
f 1595/1595 1600/1600 1590/1590
f 1601/1601 1595/1595 1589/1589
f 1594/1594 1601/1601 1589/1589
f 1602/1602 1598/1598 1596/1596
f 1600/1600 1602/1602 1596/1596
f 1603/1603 671/671 1599/1599
f 1603/1603 672/672 671/671
f 680/680 672/672 1603/1603
f 1604/1604 1599/1599 1598/1598
f 1604/1604 1603/1603 1599/1599
f 1602/1602 1604/1604 1598/1598
f 1605/1605 680/680 1603/1603
f 1605/1605 1603/1603 1604/1604
f 691/691 680/680 1605/1605
f 1606/1606 1600/1600 1595/1595
f 1601/1601 1606/1606 1595/1595
f 1607/1607 1602/1602 1600/1600
f 1606/1606 1607/1607 1600/1600
f 1608/1608 1604/1604 1602/1602
f 1608/1608 1605/1605 1604/1604
f 1607/1607 1608/1608 1602/1602
f 1609/1609 691/691 1605/1605
f 1609/1609 1605/1605 1608/1608
f 696/696 691/691 1609/1609
f 1610/1610 1608/1608 1607/1607
f 1610/1610 1609/1609 1608/1608
f 1611/1611 696/696 1609/1609
f 1611/1611 1609/1609 1610/1610
f 701/701 696/696 1611/1611
f 1612/1612 1607/1607 1606/1606
f 1612/1612 1610/1610 1607/1607
f 1613/1613 1606/1606 1601/1601
f 1613/1613 1612/1612 1606/1606
f 1614/1614 701/701 1611/1611
f 706/706 701/701 1614/1614
f 1615/1615 1611/1611 1610/1610
f 1615/1615 1610/1610 1612/1612
f 1614/1614 1611/1611 1615/1615
f 1616/1616 706/706 1614/1614
f 711/711 706/706 1616/1616
f 1617/1617 1615/1615 1612/1612
f 1617/1617 1612/1612 1613/1613
f 1618/1618 1614/1614 1615/1615
f 1616/1616 1614/1614 1618/1618
f 1618/1618 1615/1615 1617/1617
f 1619/1619 1613/1613 1601/1601
f 1619/1619 1601/1601 1594/1594
f 1620/1620 711/711 1616/1616
f 716/716 711/711 1620/1620
f 1621/1621 1617/1617 1613/1613
f 1621/1621 1613/1613 1619/1619
f 1622/1622 1618/1618 1617/1617
f 1622/1622 1617/1617 1621/1621
f 1623/1623 1616/1616 1618/1618
f 1620/1620 1616/1616 1623/1623
f 1623/1623 1618/1618 1622/1622
f 1624/1624 1619/1619 1594/1594
f 1624/1624 1594/1594 1588/1588
f 1593/1593 1624/1624 1588/1588
f 1625/1625 716/716 1620/1620
f 721/721 716/716 1625/1625
f 1626/1626 1621/1621 1619/1619
f 1626/1626 1619/1619 1624/1624
f 1627/1627 1622/1622 1621/1621
f 1627/1627 1621/1621 1626/1626
f 1628/1628 1623/1623 1622/1622
f 1628/1628 1622/1622 1627/1627
f 1629/1629 1620/1620 1623/1623
f 1625/1625 1620/1620 1629/1629
f 1629/1629 1623/1623 1628/1628
f 1630/1630 1624/1624 1593/1593
f 1630/1630 1626/1626 1624/1624
f 1631/1631 721/721 1625/1625
f 726/726 721/721 1631/1631
f 1632/1632 1627/1627 1626/1626
f 1632/1632 1626/1626 1630/1630
f 1633/1633 1628/1628 1627/1627
f 1633/1633 1627/1627 1632/1632
f 1634/1634 1629/1629 1628/1628
f 1634/1634 1628/1628 1633/1633
f 1635/1635 1625/1625 1629/1629
f 1631/1631 1625/1625 1635/1635
f 1635/1635 1629/1629 1634/1634
f 1636/1636 1630/1630 1593/1593
f 1636/1636 1593/1593 1587/1587
f 1637/1637 726/726 1631/1631
f 731/731 726/726 1637/1637
f 1638/1638 1632/1632 1630/1630
f 1638/1638 1630/1630 1636/1636
f 1639/1639 1633/1633 1632/1632
f 1639/1639 1632/1632 1638/1638
f 1640/1640 1634/1634 1633/1633
f 1640/1640 1633/1633 1639/1639
f 1641/1641 1631/1631 1635/1635
f 1637/1637 1631/1631 1641/1641
f 1642/1642 1635/1635 1634/1634
f 1642/1642 1634/1634 1640/1640
f 1641/1641 1635/1635 1642/1642
f 1643/1643 731/731 1637/1637
f 736/736 731/731 1643/1643
f 1644/1644 1637/1637 1641/1641
f 1643/1643 1637/1637 1644/1644
f 1645/1645 1641/1641 1642/1642
f 1644/1644 1641/1641 1645/1645
f 1646/1646 1642/1642 1640/1640
f 1645/1645 1642/1642 1646/1646
f 1647/1647 1640/1640 1639/1639
f 1646/1646 1640/1640 1647/1647
f 1648/1648 736/736 1643/1643
f 741/741 736/736 1648/1648
f 1649/1649 1643/1643 1644/1644
f 1648/1648 1643/1643 1649/1649
f 1650/1650 1644/1644 1645/1645
f 1649/1649 1644/1644 1650/1650
f 1651/1651 1645/1645 1646/1646
f 1650/1650 1645/1645 1651/1651
f 1652/1652 741/741 1648/1648
f 746/746 741/741 1652/1652
f 1653/1653 1648/1648 1649/1649
f 1652/1652 1648/1648 1653/1653
f 1654/1654 1649/1649 1650/1650
f 1653/1653 1649/1649 1654/1654
f 1655/1655 746/746 1652/1652
f 751/751 746/746 1655/1655
f 1656/1656 1652/1652 1653/1653
f 1655/1655 1652/1652 1656/1656
f 1657/1657 751/751 1655/1655
f 756/756 751/751 1657/1657
f 1651/1651 1646/1646 1658/1658
f 1658/1658 1646/1646 1647/1647
f 1659/1659 1650/1650 1651/1651
f 1654/1654 1650/1650 1659/1659
f 1660/1660 1653/1653 1654/1654
f 1656/1656 1653/1653 1660/1660
f 1661/1661 1655/1655 1656/1656
f 1657/1657 1655/1655 1661/1661
f 1662/1662 756/756 1657/1657
f 761/761 756/756 1662/1662
f 1663/1663 1651/1651 1658/1658
f 1659/1659 1651/1651 1663/1663
f 1664/1664 1654/1654 1659/1659
f 1660/1660 1654/1654 1664/1664
f 1665/1665 1656/1656 1660/1660
f 1661/1661 1656/1656 1665/1665
f 1666/1666 1657/1657 1661/1661
f 1662/1662 1657/1657 1666/1666
f 1667/1667 761/761 1662/1662
f 766/766 761/761 1667/1667
f 1668/1668 1659/1659 1663/1663
f 1664/1664 1659/1659 1668/1668
f 1669/1669 1660/1660 1664/1664
f 1665/1665 1660/1660 1669/1669
f 1670/1670 1661/1661 1665/1665
f 1666/1666 1661/1661 1670/1670
f 1671/1671 1662/1662 1666/1666
f 1667/1667 1662/1662 1671/1671
f 1672/1672 766/766 1667/1667
f 771/771 766/766 1672/1672
f 1673/1673 1664/1664 1668/1668
f 1669/1669 1664/1664 1673/1673
f 1674/1674 1665/1665 1669/1669
f 1670/1670 1665/1665 1674/1674
f 1675/1675 1666/1666 1670/1670
f 1671/1671 1666/1666 1675/1675
f 1676/1676 1667/1667 1671/1671
f 1672/1672 1667/1667 1676/1676
f 1677/1677 771/771 1672/1672
f 776/776 771/771 1677/1677
f 1678/1678 1669/1669 1673/1673
f 1674/1674 1669/1669 1678/1678
f 1679/1679 1670/1670 1674/1674
f 1675/1675 1670/1670 1679/1679
f 1680/1680 1671/1671 1675/1675
f 1676/1676 1671/1671 1680/1680
f 1681/1681 1672/1672 1676/1676
f 1677/1677 1672/1672 1681/1681
f 1682/1682 776/776 1677/1677
f 781/781 776/776 1682/1682
f 1683/1683 1674/1674 1678/1678
f 1679/1679 1674/1674 1683/1683
f 1684/1684 1675/1675 1679/1679
f 1680/1680 1675/1675 1684/1684
f 1685/1685 1676/1676 1680/1680
f 1681/1681 1676/1676 1685/1685
f 1686/1686 1677/1677 1681/1681
f 1682/1682 1677/1677 1686/1686
f 1687/1687 781/781 1682/1682
f 786/786 781/781 1687/1687
f 1688/1688 1679/1679 1683/1683
f 1684/1684 1679/1679 1688/1688
f 1689/1689 1680/1680 1684/1684
f 1685/1685 1680/1680 1689/1689
f 1690/1690 1681/1681 1685/1685
f 1686/1686 1681/1681 1690/1690
f 1691/1691 1682/1682 1686/1686
f 1687/1687 1682/1682 1691/1691
f 1692/1692 786/786 1687/1687
f 791/791 786/786 1692/1692
f 1693/1693 1684/1684 1688/1688
f 1689/1689 1684/1684 1693/1693
f 1694/1694 1685/1685 1689/1689
f 1690/1690 1685/1685 1694/1694
f 1695/1695 1686/1686 1690/1690
f 1691/1691 1686/1686 1695/1695
f 1696/1696 1687/1687 1691/1691
f 1692/1692 1687/1687 1696/1696
f 1697/1697 791/791 1692/1692
f 796/796 791/791 1697/1697
f 1698/1698 1689/1689 1693/1693
f 1694/1694 1689/1689 1698/1698
f 1699/1699 1690/1690 1694/1694
f 1695/1695 1690/1690 1699/1699
f 1700/1700 1691/1691 1695/1695
f 1696/1696 1691/1691 1700/1700
f 1701/1701 1692/1692 1696/1696
f 1697/1697 1692/1692 1701/1701
f 1702/1702 796/796 1697/1697
f 801/801 796/796 1702/1702
f 1703/1703 1694/1694 1698/1698
f 1699/1699 1694/1694 1703/1703
f 1704/1704 1695/1695 1699/1699
f 1700/1700 1695/1695 1704/1704
f 1705/1705 1696/1696 1700/1700
f 1701/1701 1696/1696 1705/1705
f 1706/1706 1697/1697 1701/1701
f 1702/1702 1697/1697 1706/1706
f 1707/1707 801/801 1702/1702
f 806/806 801/801 1707/1707
f 1708/1708 1699/1699 1703/1703
f 1704/1704 1699/1699 1708/1708
f 1709/1709 1700/1700 1704/1704
f 1705/1705 1700/1700 1709/1709
f 1710/1710 1701/1701 1705/1705
f 1706/1706 1701/1701 1710/1710
f 1711/1711 1702/1702 1706/1706
f 1707/1707 1702/1702 1711/1711
f 1712/1712 806/806 1707/1707
f 811/811 806/806 1712/1712
f 1713/1713 1704/1704 1708/1708
f 1709/1709 1704/1704 1713/1713
f 1714/1714 1705/1705 1709/1709
f 1710/1710 1705/1705 1714/1714
f 1715/1715 1706/1706 1710/1710
f 1711/1711 1706/1706 1715/1715
f 1716/1716 1707/1707 1711/1711
f 1712/1712 1707/1707 1716/1716
f 1717/1717 811/811 1712/1712
f 816/816 811/811 1717/1717
f 1718/1718 1709/1709 1713/1713
f 1714/1714 1709/1709 1718/1718
f 1719/1719 1710/1710 1714/1714
f 1715/1715 1710/1710 1719/1719
f 1720/1720 1711/1711 1715/1715
f 1716/1716 1711/1711 1720/1720
f 1721/1721 1712/1712 1716/1716
f 1717/1717 1712/1712 1721/1721
f 1722/1722 816/816 1717/1717
f 821/821 816/816 1722/1722
f 1723/1723 1714/1714 1718/1718
f 1719/1719 1714/1714 1723/1723
f 1724/1724 1715/1715 1719/1719
f 1720/1720 1715/1715 1724/1724
f 1725/1725 1716/1716 1720/1720
f 1721/1721 1716/1716 1725/1725
f 1726/1726 1717/1717 1721/1721
f 1722/1722 1717/1717 1726/1726
f 1727/1727 821/821 1722/1722
f 826/826 821/821 1727/1727
f 1728/1728 1719/1719 1723/1723
f 1724/1724 1719/1719 1728/1728
f 1729/1729 1720/1720 1724/1724
f 1725/1725 1720/1720 1729/1729
f 1730/1730 1721/1721 1725/1725
f 1726/1726 1721/1721 1730/1730
f 1731/1731 1722/1722 1726/1726
f 1727/1727 1722/1722 1731/1731
f 1732/1732 826/826 1727/1727
f 831/831 826/826 1732/1732
f 1733/1733 1724/1724 1728/1728
f 1729/1729 1724/1724 1733/1733
f 1734/1734 1725/1725 1729/1729
f 1730/1730 1725/1725 1734/1734
f 1735/1735 1726/1726 1730/1730
f 1731/1731 1726/1726 1735/1735
f 1736/1736 1727/1727 1731/1731
f 1732/1732 1727/1727 1736/1736
f 1737/1737 831/831 1732/1732
f 836/836 831/831 1737/1737
f 1738/1738 1729/1729 1733/1733
f 1734/1734 1729/1729 1738/1738
f 1739/1739 1730/1730 1734/1734
f 1735/1735 1730/1730 1739/1739
f 1740/1740 1731/1731 1735/1735
f 1736/1736 1731/1731 1740/1740
f 1741/1741 1732/1732 1736/1736
f 1737/1737 1732/1732 1741/1741
f 1742/1742 836/836 1737/1737
f 841/841 836/836 1742/1742
f 1743/1743 1734/1734 1738/1738
f 1739/1739 1734/1734 1743/1743
f 1744/1744 1735/1735 1739/1739
f 1740/1740 1735/1735 1744/1744
f 1745/1745 1736/1736 1740/1740
f 1741/1741 1736/1736 1745/1745
f 1746/1746 1737/1737 1741/1741
f 1742/1742 1737/1737 1746/1746
f 1747/1747 841/841 1742/1742
f 846/846 841/841 1747/1747
f 1748/1748 1739/1739 1743/1743
f 1744/1744 1739/1739 1748/1748
f 1749/1749 1740/1740 1744/1744
f 1745/1745 1740/1740 1749/1749
f 1750/1750 1741/1741 1745/1745
f 1746/1746 1741/1741 1750/1750
f 1751/1751 1742/1742 1746/1746
f 1747/1747 1742/1742 1751/1751
f 1752/1752 846/846 1747/1747
f 851/851 846/846 1752/1752
f 1753/1753 1744/1744 1748/1748
f 1749/1749 1744/1744 1753/1753
f 1754/1754 1745/1745 1749/1749
f 1750/1750 1745/1745 1754/1754
f 1755/1755 1746/1746 1750/1750
f 1751/1751 1746/1746 1755/1755
f 1756/1756 1747/1747 1751/1751
f 1752/1752 1747/1747 1756/1756
f 1757/1757 851/851 1752/1752
f 856/856 851/851 1757/1757
f 1758/1758 1749/1749 1753/1753
f 1754/1754 1749/1749 1758/1758
f 1759/1759 1750/1750 1754/1754
f 1755/1755 1750/1750 1759/1759
f 1760/1760 1751/1751 1755/1755
f 1756/1756 1751/1751 1760/1760
f 1761/1761 1752/1752 1756/1756
f 1757/1757 1752/1752 1761/1761
f 1762/1762 856/856 1757/1757
f 861/861 856/856 1762/1762
f 1763/1763 1754/1754 1758/1758
f 1759/1759 1754/1754 1763/1763
f 1764/1764 1755/1755 1759/1759
f 1760/1760 1755/1755 1764/1764
f 1765/1765 1756/1756 1760/1760
f 1761/1761 1756/1756 1765/1765
f 1766/1766 1757/1757 1761/1761
f 1762/1762 1757/1757 1766/1766
f 1767/1767 861/861 1762/1762
f 866/866 861/861 1767/1767
f 1768/1768 1759/1759 1763/1763
f 1764/1764 1759/1759 1768/1768
f 1769/1769 1760/1760 1764/1764
f 1765/1765 1760/1760 1769/1769
f 1770/1770 1761/1761 1765/1765
f 1766/1766 1761/1761 1770/1770
f 1771/1771 1762/1762 1766/1766
f 1767/1767 1762/1762 1771/1771
f 1772/1772 866/866 1767/1767
f 871/871 866/866 1772/1772
f 1773/1773 1764/1764 1768/1768
f 1769/1769 1764/1764 1773/1773
f 1774/1774 1765/1765 1769/1769
f 1770/1770 1765/1765 1774/1774
f 1775/1775 1766/1766 1770/1770
f 1771/1771 1766/1766 1775/1775
f 1776/1776 1767/1767 1771/1771
f 1772/1772 1767/1767 1776/1776
f 1777/1777 871/871 1772/1772
f 876/876 871/871 1777/1777
f 1778/1778 1769/1769 1773/1773
f 1774/1774 1769/1769 1778/1778
f 1779/1779 1770/1770 1774/1774
f 1775/1775 1770/1770 1779/1779
f 1780/1780 1771/1771 1775/1775
f 1776/1776 1771/1771 1780/1780
f 1781/1781 1772/1772 1776/1776
f 1777/1777 1772/1772 1781/1781
f 1782/1782 1774/1774 1778/1778
f 1779/1779 1774/1774 1782/1782
f 1783/1783 1775/1775 1779/1779
f 1780/1780 1775/1775 1783/1783
f 1784/1784 1776/1776 1780/1780
f 1781/1781 1776/1776 1784/1784
f 1785/1785 1779/1779 1782/1782
f 1783/1783 1779/1779 1785/1785
f 1786/1786 1780/1780 1783/1783
f 1784/1784 1780/1780 1786/1786
f 1787/1787 1783/1783 1785/1785
f 1786/1786 1783/1783 1787/1787
f 1788/1788 1777/1777 1781/1781
f 1789/1789 1781/1781 1784/1784
f 1788/1788 1781/1781 1789/1789
f 1790/1790 1784/1784 1786/1786
f 1789/1789 1784/1784 1790/1790
f 1791/1791 1786/1786 1787/1787
f 1790/1790 1786/1786 1791/1791
f 1792/1792 1777/1777 1788/1788
f 1792/1792 876/876 1777/1777
f 1793/1793 876/876 1792/1792
f 1793/1793 872/872 876/876
f 877/877 872/872 1793/1793
f 1794/1794 877/877 1793/1793
f 884/884 877/877 1794/1794
f 896/896 884/884 1794/1794
f 1795/1795 1793/1793 1792/1792
f 1794/1794 1793/1793 1795/1795
f 896/896 1794/1794 1796/1796
f 1796/1796 1794/1794 1795/1795
f 907/907 896/896 1796/1796
f 1797/1797 1792/1792 1788/1788
f 1795/1795 1792/1792 1797/1797
f 1796/1796 1795/1795 1798/1798
f 1798/1798 1795/1795 1797/1797
f 907/907 1796/1796 1799/1799
f 1799/1799 1796/1796 1798/1798
f 912/912 907/907 1799/1799
f 1797/1797 1788/1788 1800/1800
f 1800/1800 1788/1788 1789/1789
f 1798/1798 1797/1797 1801/1801
f 1801/1801 1797/1797 1800/1800
f 1799/1799 1798/1798 1802/1802
f 1802/1802 1798/1798 1801/1801
f 912/912 1799/1799 1803/1803
f 1803/1803 1799/1799 1802/1802
f 917/917 912/912 1803/1803
f 1800/1800 1789/1789 1804/1804
f 1804/1804 1789/1789 1790/1790
f 1801/1801 1800/1800 1805/1805
f 1805/1805 1800/1800 1804/1804
f 1802/1802 1801/1801 1806/1806
f 1806/1806 1801/1801 1805/1805
f 1803/1803 1802/1802 1807/1807
f 1807/1807 1802/1802 1806/1806
f 917/917 1803/1803 1808/1808
f 1808/1808 1803/1803 1807/1807
f 922/922 917/917 1808/1808
f 1804/1804 1790/1790 1809/1809
f 1809/1809 1790/1790 1791/1791
f 1805/1805 1804/1804 1810/1810
f 1810/1810 1804/1804 1809/1809
f 1806/1806 1805/1805 1811/1811
f 1811/1811 1805/1805 1810/1810
f 1807/1807 1806/1806 1812/1812
f 1812/1812 1806/1806 1811/1811
f 1808/1808 1807/1807 1813/1813
f 1813/1813 1807/1807 1812/1812
f 922/922 1808/1808 1814/1814
f 1814/1814 1808/1808 1813/1813
f 927/927 922/922 1814/1814
f 927/927 1814/1814 1815/1815
f 932/932 927/927 1815/1815
f 1814/1814 1813/1813 1816/1816
f 1815/1815 1814/1814 1816/1816
f 1813/1813 1812/1812 1817/1817
f 1816/1816 1813/1813 1817/1817
f 1812/1812 1811/1811 1818/1818
f 1817/1817 1812/1812 1818/1818
f 1811/1811 1810/1810 1819/1819
f 1818/1818 1811/1811 1819/1819
f 932/932 1815/1815 1820/1820
f 937/937 932/932 1820/1820
f 1815/1815 1816/1816 1821/1821
f 1820/1820 1815/1815 1821/1821
f 1816/1816 1817/1817 1822/1822
f 1821/1821 1816/1816 1822/1822
f 1817/1817 1818/1818 1823/1823
f 1822/1822 1817/1817 1823/1823
f 937/937 1820/1820 1824/1824
f 942/942 937/937 1824/1824
f 1820/1820 1821/1821 1825/1825
f 1824/1824 1820/1820 1825/1825
f 1821/1821 1822/1822 1826/1826
f 1825/1825 1821/1821 1826/1826
f 942/942 1824/1824 1827/1827
f 947/947 942/942 1827/1827
f 1824/1824 1825/1825 1828/1828
f 1827/1827 1824/1824 1828/1828
f 947/947 1827/1827 1829/1829
f 952/952 947/947 1829/1829
f 1823/1823 1818/1818 1830/1830
f 1818/1818 1819/1819 1830/1830
f 1822/1822 1823/1823 1831/1831
f 1826/1826 1822/1822 1831/1831
f 1825/1825 1826/1826 1832/1832
f 1828/1828 1825/1825 1832/1832
f 1827/1827 1828/1828 1833/1833
f 1829/1829 1827/1827 1833/1833
f 952/952 1829/1829 1834/1834
f 957/957 952/952 1834/1834
f 1823/1823 1830/1830 1835/1835
f 1831/1831 1823/1823 1835/1835
f 1826/1826 1831/1831 1836/1836
f 1832/1832 1826/1826 1836/1836
f 1828/1828 1832/1832 1837/1837
f 1833/1833 1828/1828 1837/1837
f 1829/1829 1833/1833 1838/1838
f 1834/1834 1829/1829 1838/1838
f 957/957 1834/1834 1839/1839
f 962/962 957/957 1839/1839
f 1831/1831 1835/1835 1840/1840
f 1836/1836 1831/1831 1840/1840
f 1832/1832 1836/1836 1841/1841
f 1837/1837 1832/1832 1841/1841
f 1833/1833 1837/1837 1842/1842
f 1838/1838 1833/1833 1842/1842
f 1834/1834 1838/1838 1843/1843
f 1839/1839 1834/1834 1843/1843
f 962/962 1839/1839 1844/1844
f 967/967 962/962 1844/1844
f 1836/1836 1840/1840 1845/1845
f 1841/1841 1836/1836 1845/1845
f 1837/1837 1841/1841 1846/1846
f 1842/1842 1837/1837 1846/1846
f 1838/1838 1842/1842 1847/1847
f 1843/1843 1838/1838 1847/1847
f 1839/1839 1843/1843 1848/1848
f 1844/1844 1839/1839 1848/1848
f 967/967 1844/1844 1849/1849
f 972/972 967/967 1849/1849
f 1841/1841 1845/1845 1850/1850
f 1846/1846 1841/1841 1850/1850
f 1842/1842 1846/1846 1851/1851
f 1847/1847 1842/1842 1851/1851
f 1843/1843 1847/1847 1852/1852
f 1848/1848 1843/1843 1852/1852
f 1844/1844 1848/1848 1853/1853
f 1849/1849 1844/1844 1853/1853
f 972/972 1849/1849 1854/1854
f 977/977 972/972 1854/1854
f 1846/1846 1850/1850 1855/1855
f 1851/1851 1846/1846 1855/1855
f 1847/1847 1851/1851 1856/1856
f 1852/1852 1847/1847 1856/1856
f 1848/1848 1852/1852 1857/1857
f 1853/1853 1848/1848 1857/1857
f 1849/1849 1853/1853 1858/1858
f 1854/1854 1849/1849 1858/1858
f 977/977 1854/1854 1859/1859
f 982/982 977/977 1859/1859
f 1851/1851 1855/1855 1860/1860
f 1856/1856 1851/1851 1860/1860
f 1852/1852 1856/1856 1861/1861
f 1857/1857 1852/1852 1861/1861
f 1853/1853 1857/1857 1862/1862
f 1858/1858 1853/1853 1862/1862
f 1854/1854 1858/1858 1863/1863
f 1859/1859 1854/1854 1863/1863
f 982/982 1859/1859 1864/1864
f 987/987 982/982 1864/1864
f 1856/1856 1860/1860 1865/1865
f 1861/1861 1856/1856 1865/1865
f 1857/1857 1861/1861 1866/1866
f 1862/1862 1857/1857 1866/1866
f 1858/1858 1862/1862 1867/1867
f 1863/1863 1858/1858 1867/1867
f 1859/1859 1863/1863 1868/1868
f 1864/1864 1859/1859 1868/1868
f 987/987 1864/1864 1869/1869
f 992/992 987/987 1869/1869
f 1861/1861 1865/1865 1870/1870
f 1866/1866 1861/1861 1870/1870
f 1862/1862 1866/1866 1871/1871
f 1867/1867 1862/1862 1871/1871
f 1863/1863 1867/1867 1872/1872
f 1868/1868 1863/1863 1872/1872
f 1864/1864 1868/1868 1873/1873
f 1869/1869 1864/1864 1873/1873
f 992/992 1869/1869 1874/1874
f 997/997 992/992 1874/1874
f 1866/1866 1870/1870 1875/1875
f 1871/1871 1866/1866 1875/1875
f 1867/1867 1871/1871 1876/1876
f 1872/1872 1867/1867 1876/1876
f 1868/1868 1872/1872 1877/1877
f 1873/1873 1868/1868 1877/1877
f 1869/1869 1873/1873 1878/1878
f 1874/1874 1869/1869 1878/1878
f 997/997 1874/1874 1879/1879
f 1002/1002 997/997 1879/1879
f 1871/1871 1875/1875 1880/1880
f 1876/1876 1871/1871 1880/1880
f 1872/1872 1876/1876 1881/1881
f 1877/1877 1872/1872 1881/1881
f 1873/1873 1877/1877 1882/1882
f 1878/1878 1873/1873 1882/1882
f 1874/1874 1878/1878 1883/1883
f 1879/1879 1874/1874 1883/1883
f 1002/1002 1879/1879 1884/1884
f 1007/1007 1002/1002 1884/1884
f 1876/1876 1880/1880 1885/1885
f 1881/1881 1876/1876 1885/1885
f 1877/1877 1881/1881 1886/1886
f 1882/1882 1877/1877 1886/1886
f 1878/1878 1882/1882 1887/1887
f 1883/1883 1878/1878 1887/1887
f 1879/1879 1883/1883 1888/1888
f 1884/1884 1879/1879 1888/1888
f 1007/1007 1884/1884 1889/1889
f 1012/1012 1007/1007 1889/1889
f 1881/1881 1885/1885 1890/1890
f 1886/1886 1881/1881 1890/1890
f 1882/1882 1886/1886 1891/1891
f 1887/1887 1882/1882 1891/1891
f 1883/1883 1887/1887 1892/1892
f 1888/1888 1883/1883 1892/1892
f 1884/1884 1888/1888 1893/1893
f 1889/1889 1884/1884 1893/1893
f 1012/1012 1889/1889 1894/1894
f 1017/1017 1012/1012 1894/1894
f 1886/1886 1890/1890 1895/1895
f 1891/1891 1886/1886 1895/1895
f 1887/1887 1891/1891 1896/1896
f 1892/1892 1887/1887 1896/1896
f 1888/1888 1892/1892 1897/1897
f 1893/1893 1888/1888 1897/1897
f 1889/1889 1893/1893 1898/1898
f 1894/1894 1889/1889 1898/1898
f 1017/1017 1894/1894 1899/1899
f 1022/1022 1017/1017 1899/1899
f 1891/1891 1895/1895 1900/1900
f 1896/1896 1891/1891 1900/1900
f 1892/1892 1896/1896 1901/1901
f 1897/1897 1892/1892 1901/1901
f 1893/1893 1897/1897 1902/1902
f 1898/1898 1893/1893 1902/1902
f 1894/1894 1898/1898 1903/1903
f 1899/1899 1894/1894 1903/1903
f 1022/1022 1899/1899 1904/1904
f 1027/1027 1022/1022 1904/1904
f 1896/1896 1900/1900 1905/1905
f 1901/1901 1896/1896 1905/1905
f 1897/1897 1901/1901 1906/1906
f 1902/1902 1897/1897 1906/1906
f 1898/1898 1902/1902 1907/1907
f 1903/1903 1898/1898 1907/1907
f 1899/1899 1903/1903 1908/1908
f 1904/1904 1899/1899 1908/1908
f 1027/1027 1904/1904 1909/1909
f 1032/1032 1027/1027 1909/1909
f 1901/1901 1905/1905 1910/1910
f 1906/1906 1901/1901 1910/1910
f 1902/1902 1906/1906 1911/1911
f 1907/1907 1902/1902 1911/1911
f 1903/1903 1907/1907 1912/1912
f 1908/1908 1903/1903 1912/1912
f 1904/1904 1908/1908 1913/1913
f 1909/1909 1904/1904 1913/1913
f 1032/1032 1909/1909 1914/1914
f 1037/1037 1032/1032 1914/1914
f 1906/1906 1910/1910 1915/1915
f 1911/1911 1906/1906 1915/1915
f 1907/1907 1911/1911 1916/1916
f 1912/1912 1907/1907 1916/1916
f 1908/1908 1912/1912 1917/1917
f 1913/1913 1908/1908 1917/1917
f 1909/1909 1913/1913 1918/1918
f 1914/1914 1909/1909 1918/1918
f 1037/1037 1914/1914 1919/1919
f 1042/1042 1037/1037 1919/1919
f 1911/1911 1915/1915 1920/1920
f 1916/1916 1911/1911 1920/1920
f 1912/1912 1916/1916 1921/1921
f 1917/1917 1912/1912 1921/1921
f 1913/1913 1917/1917 1922/1922
f 1918/1918 1913/1913 1922/1922
f 1914/1914 1918/1918 1923/1923
f 1919/1919 1914/1914 1923/1923
f 1042/1042 1919/1919 1924/1924
f 1047/1047 1042/1042 1924/1924
f 1916/1916 1920/1920 1925/1925
f 1921/1921 1916/1916 1925/1925
f 1917/1917 1921/1921 1926/1926
f 1922/1922 1917/1917 1926/1926
f 1918/1918 1922/1922 1927/1927
f 1923/1923 1918/1918 1927/1927
f 1919/1919 1923/1923 1928/1928
f 1924/1924 1919/1919 1928/1928
f 1047/1047 1924/1924 1929/1929
f 1052/1052 1047/1047 1929/1929
f 1921/1921 1925/1925 1930/1930
f 1926/1926 1921/1921 1930/1930
f 1922/1922 1926/1926 1931/1931
f 1927/1927 1922/1922 1931/1931
f 1923/1923 1927/1927 1932/1932
f 1928/1928 1923/1923 1932/1932
f 1924/1924 1928/1928 1933/1933
f 1929/1929 1924/1924 1933/1933
f 1052/1052 1929/1929 1934/1934
f 1057/1057 1052/1052 1934/1934
f 1926/1926 1930/1930 1935/1935
f 1931/1931 1926/1926 1935/1935
f 1927/1927 1931/1931 1936/1936
f 1932/1932 1927/1927 1936/1936
f 1928/1928 1932/1932 1937/1937
f 1933/1933 1928/1928 1937/1937
f 1929/1929 1933/1933 1938/1938
f 1934/1934 1929/1929 1938/1938
f 1057/1057 1934/1934 1939/1939
f 1062/1062 1057/1057 1939/1939
f 1931/1931 1935/1935 1940/1940
f 1936/1936 1931/1931 1940/1940
f 1932/1932 1936/1936 1941/1941
f 1937/1937 1932/1932 1941/1941
f 1933/1933 1937/1937 1942/1942
f 1938/1938 1933/1933 1942/1942
f 1934/1934 1938/1938 1943/1943
f 1939/1939 1934/1934 1943/1943
f 1062/1062 1939/1939 1944/1944
f 1067/1067 1062/1062 1944/1944
f 1936/1936 1940/1940 1945/1945
f 1941/1941 1936/1936 1945/1945
f 1937/1937 1941/1941 1946/1946
f 1942/1942 1937/1937 1946/1946
f 1938/1938 1942/1942 1947/1947
f 1943/1943 1938/1938 1947/1947
f 1939/1939 1943/1943 1948/1948
f 1944/1944 1939/1939 1948/1948
f 1067/1067 1944/1944 1949/1949
f 1072/1072 1067/1067 1949/1949
f 1941/1941 1945/1945 1950/1950
f 1946/1946 1941/1941 1950/1950
f 1942/1942 1946/1946 1951/1951
f 1947/1947 1942/1942 1951/1951
f 1943/1943 1947/1947 1952/1952
f 1948/1948 1943/1943 1952/1952
f 1944/1944 1948/1948 1953/1953
f 1949/1949 1944/1944 1953/1953
f 1072/1072 1949/1949 1954/1954
f 1077/1077 1072/1072 1954/1954
f 1946/1946 1950/1950 1955/1955
f 1951/1951 1946/1946 1955/1955
f 1947/1947 1951/1951 1956/1956
f 1952/1952 1947/1947 1956/1956
f 1948/1948 1952/1952 1957/1957
f 1953/1953 1948/1948 1957/1957
f 1949/1949 1953/1953 1958/1958
f 1954/1954 1949/1949 1958/1958
f 1077/1077 1954/1954 1959/1959
f 1082/1082 1077/1077 1959/1959
f 1951/1951 1955/1955 1960/1960
f 1956/1956 1951/1951 1960/1960
f 1952/1952 1956/1956 1961/1961
f 1957/1957 1952/1952 1961/1961
f 1953/1953 1957/1957 1962/1962
f 1958/1958 1953/1953 1962/1962
f 1954/1954 1958/1958 1963/1963
f 1959/1959 1954/1954 1963/1963
f 1082/1082 1959/1959 1964/1964
f 1087/1087 1082/1082 1964/1964
f 1087/1087 1964/1964 1144/1144
f 1964/1964 1959/1959 1965/1965
f 1959/1959 1963/1963 1965/1965
f 1144/1144 1964/1964 1966/1966
f 1964/1964 1965/1965 1966/1966
f 1144/1144 1966/1966 1150/1150
f 1150/1150 1966/1966 1158/1158
f 1963/1963 1958/1958 1967/1967
f 1958/1958 1962/1962 1967/1967
f 1962/1962 1957/1957 1968/1968
f 1957/1957 1961/1961 1968/1968
f 1966/1966 1965/1965 1969/1969
f 1966/1966 1969/1969 1158/1158
f 1965/1965 1963/1963 1970/1970
f 1963/1963 1967/1967 1970/1970
f 1965/1965 1970/1970 1969/1969
f 1967/1967 1962/1962 1971/1971
f 1962/1962 1968/1968 1971/1971
f 1158/1158 1969/1969 1972/1972
f 1158/1158 1972/1972 1157/1157
f 1157/1157 1972/1972 1164/1164
f 1969/1969 1970/1970 1973/1973
f 1969/1969 1973/1973 1972/1972
f 1970/1970 1967/1967 1974/1974
f 1967/1967 1971/1971 1974/1974
f 1970/1970 1974/1974 1973/1973
f 1972/1972 1975/1975 1164/1164
f 1972/1972 1973/1973 1975/1975
f 1164/1164 1975/1975 1179/1179
f 1973/1973 1974/1974 1976/1976
f 1973/1973 1976/1976 1975/1975
f 1975/1975 1977/1977 1179/1179
f 1975/1975 1976/1976 1977/1977
f 1179/1179 1977/1977 1185/1185
f 1974/1974 1971/1971 1978/1978
f 1974/1974 1978/1978 1976/1976
f 1977/1977 1979/1979 1185/1185
f 1185/1185 1979/1979 1191/1191
f 1976/1976 1980/1980 1977/1977
f 1976/1976 1978/1978 1980/1980
f 1977/1977 1980/1980 1979/1979
f 1971/1971 1981/1981 1978/1978
f 1971/1971 1968/1968 1981/1981
f 1979/1979 1982/1982 1191/1191
f 1191/1191 1982/1982 1197/1197
f 1980/1980 1983/1983 1979/1979
f 1979/1979 1983/1983 1982/1982
f 1978/1978 1984/1984 1980/1980
f 1978/1978 1981/1981 1984/1984
f 1980/1980 1984/1984 1983/1983
f 1968/1968 1985/1985 1981/1981
f 1968/1968 1961/1961 1985/1985
f 1982/1982 1986/1986 1197/1197
f 1197/1197 1986/1986 1203/1203
f 1983/1983 1987/1987 1982/1982
f 1982/1982 1987/1987 1986/1986
f 1984/1984 1988/1988 1983/1983
f 1983/1983 1988/1988 1987/1987
f 1981/1981 1989/1989 1984/1984
f 1981/1981 1985/1985 1989/1989
f 1984/1984 1989/1989 1988/1988
f 1961/1961 1990/1990 1985/1985
f 1961/1961 1956/1956 1990/1990
f 1956/1956 1960/1960 1990/1990
f 1986/1986 1991/1991 1203/1203
f 1203/1203 1991/1991 1209/1209
f 1987/1987 1992/1992 1986/1986
f 1986/1986 1992/1992 1991/1991
f 1988/1988 1993/1993 1987/1987
f 1987/1987 1993/1993 1992/1992
f 1985/1985 1994/1994 1989/1989
f 1985/1985 1990/1990 1994/1994
f 1989/1989 1995/1995 1988/1988
f 1988/1988 1995/1995 1993/1993
f 1989/1989 1994/1994 1995/1995
f 1990/1990 1960/1960 1996/1996
f 1990/1990 1996/1996 1994/1994
f 1991/1991 1997/1997 1209/1209
f 1209/1209 1997/1997 1215/1215
f 1992/1992 1998/1998 1991/1991
f 1991/1991 1998/1998 1997/1997
f 1993/1993 1999/1999 1992/1992
f 1992/1992 1999/1999 1998/1998
f 1994/1994 2000/2000 1995/1995
f 1994/1994 1996/1996 2000/2000
f 1995/1995 2001/2001 1993/1993
f 1993/1993 2001/2001 1999/1999
f 1995/1995 2000/2000 2001/2001
f 1960/1960 2002/2002 1996/1996
f 1960/1960 1955/1955 2002/2002
f 1997/1997 2003/2003 1215/1215
f 1215/1215 2003/2003 1221/1221
f 1998/1998 2004/2004 1997/1997
f 1997/1997 2004/2004 2003/2003
f 1999/1999 2005/2005 1998/1998
f 1998/1998 2005/2005 2004/2004
f 2001/2001 2006/2006 1999/1999
f 1999/1999 2006/2006 2005/2005
f 1996/1996 2007/2007 2000/2000
f 1996/1996 2002/2002 2007/2007
f 2000/2000 2008/2008 2001/2001
f 2001/2001 2008/2008 2006/2006
f 2000/2000 2007/2007 2008/2008
f 2003/2003 2009/2009 1221/1221
f 1221/1221 2009/2009 1227/1227
f 2004/2004 2010/2010 2003/2003
f 2003/2003 2010/2010 2009/2009
f 2005/2005 2011/2011 2004/2004
f 2004/2004 2011/2011 2010/2010
f 2006/2006 2012/2012 2005/2005
f 2005/2005 2012/2012 2011/2011
f 2008/2008 2013/2013 2006/2006
f 2006/2006 2013/2013 2012/2012
f 2007/2007 2014/2014 2008/2008
f 2008/2008 2014/2014 2013/2013
f 2009/2009 2015/2015 1227/1227
f 1227/1227 2015/2015 1233/1233
f 2010/2010 2016/2016 2009/2009
f 2009/2009 2016/2016 2015/2015
f 2011/2011 2017/2017 2010/2010
f 2010/2010 2017/2017 2016/2016
f 2012/2012 2018/2018 2011/2011
f 2011/2011 2018/2018 2017/2017
f 2013/2013 2019/2019 2012/2012
f 2012/2012 2019/2019 2018/2018
f 2015/2015 2020/2020 1233/1233
f 1233/1233 2020/2020 1239/1239
f 2016/2016 2021/2021 2015/2015
f 2015/2015 2021/2021 2020/2020
f 2017/2017 2022/2022 2016/2016
f 2016/2016 2022/2022 2021/2021
f 2018/2018 2023/2023 2017/2017
f 2017/2017 2023/2023 2022/2022
f 2020/2020 2024/2024 1239/1239
f 1239/1239 2024/2024 1245/1245
f 2021/2021 2025/2025 2020/2020
f 2020/2020 2025/2025 2024/2024
f 2022/2022 2026/2026 2021/2021
f 2021/2021 2026/2026 2025/2025
f 2024/2024 2027/2027 1245/1245
f 1245/1245 2027/2027 1251/1251
f 2025/2025 2028/2028 2024/2024
f 2024/2024 2028/2028 2027/2027
f 2027/2027 2029/2029 1251/1251
f 1251/1251 2029/2029 1257/1257
f 2018/2018 2030/2030 2023/2023
f 2019/2019 2030/2030 2018/2018
f 2023/2023 2031/2031 2022/2022
f 2022/2022 2031/2031 2026/2026
f 2026/2026 2032/2032 2025/2025
f 2025/2025 2032/2032 2028/2028
f 2028/2028 2033/2033 2027/2027
f 2027/2027 2033/2033 2029/2029
f 2029/2029 2034/2034 1257/1257
f 1257/1257 2034/2034 1263/1263
f 2030/2030 2035/2035 2023/2023
f 2023/2023 2035/2035 2031/2031
f 2031/2031 2036/2036 2026/2026
f 2026/2026 2036/2036 2032/2032
f 2032/2032 2037/2037 2028/2028
f 2028/2028 2037/2037 2033/2033
f 2033/2033 2038/2038 2029/2029
f 2029/2029 2038/2038 2034/2034
f 2034/2034 2039/2039 1263/1263
f 1263/1263 2039/2039 1269/1269
f 2035/2035 2040/2040 2031/2031
f 2031/2031 2040/2040 2036/2036
f 2036/2036 2041/2041 2032/2032
f 2032/2032 2041/2041 2037/2037
f 2037/2037 2042/2042 2033/2033
f 2033/2033 2042/2042 2038/2038
f 2038/2038 2043/2043 2034/2034
f 2034/2034 2043/2043 2039/2039
f 2039/2039 2044/2044 1269/1269
f 1269/1269 2044/2044 1275/1275
f 2040/2040 2045/2045 2036/2036
f 2036/2036 2045/2045 2041/2041
f 2041/2041 2046/2046 2037/2037
f 2037/2037 2046/2046 2042/2042
f 2042/2042 2047/2047 2038/2038
f 2038/2038 2047/2047 2043/2043
f 2043/2043 2048/2048 2039/2039
f 2039/2039 2048/2048 2044/2044
f 2044/2044 2049/2049 1275/1275
f 1275/1275 2049/2049 1281/1281
f 2045/2045 2050/2050 2041/2041
f 2041/2041 2050/2050 2046/2046
f 2046/2046 2051/2051 2042/2042
f 2042/2042 2051/2051 2047/2047
f 2047/2047 2052/2052 2043/2043
f 2043/2043 2052/2052 2048/2048
f 2048/2048 2053/2053 2044/2044
f 2044/2044 2053/2053 2049/2049
f 2049/2049 2054/2054 1281/1281
f 1281/1281 2054/2054 1287/1287
f 2050/2050 2055/2055 2046/2046
f 2046/2046 2055/2055 2051/2051
f 2051/2051 2056/2056 2047/2047
f 2047/2047 2056/2056 2052/2052
f 2052/2052 2057/2057 2048/2048
f 2048/2048 2057/2057 2053/2053
f 2053/2053 2058/2058 2049/2049
f 2049/2049 2058/2058 2054/2054
f 2054/2054 2059/2059 1287/1287
f 1287/1287 2059/2059 1293/1293
f 2055/2055 2060/2060 2051/2051
f 2051/2051 2060/2060 2056/2056
f 2056/2056 2061/2061 2052/2052
f 2052/2052 2061/2061 2057/2057
f 2057/2057 2062/2062 2053/2053
f 2053/2053 2062/2062 2058/2058
f 2058/2058 2063/2063 2054/2054
f 2054/2054 2063/2063 2059/2059
f 2059/2059 2064/2064 1293/1293
f 1293/1293 2064/2064 1299/1299
f 2060/2060 2065/2065 2056/2056
f 2056/2056 2065/2065 2061/2061
f 2061/2061 2066/2066 2057/2057
f 2057/2057 2066/2066 2062/2062
f 2062/2062 2067/2067 2058/2058
f 2058/2058 2067/2067 2063/2063
f 2063/2063 2068/2068 2059/2059
f 2059/2059 2068/2068 2064/2064
f 2064/2064 2069/2069 1299/1299
f 1299/1299 2069/2069 1305/1305
f 2065/2065 2070/2070 2061/2061
f 2061/2061 2070/2070 2066/2066
f 2066/2066 2071/2071 2062/2062
f 2062/2062 2071/2071 2067/2067
f 2067/2067 2072/2072 2063/2063
f 2063/2063 2072/2072 2068/2068
f 2068/2068 2073/2073 2064/2064
f 2064/2064 2073/2073 2069/2069
f 2069/2069 2074/2074 1305/1305
f 1305/1305 2074/2074 1311/1311
f 2070/2070 2075/2075 2066/2066
f 2066/2066 2075/2075 2071/2071
f 2071/2071 2076/2076 2067/2067
f 2067/2067 2076/2076 2072/2072
f 2072/2072 2077/2077 2068/2068
f 2068/2068 2077/2077 2073/2073
f 2073/2073 2078/2078 2069/2069
f 2069/2069 2078/2078 2074/2074
f 2074/2074 2079/2079 1311/1311
f 1311/1311 2079/2079 1317/1317
f 2075/2075 2080/2080 2071/2071
f 2071/2071 2080/2080 2076/2076
f 2076/2076 2081/2081 2072/2072
f 2072/2072 2081/2081 2077/2077
f 2077/2077 2082/2082 2073/2073
f 2073/2073 2082/2082 2078/2078
f 2078/2078 2083/2083 2074/2074
f 2074/2074 2083/2083 2079/2079
f 2079/2079 2084/2084 1317/1317
f 1317/1317 2084/2084 1323/1323
f 2080/2080 2085/2085 2076/2076
f 2076/2076 2085/2085 2081/2081
f 2081/2081 2086/2086 2077/2077
f 2077/2077 2086/2086 2082/2082
f 2082/2082 2087/2087 2078/2078
f 2078/2078 2087/2087 2083/2083
f 2083/2083 2088/2088 2079/2079
f 2079/2079 2088/2088 2084/2084
f 2084/2084 2089/2089 1323/1323
f 1323/1323 2089/2089 1329/1329
f 2085/2085 2090/2090 2081/2081
f 2081/2081 2090/2090 2086/2086
f 2086/2086 2091/2091 2082/2082
f 2082/2082 2091/2091 2087/2087
f 2087/2087 2092/2092 2083/2083
f 2083/2083 2092/2092 2088/2088
f 2088/2088 2093/2093 2084/2084
f 2084/2084 2093/2093 2089/2089
f 2089/2089 2094/2094 1329/1329
f 1329/1329 2094/2094 1335/1335
f 2090/2090 2095/2095 2086/2086
f 2086/2086 2095/2095 2091/2091
f 2091/2091 2096/2096 2087/2087
f 2087/2087 2096/2096 2092/2092
f 2092/2092 2097/2097 2088/2088
f 2088/2088 2097/2097 2093/2093
f 2093/2093 2098/2098 2089/2089
f 2089/2089 2098/2098 2094/2094
f 2094/2094 2099/2099 1335/1335
f 1335/1335 2099/2099 1341/1341
f 2095/2095 2100/2100 2091/2091
f 2091/2091 2100/2100 2096/2096
f 2096/2096 2101/2101 2092/2092
f 2092/2092 2101/2101 2097/2097
f 2097/2097 2102/2102 2093/2093
f 2093/2093 2102/2102 2098/2098
f 2098/2098 2103/2103 2094/2094
f 2094/2094 2103/2103 2099/2099
f 2099/2099 2104/2104 1341/1341
f 1341/1341 2104/2104 1347/1347
f 2100/2100 2105/2105 2096/2096
f 2096/2096 2105/2105 2101/2101
f 2101/2101 2106/2106 2097/2097
f 2097/2097 2106/2106 2102/2102
f 2102/2102 2107/2107 2098/2098
f 2098/2098 2107/2107 2103/2103
f 2103/2103 2108/2108 2099/2099
f 2099/2099 2108/2108 2104/2104
f 2104/2104 2109/2109 1347/1347
f 1347/1347 2109/2109 1353/1353
f 2105/2105 2110/2110 2101/2101
f 2101/2101 2110/2110 2106/2106
f 2106/2106 2111/2111 2102/2102
f 2102/2102 2111/2111 2107/2107
f 2107/2107 2112/2112 2103/2103
f 2103/2103 2112/2112 2108/2108
f 2108/2108 2113/2113 2104/2104
f 2104/2104 2113/2113 2109/2109
f 2109/2109 2114/2114 1353/1353
f 1353/1353 2114/2114 1359/1359
f 2110/2110 2115/2115 2106/2106
f 2106/2106 2115/2115 2111/2111
f 2111/2111 2116/2116 2107/2107
f 2107/2107 2116/2116 2112/2112
f 2112/2112 2117/2117 2108/2108
f 2108/2108 2117/2117 2113/2113
f 2113/2113 2118/2118 2109/2109
f 2109/2109 2118/2118 2114/2114
f 2115/2115 2119/2119 2111/2111
f 2111/2111 2119/2119 2116/2116
f 2116/2116 2120/2120 2112/2112
f 2112/2112 2120/2120 2117/2117
f 2117/2117 2121/2121 2113/2113
f 2113/2113 2121/2121 2118/2118
f 2119/2119 2122/2122 2116/2116
f 2116/2116 2122/2122 2120/2120
f 2120/2120 2123/2123 2117/2117
f 2117/2117 2123/2123 2121/2121
f 2122/2122 2124/2124 2120/2120
f 2120/2120 2124/2124 2123/2123
f 2118/2118 2125/2125 2114/2114
f 2121/2121 2126/2126 2118/2118
f 2118/2118 2126/2126 2125/2125
f 2123/2123 2127/2127 2121/2121
f 2121/2121 2127/2127 2126/2126
f 2124/2124 2128/2128 2123/2123
f 2123/2123 2128/2128 2127/2127
f 2114/2114 2125/2125 2129/2129
f 2114/2114 2129/2129 1359/1359
f 1359/1359 2129/2129 2130/2130
f 1359/1359 2130/2130 1354/1354
f 1354/1354 2130/2130 1360/1360
f 2130/2130 2131/2131 1360/1360
f 1360/1360 2131/2131 1370/1370
f 2129/2129 2132/2132 2130/2130
f 2130/2130 2132/2132 2131/2131
f 2125/2125 2133/2133 2129/2129
f 2129/2129 2133/2133 2132/2132
f 2131/2131 2134/2134 1370/1370
f 1370/1370 2134/2134 1375/1375
f 2134/2134 1386/1386 1375/1375
f 2132/2132 2135/2135 2131/2131
f 2131/2131 2135/2135 2134/2134
f 2134/2134 2136/2136 1386/1386
f 2135/2135 2136/2136 2134/2134
f 2136/2136 1401/1401 1386/1386
f 2132/2132 2137/2137 2135/2135
f 2133/2133 2137/2137 2132/2132
f 2125/2125 2138/2138 2133/2133
f 2126/2126 2138/2138 2125/2125
f 2136/2136 2139/2139 1401/1401
f 2139/2139 1407/1407 1401/1401
f 2135/2135 2140/2140 2136/2136
f 2137/2137 2140/2140 2135/2135
f 2140/2140 2139/2139 2136/2136
f 2133/2133 2141/2141 2137/2137
f 2138/2138 2141/2141 2133/2133
f 2126/2126 2142/2142 2138/2138
f 2127/2127 2142/2142 2126/2126
f 2139/2139 2143/2143 1407/1407
f 2143/2143 1413/1413 1407/1407
f 2140/2140 2144/2144 2139/2139
f 2144/2144 2143/2143 2139/2139
f 2137/2137 2145/2145 2140/2140
f 2141/2141 2145/2145 2137/2137
f 2145/2145 2144/2144 2140/2140
f 2138/2138 2146/2146 2141/2141
f 2142/2142 2146/2146 2138/2138
f 2127/2127 2147/2147 2142/2142
f 2128/2128 2147/2147 2127/2127
f 2143/2143 2148/2148 1413/1413
f 2148/2148 1419/1419 1413/1413
f 2144/2144 2149/2149 2143/2143
f 2149/2149 2148/2148 2143/2143
f 2145/2145 2150/2150 2144/2144
f 2150/2150 2149/2149 2144/2144
f 2141/2141 2151/2151 2145/2145
f 2146/2146 2151/2151 2141/2141
f 2151/2151 2150/2150 2145/2145
f 2142/2142 2152/2152 2146/2146
f 2147/2147 2152/2152 2142/2142
f 2148/2148 2153/2153 1419/1419
f 2153/2153 1425/1425 1419/1419
f 2149/2149 2154/2154 2148/2148
f 2154/2154 2153/2153 2148/2148
f 2150/2150 2155/2155 2149/2149
f 2155/2155 2154/2154 2149/2149
f 2146/2146 2156/2156 2151/2151
f 2152/2152 2156/2156 2146/2146
f 2151/2151 2157/2157 2150/2150
f 2157/2157 2155/2155 2150/2150
f 2156/2156 2157/2157 2151/2151
f 2153/2153 2158/2158 1425/1425
f 2158/2158 1431/1431 1425/1425
f 2154/2154 2159/2159 2153/2153
f 2159/2159 2158/2158 2153/2153
f 2155/2155 2160/2160 2154/2154
f 2160/2160 2159/2159 2154/2154
f 2157/2157 2161/2161 2155/2155
f 2161/2161 2160/2160 2155/2155
f 2156/2156 2162/2162 2157/2157
f 2162/2162 2161/2161 2157/2157
f 2152/2152 2163/2163 2156/2156
f 2163/2163 2162/2162 2156/2156
f 2158/2158 2164/2164 1431/1431
f 2164/2164 1437/1437 1431/1431
f 2159/2159 2165/2165 2158/2158
f 2165/2165 2164/2164 2158/2158
f 2160/2160 2166/2166 2159/2159
f 2166/2166 2165/2165 2159/2159
f 2161/2161 2167/2167 2160/2160
f 2167/2167 2166/2166 2160/2160
f 2162/2162 2168/2168 2161/2161
f 2168/2168 2167/2167 2161/2161
f 2164/2164 2169/2169 1437/1437
f 2169/2169 1443/1443 1437/1437
f 2165/2165 2170/2170 2164/2164
f 2170/2170 2169/2169 2164/2164
f 2166/2166 2171/2171 2165/2165
f 2171/2171 2170/2170 2165/2165
f 2167/2167 2172/2172 2166/2166
f 2172/2172 2171/2171 2166/2166
f 2169/2169 2173/2173 1443/1443
f 2173/2173 1449/1449 1443/1443
f 2170/2170 2174/2174 2169/2169
f 2174/2174 2173/2173 2169/2169
f 2171/2171 2175/2175 2170/2170
f 2175/2175 2174/2174 2170/2170
f 2173/2173 2176/2176 1449/1449
f 2176/2176 1455/1455 1449/1449
f 2174/2174 2177/2177 2173/2173
f 2177/2177 2176/2176 2173/2173
f 2176/2176 2178/2178 1455/1455
f 2178/2178 1461/1461 1455/1455
f 2179/2179 2172/2172 2167/2167
f 2168/2168 2179/2179 2167/2167
f 2172/2172 2180/2180 2171/2171
f 2180/2180 2175/2175 2171/2171
f 2175/2175 2181/2181 2174/2174
f 2181/2181 2177/2177 2174/2174
f 2177/2177 2182/2182 2176/2176
f 2182/2182 2178/2178 2176/2176
f 2178/2178 2183/2183 1461/1461
f 2183/2183 1467/1467 1461/1461
f 2179/2179 2184/2184 2172/2172
f 2184/2184 2180/2180 2172/2172
f 2180/2180 2185/2185 2175/2175
f 2185/2185 2181/2181 2175/2175
f 2181/2181 2186/2186 2177/2177
f 2186/2186 2182/2182 2177/2177
f 2182/2182 2187/2187 2178/2178
f 2187/2187 2183/2183 2178/2178
f 2183/2183 2188/2188 1467/1467
f 2188/2188 1473/1473 1467/1467
f 2184/2184 2189/2189 2180/2180
f 2189/2189 2185/2185 2180/2180
f 2185/2185 2190/2190 2181/2181
f 2190/2190 2186/2186 2181/2181
f 2186/2186 2191/2191 2182/2182
f 2191/2191 2187/2187 2182/2182
f 2187/2187 2192/2192 2183/2183
f 2192/2192 2188/2188 2183/2183
f 2188/2188 2193/2193 1473/1473
f 2193/2193 1479/1479 1473/1473
f 2189/2189 2194/2194 2185/2185
f 2194/2194 2190/2190 2185/2185
f 2190/2190 2195/2195 2186/2186
f 2195/2195 2191/2191 2186/2186
f 2191/2191 2196/2196 2187/2187
f 2196/2196 2192/2192 2187/2187
f 2192/2192 2197/2197 2188/2188
f 2197/2197 2193/2193 2188/2188
f 2193/2193 2198/2198 1479/1479
f 2198/2198 1485/1485 1479/1479
f 2194/2194 2199/2199 2190/2190
f 2199/2199 2195/2195 2190/2190
f 2195/2195 2200/2200 2191/2191
f 2200/2200 2196/2196 2191/2191
f 2196/2196 2201/2201 2192/2192
f 2201/2201 2197/2197 2192/2192
f 2197/2197 2202/2202 2193/2193
f 2202/2202 2198/2198 2193/2193
f 2198/2198 2203/2203 1485/1485
f 2203/2203 1491/1491 1485/1485
f 2199/2199 2204/2204 2195/2195
f 2204/2204 2200/2200 2195/2195
f 2200/2200 2205/2205 2196/2196
f 2205/2205 2201/2201 2196/2196
f 2201/2201 2206/2206 2197/2197
f 2206/2206 2202/2202 2197/2197
f 2202/2202 2207/2207 2198/2198
f 2207/2207 2203/2203 2198/2198
f 2203/2203 2208/2208 1491/1491
f 2208/2208 1497/1497 1491/1491
f 2204/2204 2209/2209 2200/2200
f 2209/2209 2205/2205 2200/2200
f 2205/2205 2210/2210 2201/2201
f 2210/2210 2206/2206 2201/2201
f 2206/2206 2211/2211 2202/2202
f 2211/2211 2207/2207 2202/2202
f 2207/2207 2212/2212 2203/2203
f 2212/2212 2208/2208 2203/2203
f 2208/2208 2213/2213 1497/1497
f 2213/2213 1503/1503 1497/1497
f 2209/2209 2214/2214 2205/2205
f 2214/2214 2210/2210 2205/2205
f 2210/2210 2215/2215 2206/2206
f 2215/2215 2211/2211 2206/2206
f 2211/2211 2216/2216 2207/2207
f 2216/2216 2212/2212 2207/2207
f 2212/2212 2217/2217 2208/2208
f 2217/2217 2213/2213 2208/2208
f 2213/2213 2218/2218 1503/1503
f 2218/2218 1509/1509 1503/1503
f 2214/2214 2219/2219 2210/2210
f 2219/2219 2215/2215 2210/2210
f 2215/2215 2220/2220 2211/2211
f 2220/2220 2216/2216 2211/2211
f 2216/2216 2221/2221 2212/2212
f 2221/2221 2217/2217 2212/2212
f 2217/2217 2222/2222 2213/2213
f 2222/2222 2218/2218 2213/2213
f 2218/2218 2223/2223 1509/1509
f 2223/2223 1515/1515 1509/1509
f 2219/2219 2224/2224 2215/2215
f 2224/2224 2220/2220 2215/2215
f 2220/2220 2225/2225 2216/2216
f 2225/2225 2221/2221 2216/2216
f 2221/2221 2226/2226 2217/2217
f 2226/2226 2222/2222 2217/2217
f 2222/2222 2227/2227 2218/2218
f 2227/2227 2223/2223 2218/2218
f 2223/2223 2228/2228 1515/1515
f 2228/2228 1521/1521 1515/1515
f 2224/2224 2229/2229 2220/2220
f 2229/2229 2225/2225 2220/2220
f 2225/2225 2230/2230 2221/2221
f 2230/2230 2226/2226 2221/2221
f 2226/2226 2231/2231 2222/2222
f 2231/2231 2227/2227 2222/2222
f 2227/2227 2232/2232 2223/2223
f 2232/2232 2228/2228 2223/2223
f 2228/2228 2233/2233 1521/1521
f 2233/2233 1527/1527 1521/1521
f 2229/2229 2234/2234 2225/2225
f 2234/2234 2230/2230 2225/2225
f 2230/2230 2235/2235 2226/2226
f 2235/2235 2231/2231 2226/2226
f 2231/2231 2236/2236 2227/2227
f 2236/2236 2232/2232 2227/2227
f 2232/2232 2237/2237 2228/2228
f 2237/2237 2233/2233 2228/2228
f 2233/2233 2238/2238 1527/1527
f 2238/2238 1533/1533 1527/1527
f 2234/2234 2239/2239 2230/2230
f 2239/2239 2235/2235 2230/2230
f 2235/2235 2240/2240 2231/2231
f 2240/2240 2236/2236 2231/2231
f 2236/2236 2241/2241 2232/2232
f 2241/2241 2237/2237 2232/2232
f 2237/2237 2242/2242 2233/2233
f 2242/2242 2238/2238 2233/2233
f 2238/2238 2243/2243 1533/1533
f 2243/2243 1539/1539 1533/1533
f 2239/2239 2244/2244 2235/2235
f 2244/2244 2240/2240 2235/2235
f 2240/2240 2245/2245 2236/2236
f 2245/2245 2241/2241 2236/2236
f 2241/2241 2246/2246 2237/2237
f 2246/2246 2242/2242 2237/2237
f 2242/2242 2247/2247 2238/2238
f 2247/2247 2243/2243 2238/2238
f 2243/2243 2248/2248 1539/1539
f 2248/2248 1545/1545 1539/1539
f 2244/2244 2249/2249 2240/2240
f 2249/2249 2245/2245 2240/2240
f 2245/2245 2250/2250 2241/2241
f 2250/2250 2246/2246 2241/2241
f 2246/2246 2251/2251 2242/2242
f 2251/2251 2247/2247 2242/2242
f 2247/2247 2252/2252 2243/2243
f 2252/2252 2248/2248 2243/2243
f 2248/2248 2253/2253 1545/1545
f 2253/2253 1551/1551 1545/1545
f 2249/2249 2254/2254 2245/2245
f 2254/2254 2250/2250 2245/2245
f 2250/2250 2255/2255 2246/2246
f 2255/2255 2251/2251 2246/2246
f 2251/2251 2256/2256 2247/2247
f 2256/2256 2252/2252 2247/2247
f 2252/2252 2257/2257 2248/2248
f 2257/2257 2253/2253 2248/2248
f 2253/2253 2258/2258 1551/1551
f 2258/2258 1557/1557 1551/1551
f 2254/2254 2259/2259 2250/2250
f 2259/2259 2255/2255 2250/2250
f 2255/2255 2260/2260 2251/2251
f 2260/2260 2256/2256 2251/2251
f 2256/2256 2261/2261 2252/2252
f 2261/2261 2257/2257 2252/2252
f 2257/2257 2262/2262 2253/2253
f 2262/2262 2258/2258 2253/2253
f 2258/2258 2263/2263 1557/1557
f 2263/2263 1563/1563 1557/1557
f 2259/2259 2264/2264 2255/2255
f 2264/2264 2260/2260 2255/2255
f 2260/2260 2265/2265 2256/2256
f 2265/2265 2261/2261 2256/2256
f 2261/2261 2266/2266 2257/2257
f 2266/2266 2262/2262 2257/2257
f 2262/2262 2267/2267 2258/2258
f 2267/2267 2263/2263 2258/2258
f 2263/2263 2268/2268 1563/1563
f 2268/2268 1569/1569 1563/1563
f 2264/2264 2269/2269 2260/2260
f 2269/2269 2265/2265 2260/2260
f 2265/2265 2270/2270 2261/2261
f 2270/2270 2266/2266 2261/2261
f 2266/2266 2271/2271 2262/2262
f 2271/2271 2267/2267 2262/2262
f 2267/2267 2272/2272 2263/2263
f 2272/2272 2268/2268 2263/2263
f 2268/2268 2273/2273 1569/1569
f 2273/2273 1575/1575 1569/1569
f 2269/2269 2274/2274 2265/2265
f 2274/2274 2270/2270 2265/2265
f 2270/2270 2275/2275 2266/2266
f 2275/2275 2271/2271 2266/2266
f 2271/2271 2276/2276 2267/2267
f 2276/2276 2272/2272 2267/2267
f 2272/2272 2277/2277 2268/2268
f 2277/2277 2273/2273 2268/2268
f 2273/2273 2278/2278 1575/1575
f 2278/2278 1581/1581 1575/1575
f 2274/2274 2279/2279 2270/2270
f 2279/2279 2275/2275 2270/2270
f 2275/2275 2280/2280 2271/2271
f 2280/2280 2276/2276 2271/2271
f 2276/2276 2281/2281 2272/2272
f 2281/2281 2277/2277 2272/2272
f 2277/2277 2282/2282 2273/2273
f 2282/2282 2278/2278 2273/2273
f 2278/2278 2283/2283 1581/1581
f 2283/2283 1587/1587 1581/1581
f 2283/2283 1636/1636 1587/1587
f 2284/2284 2283/2283 2278/2278
f 2282/2282 2284/2284 2278/2278
f 2285/2285 1636/1636 2283/2283
f 2284/2284 2285/2285 2283/2283
f 2285/2285 1638/1638 1636/1636
f 2286/2286 2282/2282 2277/2277
f 2281/2281 2286/2286 2277/2277
f 2287/2287 2281/2281 2276/2276
f 2280/2280 2287/2287 2276/2276
f 2288/2288 2284/2284 2282/2282
f 2286/2286 2288/2288 2282/2282
f 2289/2289 1638/1638 2285/2285
f 2289/2289 1639/1639 1638/1638
f 1647/1647 1639/1639 2289/2289
f 2290/2290 2285/2285 2284/2284
f 2290/2290 2289/2289 2285/2285
f 2288/2288 2290/2290 2284/2284
f 2291/2291 1647/1647 2289/2289
f 2291/2291 2289/2289 2290/2290
f 1658/1658 1647/1647 2291/2291
f 2292/2292 2286/2286 2281/2281
f 2287/2287 2292/2292 2281/2281
f 2293/2293 2288/2288 2286/2286
f 2292/2292 2293/2293 2286/2286
f 2294/2294 2290/2290 2288/2288
f 2294/2294 2291/2291 2290/2290
f 2293/2293 2294/2294 2288/2288
f 2295/2295 1658/1658 2291/2291
f 2295/2295 2291/2291 2294/2294
f 1663/1663 1658/1658 2295/2295
f 2296/2296 2294/2294 2293/2293
f 2296/2296 2295/2295 2294/2294
f 2297/2297 1663/1663 2295/2295
f 2297/2297 2295/2295 2296/2296
f 1668/1668 1663/1663 2297/2297
f 2298/2298 2293/2293 2292/2292
f 2298/2298 2296/2296 2293/2293
f 2299/2299 2292/2292 2287/2287
f 2299/2299 2298/2298 2292/2292
f 2300/2300 1668/1668 2297/2297
f 1673/1673 1668/1668 2300/2300
f 2301/2301 2297/2297 2296/2296
f 2301/2301 2296/2296 2298/2298
f 2300/2300 2297/2297 2301/2301
f 2302/2302 1673/1673 2300/2300
f 1678/1678 1673/1673 2302/2302
f 2303/2303 2301/2301 2298/2298
f 2303/2303 2298/2298 2299/2299
f 2304/2304 2300/2300 2301/2301
f 2302/2302 2300/2300 2304/2304
f 2304/2304 2301/2301 2303/2303
f 2305/2305 2299/2299 2287/2287
f 2305/2305 2287/2287 2280/2280
f 2306/2306 1678/1678 2302/2302
f 1683/1683 1678/1678 2306/2306
f 2307/2307 2303/2303 2299/2299
f 2307/2307 2299/2299 2305/2305
f 2308/2308 2304/2304 2303/2303
f 2308/2308 2303/2303 2307/2307
f 2309/2309 2302/2302 2304/2304
f 2306/2306 2302/2302 2309/2309
f 2309/2309 2304/2304 2308/2308
f 2310/2310 2305/2305 2280/2280
f 2310/2310 2280/2280 2275/2275
f 2279/2279 2310/2310 2275/2275
f 2311/2311 1683/1683 2306/2306
f 1688/1688 1683/1683 2311/2311
f 2312/2312 2307/2307 2305/2305
f 2312/2312 2305/2305 2310/2310
f 2313/2313 2308/2308 2307/2307
f 2313/2313 2307/2307 2312/2312
f 2314/2314 2309/2309 2308/2308
f 2314/2314 2308/2308 2313/2313
f 2315/2315 2306/2306 2309/2309
f 2311/2311 2306/2306 2315/2315
f 2315/2315 2309/2309 2314/2314
f 2316/2316 2310/2310 2279/2279
f 2316/2316 2312/2312 2310/2310
f 2317/2317 1688/1688 2311/2311
f 1693/1693 1688/1688 2317/2317
f 2318/2318 2313/2313 2312/2312
f 2318/2318 2312/2312 2316/2316
f 2319/2319 2314/2314 2313/2313
f 2319/2319 2313/2313 2318/2318
f 2320/2320 2315/2315 2314/2314
f 2320/2320 2314/2314 2319/2319
f 2321/2321 2311/2311 2315/2315
f 2317/2317 2311/2311 2321/2321
f 2321/2321 2315/2315 2320/2320
f 2322/2322 2316/2316 2279/2279
f 2322/2322 2279/2279 2274/2274
f 2323/2323 1693/1693 2317/2317
f 1698/1698 1693/1693 2323/2323
f 2324/2324 2318/2318 2316/2316
f 2324/2324 2316/2316 2322/2322
f 2325/2325 2319/2319 2318/2318
f 2325/2325 2318/2318 2324/2324
f 2326/2326 2320/2320 2319/2319
f 2326/2326 2319/2319 2325/2325
f 2327/2327 2317/2317 2321/2321
f 2323/2323 2317/2317 2327/2327
f 2328/2328 2321/2321 2320/2320
f 2328/2328 2320/2320 2326/2326
f 2327/2327 2321/2321 2328/2328
f 2329/2329 1698/1698 2323/2323
f 1703/1703 1698/1698 2329/2329
f 2330/2330 2323/2323 2327/2327
f 2329/2329 2323/2323 2330/2330
f 2331/2331 2327/2327 2328/2328
f 2330/2330 2327/2327 2331/2331
f 2332/2332 2328/2328 2326/2326
f 2331/2331 2328/2328 2332/2332
f 2333/2333 2326/2326 2325/2325
f 2332/2332 2326/2326 2333/2333
f 2334/2334 1703/1703 2329/2329
f 1708/1708 1703/1703 2334/2334
f 2335/2335 2329/2329 2330/2330
f 2334/2334 2329/2329 2335/2335
f 2336/2336 2330/2330 2331/2331
f 2335/2335 2330/2330 2336/2336
f 2337/2337 2331/2331 2332/2332
f 2336/2336 2331/2331 2337/2337
f 2338/2338 1708/1708 2334/2334
f 1713/1713 1708/1708 2338/2338
f 2339/2339 2334/2334 2335/2335
f 2338/2338 2334/2334 2339/2339
f 2340/2340 2335/2335 2336/2336
f 2339/2339 2335/2335 2340/2340
f 2341/2341 1713/1713 2338/2338
f 1718/1718 1713/1713 2341/2341
f 2342/2342 2338/2338 2339/2339
f 2341/2341 2338/2338 2342/2342
f 2343/2343 1718/1718 2341/2341
f 1723/1723 1718/1718 2343/2343
f 2337/2337 2332/2332 2344/2344
f 2344/2344 2332/2332 2333/2333
f 2345/2345 2336/2336 2337/2337
f 2340/2340 2336/2336 2345/2345
f 2346/2346 2339/2339 2340/2340
f 2342/2342 2339/2339 2346/2346
f 2347/2347 2341/2341 2342/2342
f 2343/2343 2341/2341 2347/2347
f 2348/2348 1723/1723 2343/2343
f 1728/1728 1723/1723 2348/2348
f 2349/2349 2337/2337 2344/2344
f 2345/2345 2337/2337 2349/2349
f 2350/2350 2340/2340 2345/2345
f 2346/2346 2340/2340 2350/2350
f 2351/2351 2342/2342 2346/2346
f 2347/2347 2342/2342 2351/2351
f 2352/2352 2343/2343 2347/2347
f 2348/2348 2343/2343 2352/2352
f 2353/2353 1728/1728 2348/2348
f 1733/1733 1728/1728 2353/2353
f 2354/2354 2345/2345 2349/2349
f 2350/2350 2345/2345 2354/2354
f 2355/2355 2346/2346 2350/2350
f 2351/2351 2346/2346 2355/2355
f 2356/2356 2347/2347 2351/2351
f 2352/2352 2347/2347 2356/2356
f 2357/2357 2348/2348 2352/2352
f 2353/2353 2348/2348 2357/2357
f 2358/2358 1733/1733 2353/2353
f 1738/1738 1733/1733 2358/2358
f 2359/2359 2350/2350 2354/2354
f 2355/2355 2350/2350 2359/2359
f 2360/2360 2351/2351 2355/2355
f 2356/2356 2351/2351 2360/2360
f 2361/2361 2352/2352 2356/2356
f 2357/2357 2352/2352 2361/2361
f 2362/2362 2353/2353 2357/2357
f 2358/2358 2353/2353 2362/2362
f 2363/2363 1738/1738 2358/2358
f 1743/1743 1738/1738 2363/2363
f 2364/2364 2355/2355 2359/2359
f 2360/2360 2355/2355 2364/2364
f 2365/2365 2356/2356 2360/2360
f 2361/2361 2356/2356 2365/2365
f 2366/2366 2357/2357 2361/2361
f 2362/2362 2357/2357 2366/2366
f 2367/2367 2358/2358 2362/2362
f 2363/2363 2358/2358 2367/2367
f 2368/2368 1743/1743 2363/2363
f 1748/1748 1743/1743 2368/2368
f 2369/2369 2360/2360 2364/2364
f 2365/2365 2360/2360 2369/2369
f 2370/2370 2361/2361 2365/2365
f 2366/2366 2361/2361 2370/2370
f 2371/2371 2362/2362 2366/2366
f 2367/2367 2362/2362 2371/2371
f 2372/2372 2363/2363 2367/2367
f 2368/2368 2363/2363 2372/2372
f 2373/2373 1748/1748 2368/2368
f 1753/1753 1748/1748 2373/2373
f 2374/2374 2365/2365 2369/2369
f 2370/2370 2365/2365 2374/2374
f 2375/2375 2366/2366 2370/2370
f 2371/2371 2366/2366 2375/2375
f 2376/2376 2367/2367 2371/2371
f 2372/2372 2367/2367 2376/2376
f 2377/2377 2368/2368 2372/2372
f 2373/2373 2368/2368 2377/2377
f 2378/2378 1753/1753 2373/2373
f 1758/1758 1753/1753 2378/2378
f 2379/2379 2370/2370 2374/2374
f 2375/2375 2370/2370 2379/2379
f 2380/2380 2371/2371 2375/2375
f 2376/2376 2371/2371 2380/2380
f 2381/2381 2372/2372 2376/2376
f 2377/2377 2372/2372 2381/2381
f 2382/2382 2373/2373 2377/2377
f 2378/2378 2373/2373 2382/2382
f 2383/2383 1758/1758 2378/2378
f 1763/1763 1758/1758 2383/2383
f 2384/2384 2375/2375 2379/2379
f 2380/2380 2375/2375 2384/2384
f 2385/2385 2376/2376 2380/2380
f 2381/2381 2376/2376 2385/2385
f 2386/2386 2377/2377 2381/2381
f 2382/2382 2377/2377 2386/2386
f 2387/2387 2378/2378 2382/2382
f 2383/2383 2378/2378 2387/2387
f 2388/2388 1763/1763 2383/2383
f 1768/1768 1763/1763 2388/2388
f 2389/2389 2380/2380 2384/2384
f 2385/2385 2380/2380 2389/2389
f 2390/2390 2381/2381 2385/2385
f 2386/2386 2381/2381 2390/2390
f 2391/2391 2382/2382 2386/2386
f 2387/2387 2382/2382 2391/2391
f 2392/2392 2383/2383 2387/2387
f 2388/2388 2383/2383 2392/2392
f 2393/2393 1768/1768 2388/2388
f 1773/1773 1768/1768 2393/2393
f 2394/2394 2385/2385 2389/2389
f 2390/2390 2385/2385 2394/2394
f 2395/2395 2386/2386 2390/2390
f 2391/2391 2386/2386 2395/2395
f 2396/2396 2387/2387 2391/2391
f 2392/2392 2387/2387 2396/2396
f 2397/2397 2388/2388 2392/2392
f 2393/2393 2388/2388 2397/2397
f 2398/2398 1773/1773 2393/2393
f 1778/1778 1773/1773 2398/2398
f 2399/2399 2390/2390 2394/2394
f 2395/2395 2390/2390 2399/2399
f 2400/2400 2391/2391 2395/2395
f 2396/2396 2391/2391 2400/2400
f 2401/2401 2392/2392 2396/2396
f 2397/2397 2392/2392 2401/2401
f 2402/2402 2393/2393 2397/2397
f 2398/2398 2393/2393 2402/2402
f 2403/2403 1778/1778 2398/2398
f 1782/1782 1778/1778 2403/2403
f 2404/2404 2395/2395 2399/2399
f 2400/2400 2395/2395 2404/2404
f 2405/2405 2396/2396 2400/2400
f 2401/2401 2396/2396 2405/2405
f 2406/2406 2397/2397 2401/2401
f 2402/2402 2397/2397 2406/2406
f 2407/2407 2398/2398 2402/2402
f 2403/2403 2398/2398 2407/2407
f 2408/2408 1782/1782 2403/2403
f 1785/1785 1782/1782 2408/2408
f 2409/2409 2400/2400 2404/2404
f 2405/2405 2400/2400 2409/2409
f 2410/2410 2401/2401 2405/2405
f 2406/2406 2401/2401 2410/2410
f 2411/2411 2402/2402 2406/2406
f 2407/2407 2402/2402 2411/2411
f 2412/2412 2403/2403 2407/2407
f 2408/2408 2403/2403 2412/2412
f 2413/2413 1785/1785 2408/2408
f 1787/1787 1785/1785 2413/2413
f 2414/2414 2405/2405 2409/2409
f 2410/2410 2405/2405 2414/2414
f 2415/2415 2406/2406 2410/2410
f 2411/2411 2406/2406 2415/2415
f 2416/2416 2407/2407 2411/2411
f 2412/2412 2407/2407 2416/2416
f 2417/2417 2408/2408 2412/2412
f 2413/2413 2408/2408 2417/2417
f 2418/2418 1787/1787 2413/2413
f 1791/1791 1787/1787 2418/2418
f 2419/2419 2410/2410 2414/2414
f 2415/2415 2410/2410 2419/2419
f 2420/2420 2411/2411 2415/2415
f 2416/2416 2411/2411 2420/2420
f 2421/2421 2412/2412 2416/2416
f 2417/2417 2412/2412 2421/2421
f 2422/2422 2413/2413 2417/2417
f 2418/2418 2413/2413 2422/2422
f 2423/2423 1791/1791 2418/2418
f 1809/1809 1791/1791 2423/2423
f 2424/2424 2415/2415 2419/2419
f 2420/2420 2415/2415 2424/2424
f 2425/2425 2416/2416 2420/2420
f 2421/2421 2416/2416 2425/2425
f 2426/2426 2417/2417 2421/2421
f 2422/2422 2417/2417 2426/2426
f 2427/2427 2418/2418 2422/2422
f 2423/2423 2418/2418 2427/2427
f 2428/2428 1809/1809 2423/2423
f 1810/1810 1809/1809 2428/2428
f 1819/1819 1810/1810 2428/2428
f 2428/2428 2423/2423 2429/2429
f 2429/2429 2423/2423 2427/2427
f 1819/1819 2428/2428 2430/2430
f 2430/2430 2428/2428 2429/2429
f 1830/1830 1819/1819 2430/2430
f 2427/2427 2422/2422 2431/2431
f 2431/2431 2422/2422 2426/2426
f 2426/2426 2421/2421 2432/2432
f 2432/2432 2421/2421 2425/2425
f 2429/2429 2427/2427 2433/2433
f 2433/2433 2427/2427 2431/2431
f 2430/2430 2429/2429 2434/2434
f 2434/2434 2429/2429 2433/2433
f 1830/1830 2430/2430 2435/2435
f 2435/2435 2430/2430 2434/2434
f 1835/1835 1830/1830 2435/2435
f 2431/2431 2426/2426 2436/2436
f 2436/2436 2426/2426 2432/2432
f 2433/2433 2431/2431 2437/2437
f 2437/2437 2431/2431 2436/2436
f 2434/2434 2433/2433 2438/2438
f 2438/2438 2433/2433 2437/2437
f 2435/2435 2434/2434 2439/2439
f 2439/2439 2434/2434 2438/2438
f 1835/1835 2435/2435 2440/2440
f 2440/2440 2435/2435 2439/2439
f 1840/1840 1835/1835 2440/2440
f 1840/1840 2440/2440 2441/2441
f 1845/1845 1840/1840 2441/2441
f 2440/2440 2439/2439 2442/2442
f 2441/2441 2440/2440 2442/2442
f 2439/2439 2438/2438 2443/2443
f 2442/2442 2439/2439 2443/2443
f 2438/2438 2437/2437 2444/2444
f 2443/2443 2438/2438 2444/2444
f 2437/2437 2436/2436 2445/2445
f 2444/2444 2437/2437 2445/2445
f 1845/1845 2441/2441 2446/2446
f 1850/1850 1845/1845 2446/2446
f 2441/2441 2442/2442 2447/2447
f 2446/2446 2441/2441 2447/2447
f 2442/2442 2443/2443 2448/2448
f 2447/2447 2442/2442 2448/2448
f 2443/2443 2444/2444 2449/2449
f 2448/2448 2443/2443 2449/2449
f 1850/1850 2446/2446 2450/2450
f 1855/1855 1850/1850 2450/2450
f 2446/2446 2447/2447 2451/2451
f 2450/2450 2446/2446 2451/2451
f 2447/2447 2448/2448 2452/2452
f 2451/2451 2447/2447 2452/2452
f 1855/1855 2450/2450 2453/2453
f 1860/1860 1855/1855 2453/2453
f 2450/2450 2451/2451 2454/2454
f 2453/2453 2450/2450 2454/2454
f 1860/1860 2453/2453 2455/2455
f 1865/1865 1860/1860 2455/2455
f 2449/2449 2444/2444 2456/2456
f 2444/2444 2445/2445 2456/2456
f 2448/2448 2449/2449 2457/2457
f 2452/2452 2448/2448 2457/2457
f 2451/2451 2452/2452 2458/2458
f 2454/2454 2451/2451 2458/2458
f 2453/2453 2454/2454 2459/2459
f 2455/2455 2453/2453 2459/2459
f 1865/1865 2455/2455 2460/2460
f 1870/1870 1865/1865 2460/2460
f 2449/2449 2456/2456 2461/2461
f 2457/2457 2449/2449 2461/2461
f 2452/2452 2457/2457 2462/2462
f 2458/2458 2452/2452 2462/2462
f 2454/2454 2458/2458 2463/2463
f 2459/2459 2454/2454 2463/2463
f 2455/2455 2459/2459 2464/2464
f 2460/2460 2455/2455 2464/2464
f 1870/1870 2460/2460 2465/2465
f 1875/1875 1870/1870 2465/2465
f 2457/2457 2461/2461 2466/2466
f 2462/2462 2457/2457 2466/2466
f 2458/2458 2462/2462 2467/2467
f 2463/2463 2458/2458 2467/2467
f 2459/2459 2463/2463 2468/2468
f 2464/2464 2459/2459 2468/2468
f 2460/2460 2464/2464 2469/2469
f 2465/2465 2460/2460 2469/2469
f 1875/1875 2465/2465 2470/2470
f 1880/1880 1875/1875 2470/2470
f 2462/2462 2466/2466 2471/2471
f 2467/2467 2462/2462 2471/2471
f 2463/2463 2467/2467 2472/2472
f 2468/2468 2463/2463 2472/2472
f 2464/2464 2468/2468 2473/2473
f 2469/2469 2464/2464 2473/2473
f 2465/2465 2469/2469 2474/2474
f 2470/2470 2465/2465 2474/2474
f 1880/1880 2470/2470 2475/2475
f 1885/1885 1880/1880 2475/2475
f 2467/2467 2471/2471 2476/2476
f 2472/2472 2467/2467 2476/2476
f 2468/2468 2472/2472 2477/2477
f 2473/2473 2468/2468 2477/2477
f 2469/2469 2473/2473 2478/2478
f 2474/2474 2469/2469 2478/2478
f 2470/2470 2474/2474 2479/2479
f 2475/2475 2470/2470 2479/2479
f 1885/1885 2475/2475 2480/2480
f 1890/1890 1885/1885 2480/2480
f 2472/2472 2476/2476 2481/2481
f 2477/2477 2472/2472 2481/2481
f 2473/2473 2477/2477 2482/2482
f 2478/2478 2473/2473 2482/2482
f 2474/2474 2478/2478 2483/2483
f 2479/2479 2474/2474 2483/2483
f 2475/2475 2479/2479 2484/2484
f 2480/2480 2475/2475 2484/2484
f 1890/1890 2480/2480 2485/2485
f 1895/1895 1890/1890 2485/2485
f 2477/2477 2481/2481 2486/2486
f 2482/2482 2477/2477 2486/2486
f 2478/2478 2482/2482 2487/2487
f 2483/2483 2478/2478 2487/2487
f 2479/2479 2483/2483 2488/2488
f 2484/2484 2479/2479 2488/2488
f 2480/2480 2484/2484 2489/2489
f 2485/2485 2480/2480 2489/2489
f 1895/1895 2485/2485 2490/2490
f 1900/1900 1895/1895 2490/2490
f 2482/2482 2486/2486 2491/2491
f 2487/2487 2482/2482 2491/2491
f 2483/2483 2487/2487 2492/2492
f 2488/2488 2483/2483 2492/2492
f 2484/2484 2488/2488 2493/2493
f 2489/2489 2484/2484 2493/2493
f 2485/2485 2489/2489 2494/2494
f 2490/2490 2485/2485 2494/2494
f 1900/1900 2490/2490 2495/2495
f 1905/1905 1900/1900 2495/2495
f 2487/2487 2491/2491 2496/2496
f 2492/2492 2487/2487 2496/2496
f 2488/2488 2492/2492 2497/2497
f 2493/2493 2488/2488 2497/2497
f 2489/2489 2493/2493 2498/2498
f 2494/2494 2489/2489 2498/2498
f 2490/2490 2494/2494 2499/2499
f 2495/2495 2490/2490 2499/2499
f 1905/1905 2495/2495 2500/2500
f 1910/1910 1905/1905 2500/2500
f 2492/2492 2496/2496 2501/2501
f 2497/2497 2492/2492 2501/2501
f 2493/2493 2497/2497 2502/2502
f 2498/2498 2493/2493 2502/2502
f 2494/2494 2498/2498 2503/2503
f 2499/2499 2494/2494 2503/2503
f 2495/2495 2499/2499 2504/2504
f 2500/2500 2495/2495 2504/2504
f 1910/1910 2500/2500 2505/2505
f 1915/1915 1910/1910 2505/2505
f 2497/2497 2501/2501 2506/2506
f 2502/2502 2497/2497 2506/2506
f 2498/2498 2502/2502 2507/2507
f 2503/2503 2498/2498 2507/2507
f 2499/2499 2503/2503 2508/2508
f 2504/2504 2499/2499 2508/2508
f 2500/2500 2504/2504 2509/2509
f 2505/2505 2500/2500 2509/2509
f 1915/1915 2505/2505 2510/2510
f 1920/1920 1915/1915 2510/2510
f 2502/2502 2506/2506 2511/2511
f 2507/2507 2502/2502 2511/2511
f 2503/2503 2507/2507 2512/2512
f 2508/2508 2503/2503 2512/2512
f 2504/2504 2508/2508 2513/2513
f 2509/2509 2504/2504 2513/2513
f 2505/2505 2509/2509 2514/2514
f 2510/2510 2505/2505 2514/2514
f 1920/1920 2510/2510 2515/2515
f 1925/1925 1920/1920 2515/2515
f 2507/2507 2511/2511 2516/2516
f 2512/2512 2507/2507 2516/2516
f 2508/2508 2512/2512 2517/2517
f 2513/2513 2508/2508 2517/2517
f 2509/2509 2513/2513 2518/2518
f 2514/2514 2509/2509 2518/2518
f 2510/2510 2514/2514 2519/2519
f 2515/2515 2510/2510 2519/2519
f 1925/1925 2515/2515 2520/2520
f 1930/1930 1925/1925 2520/2520
f 2512/2512 2516/2516 2521/2521
f 2517/2517 2512/2512 2521/2521
f 2513/2513 2517/2517 2522/2522
f 2518/2518 2513/2513 2522/2522
f 2514/2514 2518/2518 2523/2523
f 2519/2519 2514/2514 2523/2523
f 2515/2515 2519/2519 2524/2524
f 2520/2520 2515/2515 2524/2524
f 1930/1930 2520/2520 2525/2525
f 1935/1935 1930/1930 2525/2525
f 2517/2517 2521/2521 2526/2526
f 2522/2522 2517/2517 2526/2526
f 2518/2518 2522/2522 2527/2527
f 2523/2523 2518/2518 2527/2527
f 2519/2519 2523/2523 2528/2528
f 2524/2524 2519/2519 2528/2528
f 2520/2520 2524/2524 2529/2529
f 2525/2525 2520/2520 2529/2529
f 1935/1935 2525/2525 2530/2530
f 1940/1940 1935/1935 2530/2530
f 2522/2522 2526/2526 2531/2531
f 2527/2527 2522/2522 2531/2531
f 2523/2523 2527/2527 2532/2532
f 2528/2528 2523/2523 2532/2532
f 2524/2524 2528/2528 2533/2533
f 2529/2529 2524/2524 2533/2533
f 2525/2525 2529/2529 2534/2534
f 2530/2530 2525/2525 2534/2534
f 1940/1940 2530/2530 2535/2535
f 1945/1945 1940/1940 2535/2535
f 2527/2527 2531/2531 2536/2536
f 2532/2532 2527/2527 2536/2536
f 2528/2528 2532/2532 2537/2537
f 2533/2533 2528/2528 2537/2537
f 2529/2529 2533/2533 2538/2538
f 2534/2534 2529/2529 2538/2538
f 2530/2530 2534/2534 2539/2539
f 2535/2535 2530/2530 2539/2539
f 1945/1945 2535/2535 2540/2540
f 1950/1950 1945/1945 2540/2540
f 2532/2532 2536/2536 2541/2541
f 2537/2537 2532/2532 2541/2541
f 2533/2533 2537/2537 2542/2542
f 2538/2538 2533/2533 2542/2542
f 2534/2534 2538/2538 2543/2543
f 2539/2539 2534/2534 2543/2543
f 2535/2535 2539/2539 2544/2544
f 2540/2540 2535/2535 2544/2544
f 1950/1950 2540/2540 2545/2545
f 1955/1955 1950/1950 2545/2545
f 1955/1955 2545/2545 2002/2002
f 2545/2545 2540/2540 2546/2546
f 2540/2540 2544/2544 2546/2546
f 2002/2002 2545/2545 2547/2547
f 2545/2545 2546/2546 2547/2547
f 2002/2002 2547/2547 2007/2007
f 2007/2007 2547/2547 2014/2014
f 2544/2544 2539/2539 2548/2548
f 2539/2539 2543/2543 2548/2548
f 2543/2543 2538/2538 2549/2549
f 2538/2538 2542/2542 2549/2549
f 2547/2547 2546/2546 2550/2550
f 2547/2547 2550/2550 2014/2014
f 2546/2546 2544/2544 2551/2551
f 2544/2544 2548/2548 2551/2551
f 2546/2546 2551/2551 2550/2550
f 2548/2548 2543/2543 2552/2552
f 2543/2543 2549/2549 2552/2552
f 2014/2014 2550/2550 2553/2553
f 2014/2014 2553/2553 2013/2013
f 2013/2013 2553/2553 2019/2019
f 2550/2550 2551/2551 2554/2554
f 2550/2550 2554/2554 2553/2553
f 2551/2551 2548/2548 2555/2555
f 2548/2548 2552/2552 2555/2555
f 2551/2551 2555/2555 2554/2554
f 2553/2553 2556/2556 2019/2019
f 2553/2553 2554/2554 2556/2556
f 2019/2019 2556/2556 2030/2030
f 2554/2554 2555/2555 2557/2557
f 2554/2554 2557/2557 2556/2556
f 2556/2556 2558/2558 2030/2030
f 2556/2556 2557/2557 2558/2558
f 2030/2030 2558/2558 2035/2035
f 2555/2555 2552/2552 2559/2559
f 2555/2555 2559/2559 2557/2557
f 2558/2558 2560/2560 2035/2035
f 2035/2035 2560/2560 2040/2040
f 2557/2557 2561/2561 2558/2558
f 2557/2557 2559/2559 2561/2561
f 2558/2558 2561/2561 2560/2560
f 2552/2552 2562/2562 2559/2559
f 2552/2552 2549/2549 2562/2562
f 2560/2560 2563/2563 2040/2040
f 2040/2040 2563/2563 2045/2045
f 2561/2561 2564/2564 2560/2560
f 2560/2560 2564/2564 2563/2563
f 2559/2559 2565/2565 2561/2561
f 2559/2559 2562/2562 2565/2565
f 2561/2561 2565/2565 2564/2564
f 2549/2549 2566/2566 2562/2562
f 2549/2549 2542/2542 2566/2566
f 2563/2563 2567/2567 2045/2045
f 2045/2045 2567/2567 2050/2050
f 2564/2564 2568/2568 2563/2563
f 2563/2563 2568/2568 2567/2567
f 2565/2565 2569/2569 2564/2564
f 2564/2564 2569/2569 2568/2568
f 2562/2562 2570/2570 2565/2565
f 2562/2562 2566/2566 2570/2570
f 2565/2565 2570/2570 2569/2569
f 2542/2542 2571/2571 2566/2566
f 2542/2542 2537/2537 2571/2571
f 2537/2537 2541/2541 2571/2571
f 2567/2567 2572/2572 2050/2050
f 2050/2050 2572/2572 2055/2055
f 2568/2568 2573/2573 2567/2567
f 2567/2567 2573/2573 2572/2572
f 2569/2569 2574/2574 2568/2568
f 2568/2568 2574/2574 2573/2573
f 2566/2566 2575/2575 2570/2570
f 2566/2566 2571/2571 2575/2575
f 2570/2570 2576/2576 2569/2569
f 2569/2569 2576/2576 2574/2574
f 2570/2570 2575/2575 2576/2576
f 2571/2571 2541/2541 2577/2577
f 2571/2571 2577/2577 2575/2575
f 2572/2572 2578/2578 2055/2055
f 2055/2055 2578/2578 2060/2060
f 2573/2573 2579/2579 2572/2572
f 2572/2572 2579/2579 2578/2578
f 2574/2574 2580/2580 2573/2573
f 2573/2573 2580/2580 2579/2579
f 2575/2575 2581/2581 2576/2576
f 2575/2575 2577/2577 2581/2581
f 2576/2576 2582/2582 2574/2574
f 2574/2574 2582/2582 2580/2580
f 2576/2576 2581/2581 2582/2582
f 2541/2541 2583/2583 2577/2577
f 2541/2541 2536/2536 2583/2583
f 2578/2578 2584/2584 2060/2060
f 2060/2060 2584/2584 2065/2065
f 2579/2579 2585/2585 2578/2578
f 2578/2578 2585/2585 2584/2584
f 2580/2580 2586/2586 2579/2579
f 2579/2579 2586/2586 2585/2585
f 2582/2582 2587/2587 2580/2580
f 2580/2580 2587/2587 2586/2586
f 2577/2577 2588/2588 2581/2581
f 2577/2577 2583/2583 2588/2588
f 2581/2581 2589/2589 2582/2582
f 2582/2582 2589/2589 2587/2587
f 2581/2581 2588/2588 2589/2589
f 2584/2584 2590/2590 2065/2065
f 2065/2065 2590/2590 2070/2070
f 2585/2585 2591/2591 2584/2584
f 2584/2584 2591/2591 2590/2590
f 2586/2586 2592/2592 2585/2585
f 2585/2585 2592/2592 2591/2591
f 2587/2587 2593/2593 2586/2586
f 2586/2586 2593/2593 2592/2592
f 2589/2589 2594/2594 2587/2587
f 2587/2587 2594/2594 2593/2593
f 2588/2588 2595/2595 2589/2589
f 2589/2589 2595/2595 2594/2594
f 2590/2590 2596/2596 2070/2070
f 2070/2070 2596/2596 2075/2075
f 2591/2591 2597/2597 2590/2590
f 2590/2590 2597/2597 2596/2596
f 2592/2592 2598/2598 2591/2591
f 2591/2591 2598/2598 2597/2597
f 2593/2593 2599/2599 2592/2592
f 2592/2592 2599/2599 2598/2598
f 2594/2594 2600/2600 2593/2593
f 2593/2593 2600/2600 2599/2599
f 2596/2596 2601/2601 2075/2075
f 2075/2075 2601/2601 2080/2080
f 2597/2597 2602/2602 2596/2596
f 2596/2596 2602/2602 2601/2601
f 2598/2598 2603/2603 2597/2597
f 2597/2597 2603/2603 2602/2602
f 2599/2599 2604/2604 2598/2598
f 2598/2598 2604/2604 2603/2603
f 2601/2601 2605/2605 2080/2080
f 2080/2080 2605/2605 2085/2085
f 2602/2602 2606/2606 2601/2601
f 2601/2601 2606/2606 2605/2605
f 2603/2603 2607/2607 2602/2602
f 2602/2602 2607/2607 2606/2606
f 2605/2605 2608/2608 2085/2085
f 2085/2085 2608/2608 2090/2090
f 2606/2606 2609/2609 2605/2605
f 2605/2605 2609/2609 2608/2608
f 2608/2608 2610/2610 2090/2090
f 2090/2090 2610/2610 2095/2095
f 2599/2599 2611/2611 2604/2604
f 2600/2600 2611/2611 2599/2599
f 2604/2604 2612/2612 2603/2603
f 2603/2603 2612/2612 2607/2607
f 2607/2607 2613/2613 2606/2606
f 2606/2606 2613/2613 2609/2609
f 2609/2609 2614/2614 2608/2608
f 2608/2608 2614/2614 2610/2610
f 2610/2610 2615/2615 2095/2095
f 2095/2095 2615/2615 2100/2100
f 2611/2611 2616/2616 2604/2604
f 2604/2604 2616/2616 2612/2612
f 2612/2612 2617/2617 2607/2607
f 2607/2607 2617/2617 2613/2613
f 2613/2613 2618/2618 2609/2609
f 2609/2609 2618/2618 2614/2614
f 2614/2614 2619/2619 2610/2610
f 2610/2610 2619/2619 2615/2615
f 2615/2615 2620/2620 2100/2100
f 2100/2100 2620/2620 2105/2105
f 2616/2616 2621/2621 2612/2612
f 2612/2612 2621/2621 2617/2617
f 2617/2617 2622/2622 2613/2613
f 2613/2613 2622/2622 2618/2618
f 2618/2618 2623/2623 2614/2614
f 2614/2614 2623/2623 2619/2619
f 2619/2619 2624/2624 2615/2615
f 2615/2615 2624/2624 2620/2620
f 2620/2620 2625/2625 2105/2105
f 2105/2105 2625/2625 2110/2110
f 2621/2621 2626/2626 2617/2617
f 2617/2617 2626/2626 2622/2622
f 2622/2622 2627/2627 2618/2618
f 2618/2618 2627/2627 2623/2623
f 2623/2623 2628/2628 2619/2619
f 2619/2619 2628/2628 2624/2624
f 2624/2624 2629/2629 2620/2620
f 2620/2620 2629/2629 2625/2625
f 2625/2625 2630/2630 2110/2110
f 2110/2110 2630/2630 2115/2115
f 2626/2626 2631/2631 2622/2622
f 2622/2622 2631/2631 2627/2627
f 2627/2627 2632/2632 2623/2623
f 2623/2623 2632/2632 2628/2628
f 2628/2628 2633/2633 2624/2624
f 2624/2624 2633/2633 2629/2629
f 2629/2629 2634/2634 2625/2625
f 2625/2625 2634/2634 2630/2630
f 2630/2630 2635/2635 2115/2115
f 2115/2115 2635/2635 2119/2119
f 2631/2631 2636/2636 2627/2627
f 2627/2627 2636/2636 2632/2632
f 2632/2632 2637/2637 2628/2628
f 2628/2628 2637/2637 2633/2633
f 2633/2633 2638/2638 2629/2629
f 2629/2629 2638/2638 2634/2634
f 2634/2634 2639/2639 2630/2630
f 2630/2630 2639/2639 2635/2635
f 2635/2635 2640/2640 2119/2119
f 2119/2119 2640/2640 2122/2122
f 2636/2636 2641/2641 2632/2632
f 2632/2632 2641/2641 2637/2637
f 2637/2637 2642/2642 2633/2633
f 2633/2633 2642/2642 2638/2638
f 2638/2638 2643/2643 2634/2634
f 2634/2634 2643/2643 2639/2639
f 2639/2639 2644/2644 2635/2635
f 2635/2635 2644/2644 2640/2640
f 2640/2640 2645/2645 2122/2122
f 2122/2122 2645/2645 2124/2124
f 2641/2641 2646/2646 2637/2637
f 2637/2637 2646/2646 2642/2642
f 2642/2642 2647/2647 2638/2638
f 2638/2638 2647/2647 2643/2643
f 2643/2643 2648/2648 2639/2639
f 2639/2639 2648/2648 2644/2644
f 2644/2644 2649/2649 2640/2640
f 2640/2640 2649/2649 2645/2645
f 2645/2645 2650/2650 2124/2124
f 2124/2124 2650/2650 2128/2128
f 2646/2646 2651/2651 2642/2642
f 2642/2642 2651/2651 2647/2647
f 2647/2647 2652/2652 2643/2643
f 2643/2643 2652/2652 2648/2648
f 2648/2648 2653/2653 2644/2644
f 2644/2644 2653/2653 2649/2649
f 2649/2649 2654/2654 2645/2645
f 2645/2645 2654/2654 2650/2650
f 2650/2650 2655/2655 2128/2128
f 2128/2128 2655/2655 2147/2147
f 2651/2651 2656/2656 2647/2647
f 2647/2647 2656/2656 2652/2652
f 2652/2652 2657/2657 2648/2648
f 2648/2648 2657/2657 2653/2653
f 2653/2653 2658/2658 2649/2649
f 2649/2649 2658/2658 2654/2654
f 2654/2654 2659/2659 2650/2650
f 2650/2650 2659/2659 2655/2655
f 2655/2655 2660/2660 2147/2147
f 2147/2147 2660/2660 2152/2152
f 2660/2660 2163/2163 2152/2152
f 2655/2655 2661/2661 2660/2660
f 2659/2659 2661/2661 2655/2655
f 2654/2654 2662/2662 2659/2659
f 2658/2658 2662/2662 2654/2654
f 2653/2653 2663/2663 2658/2658
f 2657/2657 2663/2663 2653/2653
f 2660/2660 2664/2664 2163/2163
f 2661/2661 2664/2664 2660/2660
f 2659/2659 2665/2665 2661/2661
f 2662/2662 2665/2665 2659/2659
f 2658/2658 2666/2666 2662/2662
f 2663/2663 2666/2666 2658/2658
f 2664/2664 2667/2667 2163/2163
f 2163/2163 2667/2667 2162/2162
f 2667/2667 2168/2168 2162/2162
f 2661/2661 2668/2668 2664/2664
f 2665/2665 2668/2668 2661/2661
f 2662/2662 2669/2669 2665/2665
f 2666/2666 2669/2669 2662/2662
f 2667/2667 2670/2670 2168/2168
f 2670/2670 2179/2179 2168/2168
f 2664/2664 2671/2671 2667/2667
f 2668/2668 2671/2671 2664/2664
f 2671/2671 2670/2670 2667/2667
f 2665/2665 2672/2672 2668/2668
f 2669/2669 2672/2672 2665/2665
f 2670/2670 2673/2673 2179/2179
f 2673/2673 2184/2184 2179/2179
f 2671/2671 2674/2674 2670/2670
f 2674/2674 2673/2673 2670/2670
f 2668/2668 2675/2675 2671/2671
f 2672/2672 2675/2675 2668/2668
f 2675/2675 2674/2674 2671/2671
f 2673/2673 2676/2676 2184/2184
f 2676/2676 2189/2189 2184/2184
f 2674/2674 2677/2677 2673/2673
f 2677/2677 2676/2676 2673/2673
f 2675/2675 2678/2678 2674/2674
f 2678/2678 2677/2677 2674/2674
f 2672/2672 2679/2679 2675/2675
f 2679/2679 2678/2678 2675/2675
f 2669/2669 2680/2680 2672/2672
f 2680/2680 2679/2679 2672/2672
f 2676/2676 2681/2681 2189/2189
f 2681/2681 2194/2194 2189/2189
f 2677/2677 2682/2682 2676/2676
f 2682/2682 2681/2681 2676/2676
f 2678/2678 2683/2683 2677/2677
f 2683/2683 2682/2682 2677/2677
f 2679/2679 2684/2684 2678/2678
f 2684/2684 2683/2683 2678/2678
f 2681/2681 2685/2685 2194/2194
f 2685/2685 2199/2199 2194/2194
f 2682/2682 2686/2686 2681/2681
f 2686/2686 2685/2685 2681/2681
f 2683/2683 2687/2687 2682/2682
f 2687/2687 2686/2686 2682/2682
f 2685/2685 2688/2688 2199/2199
f 2688/2688 2204/2204 2199/2199
f 2686/2686 2689/2689 2685/2685
f 2689/2689 2688/2688 2685/2685
f 2688/2688 2690/2690 2204/2204
f 2690/2690 2209/2209 2204/2204
f 2691/2691 2684/2684 2679/2679
f 2680/2680 2691/2691 2679/2679
f 2684/2684 2692/2692 2683/2683
f 2692/2692 2687/2687 2683/2683
f 2687/2687 2693/2693 2686/2686
f 2693/2693 2689/2689 2686/2686
f 2689/2689 2694/2694 2688/2688
f 2694/2694 2690/2690 2688/2688
f 2690/2690 2695/2695 2209/2209
f 2695/2695 2214/2214 2209/2209
f 2691/2691 2696/2696 2684/2684
f 2696/2696 2692/2692 2684/2684
f 2692/2692 2697/2697 2687/2687
f 2697/2697 2693/2693 2687/2687
f 2693/2693 2698/2698 2689/2689
f 2698/2698 2694/2694 2689/2689
f 2694/2694 2699/2699 2690/2690
f 2699/2699 2695/2695 2690/2690
f 2695/2695 2700/2700 2214/2214
f 2700/2700 2219/2219 2214/2214
f 2696/2696 2701/2701 2692/2692
f 2701/2701 2697/2697 2692/2692
f 2697/2697 2702/2702 2693/2693
f 2702/2702 2698/2698 2693/2693
f 2698/2698 2703/2703 2694/2694
f 2703/2703 2699/2699 2694/2694
f 2699/2699 2704/2704 2695/2695
f 2704/2704 2700/2700 2695/2695
f 2700/2700 2705/2705 2219/2219
f 2705/2705 2224/2224 2219/2219
f 2701/2701 2706/2706 2697/2697
f 2706/2706 2702/2702 2697/2697
f 2702/2702 2707/2707 2698/2698
f 2707/2707 2703/2703 2698/2698
f 2703/2703 2708/2708 2699/2699
f 2708/2708 2704/2704 2699/2699
f 2704/2704 2709/2709 2700/2700
f 2709/2709 2705/2705 2700/2700
f 2705/2705 2710/2710 2224/2224
f 2710/2710 2229/2229 2224/2224
f 2706/2706 2711/2711 2702/2702
f 2711/2711 2707/2707 2702/2702
f 2707/2707 2712/2712 2703/2703
f 2712/2712 2708/2708 2703/2703
f 2708/2708 2713/2713 2704/2704
f 2713/2713 2709/2709 2704/2704
f 2709/2709 2714/2714 2705/2705
f 2714/2714 2710/2710 2705/2705
f 2710/2710 2715/2715 2229/2229
f 2715/2715 2234/2234 2229/2229
f 2711/2711 2716/2716 2707/2707
f 2716/2716 2712/2712 2707/2707
f 2712/2712 2717/2717 2708/2708
f 2717/2717 2713/2713 2708/2708
f 2713/2713 2718/2718 2709/2709
f 2718/2718 2714/2714 2709/2709
f 2714/2714 2719/2719 2710/2710
f 2719/2719 2715/2715 2710/2710
f 2715/2715 2720/2720 2234/2234
f 2720/2720 2239/2239 2234/2234
f 2716/2716 2721/2721 2712/2712
f 2721/2721 2717/2717 2712/2712
f 2717/2717 2722/2722 2713/2713
f 2722/2722 2718/2718 2713/2713
f 2718/2718 2723/2723 2714/2714
f 2723/2723 2719/2719 2714/2714
f 2719/2719 2724/2724 2715/2715
f 2724/2724 2720/2720 2715/2715
f 2720/2720 2725/2725 2239/2239
f 2725/2725 2244/2244 2239/2239
f 2721/2721 2726/2726 2717/2717
f 2726/2726 2722/2722 2717/2717
f 2722/2722 2727/2727 2718/2718
f 2727/2727 2723/2723 2718/2718
f 2723/2723 2728/2728 2719/2719
f 2728/2728 2724/2724 2719/2719
f 2724/2724 2729/2729 2720/2720
f 2729/2729 2725/2725 2720/2720
f 2725/2725 2730/2730 2244/2244
f 2730/2730 2249/2249 2244/2244
f 2726/2726 2731/2731 2722/2722
f 2731/2731 2727/2727 2722/2722
f 2727/2727 2732/2732 2723/2723
f 2732/2732 2728/2728 2723/2723
f 2728/2728 2733/2733 2724/2724
f 2733/2733 2729/2729 2724/2724
f 2729/2729 2734/2734 2725/2725
f 2734/2734 2730/2730 2725/2725
f 2730/2730 2735/2735 2249/2249
f 2735/2735 2254/2254 2249/2249
f 2731/2731 2736/2736 2727/2727
f 2736/2736 2732/2732 2727/2727
f 2732/2732 2737/2737 2728/2728
f 2737/2737 2733/2733 2728/2728
f 2733/2733 2738/2738 2729/2729
f 2738/2738 2734/2734 2729/2729
f 2734/2734 2739/2739 2730/2730
f 2739/2739 2735/2735 2730/2730
f 2735/2735 2740/2740 2254/2254
f 2740/2740 2259/2259 2254/2254
f 2736/2736 2741/2741 2732/2732
f 2741/2741 2737/2737 2732/2732
f 2737/2737 2742/2742 2733/2733
f 2742/2742 2738/2738 2733/2733
f 2738/2738 2743/2743 2734/2734
f 2743/2743 2739/2739 2734/2734
f 2739/2739 2744/2744 2735/2735
f 2744/2744 2740/2740 2735/2735
f 2740/2740 2745/2745 2259/2259
f 2745/2745 2264/2264 2259/2259
f 2741/2741 2746/2746 2737/2737
f 2746/2746 2742/2742 2737/2737
f 2742/2742 2747/2747 2738/2738
f 2747/2747 2743/2743 2738/2738
f 2743/2743 2748/2748 2739/2739
f 2748/2748 2744/2744 2739/2739
f 2744/2744 2749/2749 2740/2740
f 2749/2749 2745/2745 2740/2740
f 2745/2745 2750/2750 2264/2264
f 2750/2750 2269/2269 2264/2264
f 2746/2746 2751/2751 2742/2742
f 2751/2751 2747/2747 2742/2742
f 2747/2747 2752/2752 2743/2743
f 2752/2752 2748/2748 2743/2743
f 2748/2748 2753/2753 2744/2744
f 2753/2753 2749/2749 2744/2744
f 2749/2749 2754/2754 2745/2745
f 2754/2754 2750/2750 2745/2745
f 2750/2750 2755/2755 2269/2269
f 2755/2755 2274/2274 2269/2269
f 2755/2755 2322/2322 2274/2274
f 2756/2756 2755/2755 2750/2750
f 2754/2754 2756/2756 2750/2750
f 2757/2757 2322/2322 2755/2755
f 2756/2756 2757/2757 2755/2755
f 2757/2757 2324/2324 2322/2322
f 2758/2758 2754/2754 2749/2749
f 2753/2753 2758/2758 2749/2749
f 2759/2759 2753/2753 2748/2748
f 2752/2752 2759/2759 2748/2748
f 2760/2760 2756/2756 2754/2754
f 2758/2758 2760/2760 2754/2754
f 2761/2761 2324/2324 2757/2757
f 2761/2761 2325/2325 2324/2324
f 2333/2333 2325/2325 2761/2761
f 2762/2762 2757/2757 2756/2756
f 2762/2762 2761/2761 2757/2757
f 2760/2760 2762/2762 2756/2756
f 2763/2763 2333/2333 2761/2761
f 2763/2763 2761/2761 2762/2762
f 2344/2344 2333/2333 2763/2763
f 2764/2764 2758/2758 2753/2753
f 2759/2759 2764/2764 2753/2753
f 2765/2765 2760/2760 2758/2758
f 2764/2764 2765/2765 2758/2758
f 2766/2766 2762/2762 2760/2760
f 2766/2766 2763/2763 2762/2762
f 2765/2765 2766/2766 2760/2760
f 2767/2767 2344/2344 2763/2763
f 2767/2767 2763/2763 2766/2766
f 2349/2349 2344/2344 2767/2767
f 2768/2768 2766/2766 2765/2765
f 2768/2768 2767/2767 2766/2766
f 2769/2769 2349/2349 2767/2767
f 2769/2769 2767/2767 2768/2768
f 2354/2354 2349/2349 2769/2769
f 2770/2770 2765/2765 2764/2764
f 2770/2770 2768/2768 2765/2765
f 2771/2771 2764/2764 2759/2759
f 2771/2771 2770/2770 2764/2764
f 2772/2772 2354/2354 2769/2769
f 2359/2359 2354/2354 2772/2772
f 2773/2773 2769/2769 2768/2768
f 2773/2773 2768/2768 2770/2770
f 2772/2772 2769/2769 2773/2773
f 2774/2774 2359/2359 2772/2772
f 2364/2364 2359/2359 2774/2774
f 2775/2775 2773/2773 2770/2770
f 2775/2775 2770/2770 2771/2771
f 2776/2776 2772/2772 2773/2773
f 2774/2774 2772/2772 2776/2776
f 2776/2776 2773/2773 2775/2775
f 2777/2777 2771/2771 2759/2759
f 2777/2777 2759/2759 2752/2752
f 2778/2778 2364/2364 2774/2774
f 2369/2369 2364/2364 2778/2778
f 2779/2779 2775/2775 2771/2771
f 2779/2779 2771/2771 2777/2777
f 2780/2780 2776/2776 2775/2775
f 2780/2780 2775/2775 2779/2779
f 2781/2781 2774/2774 2776/2776
f 2778/2778 2774/2774 2781/2781
f 2781/2781 2776/2776 2780/2780
f 2782/2782 2777/2777 2752/2752
f 2782/2782 2752/2752 2747/2747
f 2751/2751 2782/2782 2747/2747
f 2783/2783 2369/2369 2778/2778
f 2374/2374 2369/2369 2783/2783
f 2784/2784 2779/2779 2777/2777
f 2784/2784 2777/2777 2782/2782
f 2785/2785 2780/2780 2779/2779
f 2785/2785 2779/2779 2784/2784
f 2786/2786 2781/2781 2780/2780
f 2786/2786 2780/2780 2785/2785
f 2787/2787 2778/2778 2781/2781
f 2783/2783 2778/2778 2787/2787
f 2787/2787 2781/2781 2786/2786
f 2788/2788 2782/2782 2751/2751
f 2788/2788 2784/2784 2782/2782
f 2789/2789 2374/2374 2783/2783
f 2379/2379 2374/2374 2789/2789
f 2790/2790 2785/2785 2784/2784
f 2790/2790 2784/2784 2788/2788
f 2791/2791 2786/2786 2785/2785
f 2791/2791 2785/2785 2790/2790
f 2792/2792 2787/2787 2786/2786
f 2792/2792 2786/2786 2791/2791
f 2793/2793 2783/2783 2787/2787
f 2789/2789 2783/2783 2793/2793
f 2793/2793 2787/2787 2792/2792
f 2794/2794 2788/2788 2751/2751
f 2794/2794 2751/2751 2746/2746
f 2795/2795 2379/2379 2789/2789
f 2384/2384 2379/2379 2795/2795
f 2796/2796 2790/2790 2788/2788
f 2796/2796 2788/2788 2794/2794
f 2797/2797 2791/2791 2790/2790
f 2797/2797 2790/2790 2796/2796
f 2798/2798 2792/2792 2791/2791
f 2798/2798 2791/2791 2797/2797
f 2799/2799 2789/2789 2793/2793
f 2795/2795 2789/2789 2799/2799
f 2800/2800 2793/2793 2792/2792
f 2800/2800 2792/2792 2798/2798
f 2799/2799 2793/2793 2800/2800
f 2801/2801 2384/2384 2795/2795
f 2389/2389 2384/2384 2801/2801
f 2802/2802 2795/2795 2799/2799
f 2801/2801 2795/2795 2802/2802
f 2803/2803 2799/2799 2800/2800
f 2802/2802 2799/2799 2803/2803
f 2804/2804 2800/2800 2798/2798
f 2803/2803 2800/2800 2804/2804
f 2805/2805 2798/2798 2797/2797
f 2804/2804 2798/2798 2805/2805
f 2806/2806 2389/2389 2801/2801
f 2394/2394 2389/2389 2806/2806
f 2807/2807 2801/2801 2802/2802
f 2806/2806 2801/2801 2807/2807
f 2808/2808 2802/2802 2803/2803
f 2807/2807 2802/2802 2808/2808
f 2809/2809 2803/2803 2804/2804
f 2808/2808 2803/2803 2809/2809
f 2810/2810 2394/2394 2806/2806
f 2399/2399 2394/2394 2810/2810
f 2811/2811 2806/2806 2807/2807
f 2810/2810 2806/2806 2811/2811
f 2812/2812 2807/2807 2808/2808
f 2811/2811 2807/2807 2812/2812
f 2813/2813 2399/2399 2810/2810
f 2404/2404 2399/2399 2813/2813
f 2814/2814 2810/2810 2811/2811
f 2813/2813 2810/2810 2814/2814
f 2815/2815 2404/2404 2813/2813
f 2409/2409 2404/2404 2815/2815
f 2809/2809 2804/2804 2816/2816
f 2816/2816 2804/2804 2805/2805
f 2817/2817 2808/2808 2809/2809
f 2812/2812 2808/2808 2817/2817
f 2818/2818 2811/2811 2812/2812
f 2814/2814 2811/2811 2818/2818
f 2819/2819 2813/2813 2814/2814
f 2815/2815 2813/2813 2819/2819
f 2820/2820 2409/2409 2815/2815
f 2414/2414 2409/2409 2820/2820
f 2821/2821 2809/2809 2816/2816
f 2817/2817 2809/2809 2821/2821
f 2822/2822 2812/2812 2817/2817
f 2818/2818 2812/2812 2822/2822
f 2823/2823 2814/2814 2818/2818
f 2819/2819 2814/2814 2823/2823
f 2824/2824 2815/2815 2819/2819
f 2820/2820 2815/2815 2824/2824
f 2825/2825 2414/2414 2820/2820
f 2419/2419 2414/2414 2825/2825
f 2826/2826 2817/2817 2821/2821
f 2822/2822 2817/2817 2826/2826
f 2827/2827 2818/2818 2822/2822
f 2823/2823 2818/2818 2827/2827
f 2828/2828 2819/2819 2823/2823
f 2824/2824 2819/2819 2828/2828
f 2829/2829 2820/2820 2824/2824
f 2825/2825 2820/2820 2829/2829
f 2830/2830 2419/2419 2825/2825
f 2424/2424 2419/2419 2830/2830
f 2831/2831 2822/2822 2826/2826
f 2827/2827 2822/2822 2831/2831
f 2832/2832 2823/2823 2827/2827
f 2828/2828 2823/2823 2832/2832
f 2833/2833 2824/2824 2828/2828
f 2829/2829 2824/2824 2833/2833
f 2834/2834 2825/2825 2829/2829
f 2830/2830 2825/2825 2834/2834
f 2835/2835 2827/2827 2831/2831
f 2832/2832 2827/2827 2835/2835
f 2836/2836 2828/2828 2832/2832
f 2833/2833 2828/2828 2836/2836
f 2837/2837 2829/2829 2833/2833
f 2834/2834 2829/2829 2837/2837
f 2838/2838 2832/2832 2835/2835
f 2836/2836 2832/2832 2838/2838
f 2839/2839 2833/2833 2836/2836
f 2837/2837 2833/2833 2839/2839
f 2840/2840 2836/2836 2838/2838
f 2839/2839 2836/2836 2840/2840
f 2841/2841 2830/2830 2834/2834
f 2842/2842 2834/2834 2837/2837
f 2841/2841 2834/2834 2842/2842
f 2843/2843 2837/2837 2839/2839
f 2842/2842 2837/2837 2843/2843
f 2844/2844 2839/2839 2840/2840
f 2843/2843 2839/2839 2844/2844
f 2845/2845 2830/2830 2841/2841
f 2845/2845 2424/2424 2830/2830
f 2846/2846 2424/2424 2845/2845
f 2846/2846 2420/2420 2424/2424
f 2425/2425 2420/2420 2846/2846
f 2847/2847 2425/2425 2846/2846
f 2432/2432 2425/2425 2847/2847
f 2848/2848 2846/2846 2845/2845
f 2847/2847 2846/2846 2848/2848
f 2849/2849 2845/2845 2841/2841
f 2848/2848 2845/2845 2849/2849
f 2850/2850 2841/2841 2842/2842
f 2849/2849 2841/2841 2850/2850
f 2851/2851 2842/2842 2843/2843
f 2850/2850 2842/2842 2851/2851
f 2852/2852 2432/2432 2847/2847
f 2436/2436 2432/2432 2852/2852
f 2445/2445 2436/2436 2852/2852
f 2853/2853 2847/2847 2848/2848
f 2852/2852 2847/2847 2853/2853
f 2445/2445 2852/2852 2854/2854
f 2854/2854 2852/2852 2853/2853
f 2456/2456 2445/2445 2854/2854
f 2855/2855 2848/2848 2849/2849
f 2853/2853 2848/2848 2855/2855
f 2856/2856 2849/2849 2850/2850
f 2855/2855 2849/2849 2856/2856
f 2854/2854 2853/2853 2857/2857
f 2857/2857 2853/2853 2855/2855
f 2456/2456 2854/2854 2858/2858
f 2858/2858 2854/2854 2857/2857
f 2461/2461 2456/2456 2858/2858
f 2857/2857 2855/2855 2859/2859
f 2859/2859 2855/2855 2856/2856
f 2856/2856 2850/2850 2860/2860
f 2860/2860 2850/2850 2851/2851
f 2858/2858 2857/2857 2861/2861
f 2861/2861 2857/2857 2859/2859
f 2461/2461 2858/2858 2862/2862
f 2862/2862 2858/2858 2861/2861
f 2466/2466 2461/2461 2862/2862
f 2859/2859 2856/2856 2863/2863
f 2863/2863 2856/2856 2860/2860
f 2861/2861 2859/2859 2864/2864
f 2864/2864 2859/2859 2863/2863
f 2862/2862 2861/2861 2865/2865
f 2865/2865 2861/2861 2864/2864
f 2466/2466 2862/2862 2866/2866
f 2866/2866 2862/2862 2865/2865
f 2471/2471 2466/2466 2866/2866
f 2471/2471 2866/2866 2867/2867
f 2476/2476 2471/2471 2867/2867
f 2866/2866 2865/2865 2868/2868
f 2867/2867 2866/2866 2868/2868
f 2865/2865 2864/2864 2869/2869
f 2868/2868 2865/2865 2869/2869
f 2864/2864 2863/2863 2870/2870
f 2869/2869 2864/2864 2870/2870
f 2863/2863 2860/2860 2871/2871
f 2870/2870 2863/2863 2871/2871
f 2476/2476 2867/2867 2872/2872
f 2481/2481 2476/2476 2872/2872
f 2867/2867 2868/2868 2873/2873
f 2872/2872 2867/2867 2873/2873
f 2868/2868 2869/2869 2874/2874
f 2873/2873 2868/2868 2874/2874
f 2869/2869 2870/2870 2875/2875
f 2874/2874 2869/2869 2875/2875
f 2481/2481 2872/2872 2876/2876
f 2486/2486 2481/2481 2876/2876
f 2872/2872 2873/2873 2877/2877
f 2876/2876 2872/2872 2877/2877
f 2873/2873 2874/2874 2878/2878
f 2877/2877 2873/2873 2878/2878
f 2486/2486 2876/2876 2879/2879
f 2491/2491 2486/2486 2879/2879
f 2876/2876 2877/2877 2880/2880
f 2879/2879 2876/2876 2880/2880
f 2491/2491 2879/2879 2881/2881
f 2496/2496 2491/2491 2881/2881
f 2875/2875 2870/2870 2882/2882
f 2870/2870 2871/2871 2882/2882
f 2874/2874 2875/2875 2883/2883
f 2878/2878 2874/2874 2883/2883
f 2877/2877 2878/2878 2884/2884
f 2880/2880 2877/2877 2884/2884
f 2879/2879 2880/2880 2885/2885
f 2881/2881 2879/2879 2885/2885
f 2496/2496 2881/2881 2886/2886
f 2501/2501 2496/2496 2886/2886
f 2875/2875 2882/2882 2887/2887
f 2883/2883 2875/2875 2887/2887
f 2878/2878 2883/2883 2888/2888
f 2884/2884 2878/2878 2888/2888
f 2880/2880 2884/2884 2889/2889
f 2885/2885 2880/2880 2889/2889
f 2881/2881 2885/2885 2890/2890
f 2886/2886 2881/2881 2890/2890
f 2501/2501 2886/2886 2891/2891
f 2506/2506 2501/2501 2891/2891
f 2883/2883 2887/2887 2892/2892
f 2888/2888 2883/2883 2892/2892
f 2884/2884 2888/2888 2893/2893
f 2889/2889 2884/2884 2893/2893
f 2885/2885 2889/2889 2894/2894
f 2890/2890 2885/2885 2894/2894
f 2886/2886 2890/2890 2895/2895
f 2891/2891 2886/2886 2895/2895
f 2506/2506 2891/2891 2896/2896
f 2511/2511 2506/2506 2896/2896
f 2888/2888 2892/2892 2897/2897
f 2893/2893 2888/2888 2897/2897
f 2889/2889 2893/2893 2898/2898
f 2894/2894 2889/2889 2898/2898
f 2890/2890 2894/2894 2899/2899
f 2895/2895 2890/2890 2899/2899
f 2891/2891 2895/2895 2900/2900
f 2896/2896 2891/2891 2900/2900
f 2511/2511 2896/2896 2901/2901
f 2516/2516 2511/2511 2901/2901
f 2893/2893 2897/2897 2902/2902
f 2898/2898 2893/2893 2902/2902
f 2894/2894 2898/2898 2903/2903
f 2899/2899 2894/2894 2903/2903
f 2895/2895 2899/2899 2904/2904
f 2900/2900 2895/2895 2904/2904
f 2896/2896 2900/2900 2905/2905
f 2901/2901 2896/2896 2905/2905
f 2516/2516 2901/2901 2906/2906
f 2521/2521 2516/2516 2906/2906
f 2898/2898 2902/2902 2907/2907
f 2903/2903 2898/2898 2907/2907
f 2899/2899 2903/2903 2908/2908
f 2904/2904 2899/2899 2908/2908
f 2900/2900 2904/2904 2909/2909
f 2905/2905 2900/2900 2909/2909
f 2901/2901 2905/2905 2910/2910
f 2906/2906 2901/2901 2910/2910
f 2521/2521 2906/2906 2911/2911
f 2526/2526 2521/2521 2911/2911
f 2903/2903 2907/2907 2912/2912
f 2908/2908 2903/2903 2912/2912
f 2904/2904 2908/2908 2913/2913
f 2909/2909 2904/2904 2913/2913
f 2905/2905 2909/2909 2914/2914
f 2910/2910 2905/2905 2914/2914
f 2906/2906 2910/2910 2915/2915
f 2911/2911 2906/2906 2915/2915
f 2526/2526 2911/2911 2916/2916
f 2531/2531 2526/2526 2916/2916
f 2908/2908 2912/2912 2917/2917
f 2913/2913 2908/2908 2917/2917
f 2909/2909 2913/2913 2918/2918
f 2914/2914 2909/2909 2918/2918
f 2910/2910 2914/2914 2919/2919
f 2915/2915 2910/2910 2919/2919
f 2911/2911 2915/2915 2920/2920
f 2916/2916 2911/2911 2920/2920
f 2531/2531 2916/2916 2921/2921
f 2536/2536 2531/2531 2921/2921
f 2536/2536 2921/2921 2583/2583
f 2921/2921 2916/2916 2922/2922
f 2916/2916 2920/2920 2922/2922
f 2583/2583 2921/2921 2923/2923
f 2921/2921 2922/2922 2923/2923
f 2583/2583 2923/2923 2588/2588
f 2588/2588 2923/2923 2595/2595
f 2920/2920 2915/2915 2924/2924
f 2915/2915 2919/2919 2924/2924
f 2919/2919 2914/2914 2925/2925
f 2914/2914 2918/2918 2925/2925
f 2923/2923 2922/2922 2926/2926
f 2923/2923 2926/2926 2595/2595
f 2922/2922 2920/2920 2927/2927
f 2920/2920 2924/2924 2927/2927
f 2922/2922 2927/2927 2926/2926
f 2924/2924 2919/2919 2928/2928
f 2919/2919 2925/2925 2928/2928
f 2595/2595 2926/2926 2929/2929
f 2595/2595 2929/2929 2594/2594
f 2594/2594 2929/2929 2600/2600
f 2926/2926 2927/2927 2930/2930
f 2926/2926 2930/2930 2929/2929
f 2927/2927 2924/2924 2931/2931
f 2924/2924 2928/2928 2931/2931
f 2927/2927 2931/2931 2930/2930
f 2929/2929 2932/2932 2600/2600
f 2929/2929 2930/2930 2932/2932
f 2600/2600 2932/2932 2611/2611
f 2930/2930 2931/2931 2933/2933
f 2930/2930 2933/2933 2932/2932
f 2932/2932 2934/2934 2611/2611
f 2932/2932 2933/2933 2934/2934
f 2611/2611 2934/2934 2616/2616
f 2931/2931 2928/2928 2935/2935
f 2931/2931 2935/2935 2933/2933
f 2934/2934 2936/2936 2616/2616
f 2616/2616 2936/2936 2621/2621
f 2933/2933 2937/2937 2934/2934
f 2933/2933 2935/2935 2937/2937
f 2934/2934 2937/2937 2936/2936
f 2928/2928 2938/2938 2935/2935
f 2928/2928 2925/2925 2938/2938
f 2936/2936 2939/2939 2621/2621
f 2621/2621 2939/2939 2626/2626
f 2937/2937 2940/2940 2936/2936
f 2936/2936 2940/2940 2939/2939
f 2935/2935 2941/2941 2937/2937
f 2935/2935 2938/2938 2941/2941
f 2937/2937 2941/2941 2940/2940
f 2925/2925 2942/2942 2938/2938
f 2925/2925 2918/2918 2942/2942
f 2939/2939 2943/2943 2626/2626
f 2626/2626 2943/2943 2631/2631
f 2940/2940 2944/2944 2939/2939
f 2939/2939 2944/2944 2943/2943
f 2941/2941 2945/2945 2940/2940
f 2940/2940 2945/2945 2944/2944
f 2938/2938 2946/2946 2941/2941
f 2938/2938 2942/2942 2946/2946
f 2941/2941 2946/2946 2945/2945
f 2918/2918 2947/2947 2942/2942
f 2918/2918 2913/2913 2947/2947
f 2913/2913 2917/2917 2947/2947
f 2943/2943 2948/2948 2631/2631
f 2631/2631 2948/2948 2636/2636
f 2944/2944 2949/2949 2943/2943
f 2943/2943 2949/2949 2948/2948
f 2945/2945 2950/2950 2944/2944
f 2944/2944 2950/2950 2949/2949
f 2942/2942 2951/2951 2946/2946
f 2942/2942 2947/2947 2951/2951
f 2946/2946 2952/2952 2945/2945
f 2945/2945 2952/2952 2950/2950
f 2946/2946 2951/2951 2952/2952
f 2947/2947 2917/2917 2953/2953
f 2947/2947 2953/2953 2951/2951
f 2948/2948 2954/2954 2636/2636
f 2636/2636 2954/2954 2641/2641
f 2949/2949 2955/2955 2948/2948
f 2948/2948 2955/2955 2954/2954
f 2950/2950 2956/2956 2949/2949
f 2949/2949 2956/2956 2955/2955
f 2951/2951 2957/2957 2952/2952
f 2951/2951 2953/2953 2957/2957
f 2952/2952 2958/2958 2950/2950
f 2950/2950 2958/2958 2956/2956
f 2952/2952 2957/2957 2958/2958
f 2917/2917 2959/2959 2953/2953
f 2917/2917 2912/2912 2959/2959
f 2954/2954 2960/2960 2641/2641
f 2641/2641 2960/2960 2646/2646
f 2955/2955 2961/2961 2954/2954
f 2954/2954 2961/2961 2960/2960
f 2956/2956 2962/2962 2955/2955
f 2955/2955 2962/2962 2961/2961
f 2958/2958 2963/2963 2956/2956
f 2956/2956 2963/2963 2962/2962
f 2953/2953 2964/2964 2957/2957
f 2953/2953 2959/2959 2964/2964
f 2957/2957 2965/2965 2958/2958
f 2958/2958 2965/2965 2963/2963
f 2957/2957 2964/2964 2965/2965
f 2960/2960 2966/2966 2646/2646
f 2646/2646 2966/2966 2651/2651
f 2961/2961 2967/2967 2960/2960
f 2960/2960 2967/2967 2966/2966
f 2962/2962 2968/2968 2961/2961
f 2961/2961 2968/2968 2967/2967
f 2963/2963 2969/2969 2962/2962
f 2962/2962 2969/2969 2968/2968
f 2965/2965 2970/2970 2963/2963
f 2963/2963 2970/2970 2969/2969
f 2964/2964 2971/2971 2965/2965
f 2965/2965 2971/2971 2970/2970
f 2966/2966 2972/2972 2651/2651
f 2651/2651 2972/2972 2656/2656
f 2967/2967 2973/2973 2966/2966
f 2966/2966 2973/2973 2972/2972
f 2968/2968 2974/2974 2967/2967
f 2967/2967 2974/2974 2973/2973
f 2969/2969 2975/2975 2968/2968
f 2968/2968 2975/2975 2974/2974
f 2970/2970 2976/2976 2969/2969
f 2969/2969 2976/2976 2975/2975
f 2964/2964 2977/2977 2971/2971
f 2959/2959 2977/2977 2964/2964
f 2971/2971 2978/2978 2970/2970
f 2970/2970 2978/2978 2976/2976
f 2977/2977 2979/2979 2971/2971
f 2971/2971 2979/2979 2978/2978
f 2959/2959 2980/2980 2977/2977
f 2912/2912 2980/2980 2959/2959
f 2912/2912 2907/2907 2980/2980
f 2980/2980 2981/2981 2977/2977
f 2977/2977 2981/2981 2979/2979
f 2907/2907 2982/2982 2980/2980
f 2980/2980 2982/2982 2981/2981
f 2907/2907 2902/2902 2982/2982
f 2902/2902 2983/2983 2982/2982
f 2902/2902 2897/2897 2983/2983
f 2982/2982 2984/2984 2981/2981
f 2982/2982 2983/2983 2984/2984
f 2981/2981 2985/2985 2979/2979
f 2981/2981 2984/2984 2985/2985
f 2979/2979 2986/2986 2978/2978
f 2979/2979 2985/2985 2986/2986
f 2897/2897 2987/2987 2983/2983
f 2897/2897 2892/2892 2987/2987
f 2983/2983 2988/2988 2984/2984
f 2983/2983 2987/2987 2988/2988
f 2984/2984 2989/2989 2985/2985
f 2984/2984 2988/2988 2989/2989
f 2892/2892 2990/2990 2987/2987
f 2892/2892 2887/2887 2990/2990
f 2987/2987 2991/2991 2988/2988
f 2987/2987 2990/2990 2991/2991
f 2887/2887 2992/2992 2990/2990
f 2887/2887 2882/2882 2992/2992
f 2978/2978 2986/2986 2993/2993
f 2978/2978 2993/2993 2976/2976
f 2985/2985 2994/2994 2986/2986
f 2985/2985 2989/2989 2994/2994
f 2988/2988 2995/2995 2989/2989
f 2988/2988 2991/2991 2995/2995
f 2990/2990 2996/2996 2991/2991
f 2990/2990 2992/2992 2996/2996
f 2882/2882 2997/2997 2992/2992
f 2882/2882 2871/2871 2997/2997
f 2976/2976 2993/2993 2998/2998
f 2976/2976 2998/2998 2975/2975
f 2989/2989 2999/2999 2994/2994
f 2989/2989 2995/2995 2999/2999
f 2991/2991 3000/3000 2995/2995
f 2991/2991 2996/2996 3000/3000
f 2992/2992 3001/3001 2996/2996
f 2992/2992 2997/2997 3001/3001
f 2871/2871 3002/3002 2997/2997
f 2871/2871 2860/2860 3002/3002
f 2860/2860 2851/2851 3002/3002
f 2997/2997 3002/3002 3003/3003
f 2997/2997 3003/3003 3001/3001
f 3002/3002 2851/2851 3004/3004
f 3002/3002 3004/3004 3003/3003
f 2851/2851 2843/2843 3004/3004
f 3004/3004 2843/2843 2844/2844
f 2996/2996 3001/3001 3005/3005
f 2996/2996 3005/3005 3000/3000
f 2995/2995 3000/3000 3006/3006
f 2995/2995 3006/3006 2999/2999
f 3003/3003 3004/3004 3007/3007
f 3004/3004 2844/2844 3007/3007
f 3001/3001 3003/3003 3008/3008
f 3001/3001 3008/3008 3005/3005
f 3003/3003 3007/3007 3008/3008
f 3000/3000 3005/3005 3009/3009
f 3000/3000 3009/3009 3006/3006
f 3007/3007 2844/2844 3010/3010
f 2844/2844 2840/2840 3010/3010
f 3005/3005 3008/3008 3011/3011
f 3005/3005 3011/3011 3009/3009
f 3008/3008 3007/3007 3012/3012
f 3007/3007 3010/3010 3012/3012
f 3008/3008 3012/3012 3011/3011
f 3010/3010 2840/2840 3013/3013
f 2840/2840 2838/2838 3013/3013
f 3012/3012 3010/3010 3014/3014
f 3010/3010 3013/3013 3014/3014
f 3011/3011 3012/3012 3015/3015
f 3012/3012 3014/3014 3015/3015
f 3009/3009 3011/3011 3016/3016
f 3011/3011 3015/3015 3016/3016
f 3006/3006 3009/3009 3017/3017
f 3009/3009 3016/3016 3017/3017
f 3013/3013 2838/2838 3018/3018
f 2838/2838 2835/2835 3018/3018
f 3014/3014 3013/3013 3019/3019
f 3013/3013 3018/3018 3019/3019
f 3015/3015 3014/3014 3020/3020
f 3014/3014 3019/3019 3020/3020
f 3016/3016 3015/3015 3021/3021
f 3015/3015 3020/3020 3021/3021
f 3018/3018 2835/2835 3022/3022
f 2835/2835 2831/2831 3022/3022
f 3019/3019 3018/3018 3023/3023
f 3018/3018 3022/3022 3023/3023
f 3020/3020 3019/3019 3024/3024
f 3019/3019 3023/3023 3024/3024
f 3022/3022 2831/2831 3025/3025
f 2831/2831 2826/2826 3025/3025
f 3023/3023 3022/3022 3026/3026
f 3022/3022 3025/3025 3026/3026
f 3025/3025 2826/2826 3027/3027
f 2826/2826 2821/2821 3027/3027
f 3016/3016 3021/3021 3028/3028
f 3017/3017 3016/3016 3028/3028
f 3021/3021 3020/3020 3029/3029
f 3020/3020 3024/3024 3029/3029
f 3024/3024 3023/3023 3030/3030
f 3023/3023 3026/3026 3030/3030
f 3026/3026 3025/3025 3031/3031
f 3025/3025 3027/3027 3031/3031
f 3027/3027 2821/2821 3032/3032
f 2821/2821 2816/2816 3032/3032
f 3028/3028 3021/3021 3033/3033
f 3021/3021 3029/3029 3033/3033
f 3029/3029 3024/3024 3034/3034
f 3024/3024 3030/3030 3034/3034
f 3030/3030 3026/3026 3035/3035
f 3026/3026 3031/3031 3035/3035
f 3031/3031 3027/3027 3036/3036
f 3027/3027 3032/3032 3036/3036
f 3032/3032 2816/2816 3037/3037
f 2816/2816 2805/2805 3037/3037
f 3033/3033 3029/3029 3038/3038
f 3029/3029 3034/3034 3038/3038
f 3034/3034 3030/3030 3039/3039
f 3030/3030 3035/3035 3039/3039
f 3035/3035 3031/3031 3040/3040
f 3031/3031 3036/3036 3040/3040
f 3036/3036 3032/3032 3041/3041
f 3032/3032 3037/3037 3041/3041
f 3037/3037 2805/2805 3042/3042
f 2805/2805 2797/2797 3042/3042
f 3042/3042 2797/2797 2796/2796
f 3037/3037 3042/3042 3043/3043
f 3041/3041 3037/3037 3043/3043
f 3042/3042 2796/2796 3044/3044
f 3043/3043 3042/3042 3044/3044
f 3044/3044 2796/2796 2794/2794
f 3036/3036 3041/3041 3045/3045
f 3040/3040 3036/3036 3045/3045
f 3035/3035 3040/3040 3046/3046
f 3039/3039 3035/3035 3046/3046
f 3041/3041 3043/3043 3047/3047
f 3045/3045 3041/3041 3047/3047
f 3044/3044 2794/2794 3048/3048
f 3048/3048 2794/2794 2746/2746
f 3048/3048 2746/2746 2741/2741
f 3043/3043 3044/3044 3049/3049
f 3049/3049 3044/3044 3048/3048
f 3047/3047 3043/3043 3049/3049
f 3050/3050 3048/3048 2741/2741
f 3049/3049 3048/3048 3050/3050
f 3050/3050 2741/2741 2736/2736
f 3040/3040 3045/3045 3051/3051
f 3046/3046 3040/3040 3051/3051
f 3047/3047 3049/3049 3052/3052
f 3052/3052 3049/3049 3050/3050
f 3053/3053 3050/3050 2736/2736
f 3052/3052 3050/3050 3053/3053
f 3053/3053 2736/2736 2731/2731
f 3045/3045 3047/3047 3054/3054
f 3054/3054 3047/3047 3052/3052
f 3051/3051 3045/3045 3054/3054
f 3055/3055 3053/3053 2731/2731
f 3055/3055 2731/2731 2726/2726
f 3056/3056 3052/3052 3053/3053
f 3054/3054 3052/3052 3056/3056
f 3056/3056 3053/3053 3055/3055
f 3051/3051 3054/3054 3057/3057
f 3057/3057 3054/3054 3056/3056
f 3046/3046 3051/3051 3058/3058
f 3058/3058 3051/3051 3057/3057
f 3059/3059 3055/3055 2726/2726
f 3059/3059 2726/2726 2721/2721
f 3060/3060 3056/3056 3055/3055
f 3057/3057 3056/3056 3060/3060
f 3060/3060 3055/3055 3059/3059
f 3061/3061 3059/3059 2721/2721
f 3061/3061 2721/2721 2716/2716
f 3062/3062 3057/3057 3060/3060
f 3058/3058 3057/3057 3062/3062
f 3063/3063 3060/3060 3059/3059
f 3063/3063 3059/3059 3061/3061
f 3062/3062 3060/3060 3063/3063
f 3064/3064 3046/3046 3058/3058
f 3039/3039 3046/3046 3064/3064
f 3065/3065 3061/3061 2716/2716
f 3065/3065 2716/2716 2711/2711
f 3066/3066 3063/3063 3061/3061
f 3066/3066 3061/3061 3065/3065
f 3067/3067 3058/3058 3062/3062
f 3064/3064 3058/3058 3067/3067
f 3068/3068 3062/3062 3063/3063
f 3068/3068 3063/3063 3066/3066
f 3067/3067 3062/3062 3068/3068
f 3069/3069 3039/3039 3064/3064
f 3034/3034 3039/3039 3069/3069
f 3038/3038 3034/3034 3069/3069
f 3070/3070 3065/3065 2711/2711
f 3070/3070 2711/2711 2706/2706
f 3071/3071 3066/3066 3065/3065
f 3071/3071 3065/3065 3070/3070
f 3072/3072 3068/3068 3066/3066
f 3072/3072 3066/3066 3071/3071
f 3073/3073 3064/3064 3067/3067
f 3069/3069 3064/3064 3073/3073
f 3074/3074 3067/3067 3068/3068
f 3074/3074 3068/3068 3072/3072
f 3073/3073 3067/3067 3074/3074
f 3038/3038 3069/3069 3075/3075
f 3075/3075 3069/3069 3073/3073
f 3076/3076 3070/3070 2706/2706
f 3076/3076 2706/2706 2701/2701
f 3077/3077 3071/3071 3070/3070
f 3077/3077 3070/3070 3076/3076
f 3078/3078 3072/3072 3071/3071
f 3078/3078 3071/3071 3077/3077
f 3079/3079 3074/3074 3072/3072
f 3079/3079 3072/3072 3078/3078
f 3080/3080 3073/3073 3074/3074
f 3075/3075 3073/3073 3080/3080
f 3080/3080 3074/3074 3079/3079
f 3081/3081 3038/3038 3075/3075
f 3033/3033 3038/3038 3081/3081
f 3082/3082 3076/3076 2701/2701
f 3082/3082 2701/2701 2696/2696
f 3083/3083 3077/3077 3076/3076
f 3083/3083 3076/3076 3082/3082
f 3084/3084 3078/3078 3077/3077
f 3084/3084 3077/3077 3083/3083
f 3085/3085 3079/3079 3078/3078
f 3085/3085 3078/3078 3084/3084
f 3086/3086 3075/3075 3080/3080
f 3081/3081 3075/3075 3086/3086
f 3087/3087 3080/3080 3079/3079
f 3087/3087 3079/3079 3085/3085
f 3086/3086 3080/3080 3087/3087
f 3088/3088 3033/3033 3081/3081
f 3028/3028 3033/3033 3088/3088
f 3089/3089 3081/3081 3086/3086
f 3088/3088 3081/3081 3089/3089
f 3090/3090 3086/3086 3087/3087
f 3089/3089 3086/3086 3090/3090
f 3091/3091 3087/3087 3085/3085
f 3090/3090 3087/3087 3091/3091
f 3092/3092 3085/3085 3084/3084
f 3091/3091 3085/3085 3092/3092
f 3093/3093 3028/3028 3088/3088
f 3017/3017 3028/3028 3093/3093
f 3094/3094 3088/3088 3089/3089
f 3093/3093 3088/3088 3094/3094
f 3095/3095 3089/3089 3090/3090
f 3094/3094 3089/3089 3095/3095
f 3096/3096 3090/3090 3091/3091
f 3095/3095 3090/3090 3096/3096
f 3097/3097 3017/3017 3093/3093
f 3006/3006 3017/3017 3097/3097
f 2999/2999 3006/3006 3097/3097
f 3098/3098 3093/3093 3094/3094
f 3097/3097 3093/3093 3098/3098
f 2999/2999 3097/3097 3099/3099
f 3099/3099 3097/3097 3098/3098
f 2994/2994 2999/2999 3099/3099
f 3100/3100 3094/3094 3095/3095
f 3098/3098 3094/3094 3100/3100
f 2994/2994 3099/3099 3101/3101
f 2986/2986 2994/2994 3101/3101
f 2986/2986 3101/3101 2993/2993
f 3099/3099 3098/3098 3102/3102
f 3101/3101 3099/3099 3102/3102
f 3102/3102 3098/3098 3100/3100
f 2993/2993 3101/3101 3103/3103
f 3101/3101 3102/3102 3103/3103
f 2993/2993 3103/3103 2998/2998
f 3100/3100 3095/3095 3104/3104
f 3104/3104 3095/3095 3096/3096
f 3102/3102 3100/3100 3105/3105
f 3103/3103 3102/3102 3105/3105
f 3105/3105 3100/3100 3104/3104
f 2998/2998 3103/3103 3106/3106
f 3103/3103 3105/3105 3106/3106
f 3105/3105 3104/3104 3107/3107
f 3106/3106 3105/3105 3107/3107
f 3104/3104 3096/3096 3108/3108
f 3107/3107 3104/3104 3108/3108
f 2998/2998 3106/3106 3109/3109
f 2975/2975 2998/2998 3109/3109
f 2975/2975 3109/3109 2974/2974
f 3106/3106 3107/3107 3110/3110
f 3109/3109 3106/3106 3110/3110
f 2974/2974 3109/3109 3111/3111
f 3109/3109 3110/3110 3111/3111
f 2974/2974 3111/3111 2973/2973
f 3110/3110 3107/3107 3112/3112
f 3107/3107 3108/3108 3112/3112
f 3108/3108 3096/3096 3113/3113
f 3096/3096 3091/3091 3113/3113
f 3113/3113 3091/3091 3092/3092
f 2973/2973 3111/3111 3114/3114
f 2973/2973 3114/3114 2972/2972
f 3111/3111 3110/3110 3115/3115
f 3110/3110 3112/3112 3115/3115
f 3111/3111 3115/3115 3114/3114
f 3108/3108 3113/3113 3116/3116
f 3112/3112 3108/3108 3116/3116
f 3113/3113 3092/3092 3117/3117
f 3116/3116 3113/3113 3117/3117
f 2972/2972 3114/3114 3118/3118
f 2972/2972 3118/3118 2656/2656
f 3114/3114 3115/3115 3119/3119
f 3114/3114 3119/3119 3118/3118
f 3115/3115 3112/3112 3120/3120
f 3112/3112 3116/3116 3120/3120
f 3115/3115 3120/3120 3119/3119
f 2656/2656 3118/3118 3121/3121
f 2656/2656 3121/3121 2652/2652
f 2652/2652 3121/3121 2657/2657
f 3120/3120 3116/3116 3122/3122
f 3116/3116 3117/3117 3122/3122
f 3117/3117 3092/3092 3123/3123
f 3092/3092 3084/3084 3123/3123
f 3123/3123 3084/3084 3083/3083
f 3118/3118 3119/3119 3124/3124
f 3118/3118 3124/3124 3121/3121
f 3121/3121 3125/3125 2657/2657
f 3121/3121 3124/3124 3125/3125
f 2657/2657 3125/3125 2663/2663
f 3119/3119 3120/3120 3126/3126
f 3119/3119 3126/3126 3124/3124
f 3120/3120 3122/3122 3126/3126
f 3117/3117 3123/3123 3127/3127
f 3122/3122 3117/3117 3127/3127
f 3123/3123 3083/3083 3128/3128
f 3127/3127 3123/3123 3128/3128
f 3128/3128 3083/3083 3082/3082
f 3125/3125 3129/3129 2663/2663
f 2663/2663 3129/3129 2666/2666
f 3124/3124 3130/3130 3125/3125
f 3124/3124 3126/3126 3130/3130
f 3125/3125 3130/3130 3129/3129
f 3126/3126 3122/3122 3131/3131
f 3122/3122 3127/3127 3131/3131
f 3126/3126 3131/3131 3130/3130
f 3128/3128 3082/3082 3132/3132
f 3132/3132 3082/3082 2696/2696
f 3132/3132 2696/2696 2691/2691
f 3127/3127 3128/3128 3133/3133
f 3131/3131 3127/3127 3133/3133
f 3133/3133 3128/3128 3132/3132
f 3130/3130 3131/3131 3134/3134
f 3130/3130 3134/3134 3129/3129
f 3131/3131 3133/3133 3134/3134
f 3135/3135 3132/3132 2691/2691
f 3133/3133 3132/3132 3135/3135
f 3134/3134 3133/3133 3135/3135
f 3135/3135 2691/2691 2680/2680
f 3129/3129 3134/3134 3136/3136
f 3134/3134 3135/3135 3136/3136
f 3136/3136 3135/3135 2680/2680
f 3129/3129 3136/3136 2666/2666
f 3136/3136 2680/2680 2669/2669
f 2666/2666 3136/3136 2669/2669

