# Created by Mesh Terrain Editor
# Available at the Unity Asset Store - http://u3d.as/xsv 

v -304.8077 -16.49306 28.9264
v -304.2067 -16.96232 34.25203
v -302.8083 -16.48709 37.21111
v -303.0357 -15.47937 30.51546
v -305.4575 -15.98775 21.04921
v -300.5864 -15.94006 40.99367
v -303.0274 -17.88231 41.87531
v -300.6938 -17.53366 46.97118
v -303.4459 -14.76153 22.06155
v -305.9208 -15.63093 11.92861
v -300.7072 -14.71388 33.12542
v -297.7526 -15.46999 44.78725
v -303.7823 -14.30825 12.43191
v -306.1011 -15.49821 2.215783
v -300.9503 -13.84201 23.70503
v -303.9243 -14.1488 2.215024
v -305.9453 -15.63093 -7.497159
v -297.8039 -17.18739 51.65068
v -300.9494 -19.48821 51.30799
v -297.9414 -19.25778 56.72768
v -297.8217 -14.12989 35.97429
v -301.1733 -13.31178 13.22617
v -303.8085 -14.30825 -8.001949
v -305.5051 -15.98775 -16.61807
v -294.3838 -16.9098 55.88683
v -294.4491 -19.06054 61.51432
v -294.3639 -15.11671 48.34499
v -297.9604 -13.17134 25.59394
v -301.277 -13.13191 2.214102
v -303.4968 -14.76153 -17.63181
v -304.8753 -16.49305 -24.49571
v -294.4053 -13.71527 38.7397
v -290.4695 -14.89616 51.51569
v -298.098 -12.59424 14.16571
v -301.202 -13.31178 -8.798031
v -303.1083 -15.47937 -26.086
v -304.288 -16.96232 -29.82175
v -302.898 -16.48709 -32.78181
v -294.4833 -12.71304 27.48184
v -298.1687 -12.40115 2.21302
v -301.0063 -13.84201 -19.27703
v -300.7878 -14.71388 -28.69757
v -298.1296 -12.59424 -9.73971
v -294.5627 -12.111 15.12225
v -290.4956 -13.45998 41.22677
v -298.0224 -13.17134 -21.16803
v -294.6086 -11.9101 2.211781
v -290.5385 -12.43363 29.19151
v -294.5974 -12.111 -10.69871
v -290.5831 -11.81752 15.99201
v -290.614 -11.61206 2.210392
v -286.1377 -14.78291 54.26759
v -286.1563 -13.32889 43.3926
v -286.1818 -12.29015 30.68359
v -286.209 -11.66682 16.7519
v -290.4711 -16.73395 59.62263
v -290.4935 -18.93386 65.69794
v -294.5338 -21.52832 65.51652
v -290.5256 -21.44859 70.03844
v -286.1295 -16.64366 62.85031
v -286.1296 -18.86882 69.29505
v -286.1344 -21.40765 73.90916
v -281.4414 -14.74118 56.59872
v -281.4579 -13.28059 45.23231
v -281.4292 -16.61039 65.57432
v -281.4208 -18.84486 72.31866
v -276.4539 -14.73522 58.50716
v -281.4776 -12.23729 31.95321
v -281.4155 -21.39257 77.15076
v -286.1404 -24.20941 77.00005
v -281.4122 -24.20151 80.3896
v -276.4406 -16.60563 67.79914
v -276.4707 -13.27369 46.74099
v -276.4235 -21.39041 79.78523
v -276.4188 -24.20039 83.13914
v -276.4307 -18.84143 74.78187
v -271.2452 -14.73522 59.99191
v -271.2138 -21.39042 81.83141
v -271.2088 -24.20038 85.27382
v -271.2315 -16.60564 69.52906
v -271.2212 -18.84143 76.69603
v -265.8413 -21.39041 83.29527
v -265.8363 -24.20038 86.80073
v -265.8488 -18.84143 78.06581
v -265.8594 -16.60563 70.76756
v -265.8734 -14.73522 61.05571
v -271.2626 -13.27369 47.91529
v -260.3612 -21.39042 84.17956
v -260.356 -24.20039 87.7225
v -260.3688 -18.84143 78.8942
v -260.3794 -16.60563 71.51791
v -260.3936 -14.73522 61.70222
v -254.8286 -21.39041 84.48705
v -254.8235 -24.20038 88.04175
v -254.8362 -18.84143 79.18414
v -254.8468 -16.60563 71.78339
v -249.2986 -21.39042 84.2205
v -249.2936 -24.20039 87.76107
v -249.306 -18.84143 78.93865
v -243.8264 -21.39041 83.38267
v -243.8216 -24.20039 86.8831
v -243.8336 -18.84143 78.16069
v -249.3164 -16.60564 71.56729
v -254.8609 -14.73522 61.93515
v -238.4738 -18.84143 76.85323
v -238.4671 -21.39042 81.97632
v -243.8436 -16.60563 70.87289
v -249.3302 -14.73522 61.75816
v -238.4832 -16.60564 69.70345
v -233.2819 -18.84143 75.01927
v -233.2758 -21.39041 80.0042
v -243.8568 -14.73522 61.17493
v -238.4957 -14.73522 60.18915
v -233.2905 -16.60563 68.06226
v -228.3006 -18.84077 72.68226
v -228.2952 -21.38976 77.49133
v -233.3019 -14.73522 58.8045
v -228.3081 -16.60498 65.97069
v -223.5224 -18.83618 69.94772
v -223.5179 -21.38516 74.55158
v -228.3181 -14.73456 57.03954
v -223.5287 -16.60038 63.52256
v -218.9277 -18.82371 66.94165
v -218.9241 -21.3727 71.32104
v -223.5372 -14.72997 54.97252
v -218.9327 -16.58792 60.82974
v -214.4967 -18.79943 63.79006
v -214.4941 -21.34842 67.93586
v -218.9394 -14.7175 52.69658
v -214.5003 -16.56364 58.00414
v -210.2096 -18.75941 60.61894
v -210.2079 -21.30839 64.53213
v -214.5052 -14.69322 50.30479
v -210.2118 -16.52361 55.15767
v -206.0466 -18.6997 57.55431
v -206.0459 -21.24868 61.24598
v -210.2148 -14.6532 47.89032
v -206.0475 -16.4639 52.40221
v -201.988 -18.61637 54.72218
v -201.9881 -21.16535 58.21349
v -201.9878 -16.38057 49.84968
v -206.0488 -14.59349 45.54628
v -198.0128 -16.26967 47.61195
v -198.014 -18.50547 52.24854
v -201.9874 -14.51015 43.3658
v -194.1037 -16.1286 45.75636
v -194.1056 -18.36439 50.21132
v -198.0111 -14.39926 41.44201
v -190.2447 -15.95996 44.17193
v -190.2467 -18.19575 48.49617
v -194.101 -14.25818 39.82811
v -186.4212 -15.7677 42.70309
v -186.4222 -18.0035 46.94059
v -190.2421 -14.08955 38.41764
v -182.6181 -15.55576 41.19429
v -182.6166 -17.79155 45.38216
v -186.4199 -13.89728 37.06422
v -178.8205 -15.32806 39.48997
v -178.8146 -17.56386 43.65844
v -182.6201 -13.68534 35.62146
v -175.0136 -15.08856 37.43457
v -175.001 -17.32436 41.60694
v -178.8284 -13.45765 33.94297
v -171.1826 -14.84118 34.87254
v -171.1605 -17.07698 39.06524
v -175.0305 -13.21815 31.88237
v -171.212 -12.97077 29.29328
v -167.3125 -14.58987 31.64831
v -167.2778 -16.82567 35.87087
v -167.3586 -12.71945 26.02932
v -163.3824 -14.33652 27.65251
v -163.3318 -16.57232 31.90805
v -163.4497 -12.46611 21.98962
v -159.3478 -14.07494 22.96047
v -159.279 -16.31074 27.24768
v -159.4393 -12.20453 17.25543
v -155.1579 -13.79688 17.6937
v -155.0699 -16.03267 22.00734
v -155.275 -11.92646 11.95351
v -150.7621 -13.49409 11.97373
v -150.655 -15.72989 16.30458
v -150.9045 -11.62368 6.210626
v -146.1097 -13.15836 5.922055
v -145.9851 -15.39415 10.25697
v -146.2755 -11.28794 0.1535493
v -141.1501 -12.78142 -0.3397976
v -141.0107 -15.01721 3.982086
v -141.3356 -10.911 -6.090956
v -135.8326 -12.35504 -6.690316
v -135.6824 -14.59084 -2.402516
v -136.0326 -10.48463 -12.39612
v -130.1067 -11.87099 -13.00799
v -129.9509 -14.10678 -8.779266
v -130.3141 -10.00057 -18.63519
v -123.9518 -11.32579 -19.17399
v -123.7965 -13.56159 -15.03129
v -124.1585 -9.455378 -24.68672
v -117.4689 -10.7351 -25.08028
v -117.3193 -12.97089 -21.04454
v -117.6679 -8.864682 -30.45068
v -110.7889 -10.11932 -30.62151
v -110.6492 -12.35511 -26.70568
v -110.9749 -8.248901 -35.83234
v -104.043 -9.498867 -35.69233
v -103.916 -11.73466 -31.90135
v -104.2121 -7.628454 -40.73701
v -97.36228 -8.894168 -40.18736
v -97.24946 -11.12996 -36.5182
v -97.51241 -7.023754 -45.06995
v -90.87769 -8.325632 -44.00129
v -90.77949 -10.56143 -40.44291
v -91.00838 -6.455217 -48.73648
v -84.72038 -7.813676 -47.02873
v -84.63596 -10.04947 -43.56209
v -84.83274 -5.943262 -51.64186
v -79.02144 -7.378719 -49.16436
v -78.94868 -9.614515 -45.76241
v -79.11824 -5.508304 -53.69139
v -73.88117 -7.034022 -50.33102
v -73.81826 -9.270265 -46.96246
v -73.96555 -5.163403 -54.81517
v -69.27718 -6.764242 -50.56435
v -69.22831 -9.003596 -47.20852
v -69.34739 -4.892191 -55.04257
v -65.15624 -6.546883 -49.92819
v -65.13311 -8.794684 -46.57883
v -65.20445 -4.670944 -54.42764
v -61.4652 -6.359448 -48.48638
v -61.48705 -8.623696 -45.15165
v -61.47744 -4.475938 -53.02461
v -58.15187 -6.180807 -46.29533
v -58.25035 -8.474758 -43.00647
v -58.10353 -4.282307 -50.87746
v -55.16809 -5.995303 -43.38169
v -55.4069 -8.347791 -40.22807
v -55.0055 -4.060616 -47.98989
v -52.08598 -3.775042 -44.30897
v -52.48903 -5.805552 -39.75286
v -48.99395 -3.320844 -39.15645
v -50.23415 -5.720252 -35.36054
v -61.53567 -3.023008 -58.87274
v -58.13219 -2.837871 -56.89429
v -54.99572 -2.630484 -54.29858
v -52.04925 -2.368726 -51.22667
v -49.25158 -1.992147 -48.28956
v -65.28352 -3.213041 -60.16803
v -69.44163 -3.431734 -60.72588
v -74.07305 -3.702004 -60.49495
v -79.24083 -4.046772 -59.42384
v -84.97503 -4.481729 -57.48332
v -91.17386 -4.993684 -54.73249
v -97.70251 -5.56222 -51.25263
v -104.4263 -6.16692 -47.12495
v -111.2103 -6.787368 -42.43067
v -117.9199 -7.403149 -37.25106
v -124.4203 -7.993845 -31.66734
v -130.5766 -8.539039 -25.76075
v -136.2857 -9.023093 -19.62123
v -141.5705 -9.44947 -13.37349
v -146.4854 -9.826408 -7.150952
v -151.0848 -10.16215 -1.08703
v -155.4233 -10.46493 4.684859
v -159.5551 -10.74299 10.03129
v -163.535 -11.00457 14.81886
v -130.8834 -7.495088 -34.08503
v -136.5815 -7.979142 -28.06178
v -141.8449 -8.405517 -21.88113
v -146.7306 -8.782455 -15.68425
v -151.2955 -9.118196 -9.612329
v -155.5965 -9.420979 -3.806558
v -159.6905 -9.69904 1.591885
v -124.7261 -6.949893 -39.82227
v -118.2143 -6.359197 -45.19544
v -111.4854 -5.743417 -50.13901
v -104.6764 -5.122969 -54.58748
v -97.92463 -4.518268 -58.47538
v -91.36716 -3.949732 -61.7372
v -85.14123 -3.437777 -64.30746
v -79.38404 -3.002819 -66.12063
v -74.19905 -2.658431 -67.131
v -69.55515 -2.390812 -67.37188
v -65.38747 -2.179316 -66.89628
v -61.63118 -2.003298 -65.75729
v -58.22146 -1.842683 -64.02509
v -55.09348 -1.679664 -61.83833
v -52.18696 -1.496167 -59.39486
v -49.45982 -1.270751 -57.06087
v -69.68137 -1.768281 -74.65673
v -65.5075 -1.565907 -74.2734
v -61.75025 -1.407653 -73.30981
v -58.34522 -1.276686 -71.83892
v -55.23204 -1.159894 -70.00344
v -52.35192 -1.044991 -67.96873
v -49.64832 -0.9192715 -65.92119
v -74.33739 -2.03254 -74.40423
v -79.54099 -2.376447 -73.46031
v -85.32341 -2.811406 -71.78671
v -91.57903 -3.32336 -69.41438
v -98.16805 -3.891896 -66.39153
v -104.9506 -4.496597 -62.76643
v -111.7869 -5.117045 -58.58733
v -118.537 -5.732826 -53.90246
v -125.0612 -6.323522 -48.76007
v -131.2196 -6.868716 -43.20841
v -136.9056 -7.352769 -37.31261
v -142.1457 -7.779145 -31.20549
v -146.9994 -8.156087 -25.03674
v -151.5264 -8.491826 -18.95606
v -155.7863 -8.794607 -13.11315
v -118.8738 -5.524035 -62.99083
v -125.411 -6.114731 -58.08933
v -131.5705 -6.659926 -52.73138
v -137.244 -7.143981 -46.9686
v -142.4596 -7.570356 -40.93822
v -147.2799 -7.947295 -34.79883
v -151.7674 -8.283036 -28.709
v -112.1015 -4.908255 -67.40566
v -105.2368 -4.287806 -71.3036
v -98.42213 -3.683107 -74.65437
v -91.80019 -3.11457 -77.42774
v -85.51357 -2.602615 -79.59352
v -79.70482 -2.167657 -81.12143
v -74.48185 -1.824188 -81.99548
v -69.8137 -1.562997 -82.25674
v -65.63467 -1.368951 -81.96042
v -61.87907 -1.226915 -81.16179
v -58.48188 -1.122316 -79.92611
v -55.38074 -1.042825 -78.35852
v -52.51395 -0.9766776 -76.57418
v -49.8198 -0.9121065 -74.68822
v -69.94572 -1.774067 -89.84942
v -65.76084 -1.585436 -89.62274
v -62.00549 -1.453945 -88.95532
v -58.61383 -1.366406 -87.9008
v -55.52113 -1.310579 -86.52968
v -52.66291 -1.27446 -84.91676
v -49.97474 -1.246046 -83.13673
v -74.62627 -2.033263 -89.58588
v -79.86864 -2.376448 -88.78255
v -85.7037 -2.811406 -87.40033
v -92.02134 -3.323361 -85.44112
v -98.67621 -3.891896 -82.91718
v -105.5229 -4.496596 -79.84074
v -112.4162 -5.117046 -76.22398
v -119.2106 -5.732826 -72.07918
v -125.7608 -6.323522 -67.41856
v -131.9215 -6.868717 -62.25431
v -137.5823 -7.35277 -56.62459
v -142.7735 -7.779147 -50.67097
v -147.5605 -8.156086 -44.56093
v -105.7971 -5.122968 -88.01968
v -112.7176 -5.743417 -84.67233
v -119.5333 -6.359197 -80.78622
v -126.0959 -6.949892 -76.35635
v -132.2576 -7.495088 -71.3777
v -137.9064 -7.979142 -65.87543
v -143.0743 -8.405519 -59.99533
v -98.91962 -4.518268 -90.83332
v -92.2332 -3.949732 -93.11832
v -85.88586 -3.437776 -94.87959
v -80.0256 -3.002819 -96.12222
v -74.7646 -2.659781 -96.85701
v -70.07186 -2.40161 -97.11766
v -65.88055 -2.215759 -96.9437
v -62.12387 -2.089683 -96.37458
v -58.73505 -2.010905 -95.45109
v -55.64769 -1.967229 -94.21896
v -52.79548 -1.94653 -92.72518
v -50.11208 -1.936683 -91.01672
v -70.18674 -3.445993 -103.7455
v -65.98907 -3.261167 -103.6108
v -62.23014 -3.137086 -103.1143
v -58.84237 -3.061535 -102.2837
v -55.7582 -3.022336 -101.1474
v -52.91007 -3.007318 -99.73397
v -50.23043 -3.004312 -98.07196
v -74.89079 -3.703787 -103.4908
v -80.16881 -4.046771 -102.819
v -86.05209 -4.48173 -101.7037
v -92.42651 -4.993684 -100.123
v -99.14172 -5.56222 -98.05608
v -106.0473 -6.166919 -95.48219
v -112.9927 -6.787367 -92.38065
v -119.8277 -7.403149 -88.73057
v -126.4017 -7.993844 -84.51128
v -132.5644 -8.539042 -79.70197
v -138.2022 -9.023093 -74.31597
v -92.59201 -6.455217 -106.119
v -99.33183 -7.023754 -104.2388
v -106.2614 -7.628454 -101.8702
v -113.2282 -8.248901 -98.97898
v -120.0797 -8.864682 -95.53098
v -126.6634 -9.455378 -91.49191
v -132.827 -10.00057 -86.82755
v -86.19434 -5.943262 -107.5452
v -80.2914 -5.508304 -108.5515
v -74.99877 -5.165328 -109.1691
v -70.28497 -4.907588 -109.4172
v -66.08159 -4.722908 -109.3118
v -62.32027 -4.599112 -108.8691
v -58.93267 -4.524022 -108.1051
v -55.85038 -4.485463 -107.0359
v -53.00508 -4.471256 -105.6776
v -50.32838 -4.469227 -104.0463
v -70.36253 -6.778002 -113.8959
v -66.15459 -6.593323 -113.813
v -62.39133 -6.469526 -113.4115
v -59.00372 -6.394436 -112.6981
v -55.92281 -6.355876 -111.6795
v -53.07963 -6.341671 -110.3626
v -50.4052 -6.339642 -108.754
v -75.08405 -7.035741 -113.6533
v -80.3882 -7.378719 -113.0785
v -86.30672 -7.813676 -112.1583
v -92.72267 -8.325632 -110.8542
v -99.48197 -8.894167 -109.1213
v -106.4305 -9.498867 -106.9148
v -113.4141 -10.11932 -104.1898
v -120.2787 -10.7351 -100.9014
v -126.8702 -11.32579 -97.00464
v -80.46095 -9.614515 -116.4805
v -86.39115 -10.04947 -115.6249
v -75.14816 -9.271539 -117.0231
v -92.82088 -10.56143 -114.4126
v -70.42081 -9.0138 -117.2616
v -99.59481 -11.12996 -112.7905
v -66.20948 -8.829121 -117.1957
v -106.5576 -11.73466 -110.7058
v -62.44472 -8.705322 -116.8251
v -113.5538 -12.35511 -108.1057
v -59.05712 -8.630234 -116.1496
v -120.4282 -12.97089 -104.9371
v -55.97724 -8.591675 -115.169
v -53.13566 -8.577469 -113.8832
v -50.46293 -8.575438 -112.2918
v -127.0255 -13.56159 -101.1474
v -47.8852 -8.575439 -110.4098
v -133.0344 -11.87099 -92.45475
v -133.1902 -14.10678 -96.68349
v -47.82605 -6.339641 -106.874
v -45.31088 -8.57544 -108.3125
v -138.4554 -10.48463 -81.54107
v -138.6553 -12.35504 -87.24689
v -138.8055 -14.59084 -91.53471
v -47.74734 -4.469227 -102.169
v -45.25073 -6.33964 -104.7958
v -42.64392 -8.575438 -106.0904
v -143.3487 -9.44947 -68.50297
v -143.7691 -12.78142 -81.53667
v -143.9085 -15.01721 -85.85855
v -143.5836 -10.911 -75.7855
v -47.64705 -3.003195 -96.19759
v -42.58331 -6.339642 -102.6062
v -39.78833 -8.575438 -103.8339
v -45.17071 -4.469227 -100.1163
v -148.4502 -13.15835 -75.51973
v -148.5748 -15.39415 -79.85464
v -148.2844 -11.28794 -69.75121
v -47.52625 -1.927749 -89.1433
v -39.72783 -6.339642 -100.3916
v -36.64805 -8.575439 -101.6335
v -45.06887 -3.002044 -94.17778
v -42.50265 -4.469226 -97.96974
v -47.3868 -1.215896 -81.25945
v -36.58836 -6.339641 -98.23885
v -33.12708 -8.57544 -99.57974
v -44.94704 -1.918541 -87.16554
v -42.40018 -3.000983 -92.0871
v -39.64733 -4.469227 -95.81098
v -47.23054 -0.8406387 -72.79948
v -33.06895 -6.33964 -96.23453
v -29.12936 -8.575438 -97.76305
v -44.80788 -1.184818 -79.33499
v -42.2785 -1.910058 -85.14694
v -39.54521 -3.000139 -90.00019
v -36.50893 -4.469227 -93.72155
v -47.05779 -0.7753615 -64.01392
v -29.07365 -6.339642 -94.46524
v -24.55889 -8.575438 -96.27384
v -44.65413 -0.7669744 -70.94138
v -42.14138 -1.156187 -77.40849
v -39.4248 -1.903298 -83.15078
v -36.40825 -2.999599 -87.9917
v -32.9916 -4.469227 -91.78297
v -24.50652 -6.339642 -93.01766
v -19.3766 -8.578862 -95.15578
v -28.99951 -4.469226 -90.07681
v -32.89361 -2.999315 -86.1368
v -36.2901 -1.898982 -81.24139
v -39.29071 -1.133374 -75.52518
v -19.33057 -6.344394 -91.93431
v -13.7713 -8.602828 -94.26503
v -24.43684 -4.469227 -88.68467
v -28.90561 -2.999199 -84.51069
v -32.77892 -1.896704 -79.48647
v -13.74456 -6.377661 -91.08103
v -7.98875 -8.667872 -93.41087
v -19.26745 -4.475188 -87.64767
v -24.34858 -2.999168 -83.18869
v -8.006202 -6.467961 -90.27961
v -2.274729 -8.79454 -92.40267
v -13.69404 -4.516914 -86.84554
v -2.373212 -6.643806 -89.3517
v 3.140207 -8.991786 -91.05717
v -36.15959 -1.118805 -73.73315
v -28.79582 -1.895782 -77.95466
v -19.18562 -3.006054 -82.21049
v -7.979011 -4.630169 -86.11758
v 2.908504 -6.921395 -88.13763
v 8.086386 -9.222217 -89.22106
v -32.65277 -1.111118 -72.09222
v -24.24543 -1.895532 -76.71455
v -13.61489 -3.054368 -81.47401
v -2.384763 -4.850721 -85.3031
v 7.640314 -7.267666 -86.55172
v 12.41699 -9.42843 -86.73354
v -28.67531 -1.108007 -70.66517
v -19.08892 -1.902977 -75.80469
v -7.893381 -3.18554 -80.84155
v 2.835015 -5.203995 -84.27146
v 11.6441 -7.61631 -84.50353
v 16.0158 -9.519292 -83.37418
v -24.13225 -1.107163 -69.51475
v -13.51397 -1.955967 -75.14334
v -2.278032 -3.440999 -80.17552
v 7.461488 -5.674068 -83.01208
v 14.79125 -7.793916 -81.74886
v 18.81622 -9.428443 -78.96887
v 17.09625 -7.616332 -77.88672
v 11.2619 -6.2211 -81.58217
v 2.985954 -3.855906 -79.37413
v -7.764859 -2.100058 -74.61874
v 13.72824 -6.696325 -80.33698
v 7.700393 -4.440356 -78.47888
v -2.085849 -2.380807 -74.11907
v 14.81548 -6.221131 -77.26627
v 18.84294 -7.267836 -72.89619
v 11.68719 -5.20652 -77.62746
v 3.293914 -2.841427 -73.56649
v 16.0717 -5.674321 -72.50022
v 20.18073 -6.921965 -66.9357
v 8.205808 -3.515761 -73.01871
v 12.50379 -4.440654 -72.59192
v 17.1573 -5.204846 -66.65199
v 21.13591 -6.645157 -60.21937
v 13.3187 -3.857036 -66.60746
v 8.770031 -2.842433 -66.75613
v 3.660469 -2.112514 -67.02209
v -1.857087 -1.621426 -67.34172
v 17.9803 -4.852738 -59.99916
v 21.73019 -6.470601 -52.98672
v 13.98016 -3.443765 -59.87963
v 9.261282 -2.383896 -59.85787
v 3.99668 -1.623799 -59.91982
v 18.50309 -4.63411 -52.80433
v 22.04243 -6.382224 -45.5395
v 14.41156 -3.191016 -52.64341
v 9.592954 -2.106673 -52.52167
v 18.78209 -4.523724 -45.37849
v 22.16574 -6.351639 -38.19495
v 14.64804 -3.063896 -45.19862
v 18.89725 -4.486002 -38.04474
v 22.19327 -6.350456 -31.27034
v -1.640621 -1.114139 -60.05145
v 4.23486 -1.330037 -52.45655
v 9.783374 -1.967916 -45.02709
v 14.7527 -3.021244 -37.86133
v 18.92848 -4.48537 -31.12614
v 22.20265 -6.354996 -25.0147
v -1.475124 -0.8100647 -52.46548
v 4.382928 -1.183829 -44.89617
v 9.877108 -1.922436 -37.67414
v 14.78862 -3.0219 -30.94761
v 18.9425 -4.492148 -24.87655
v 22.20972 -6.360424 -19.40412
v -1.358472 -0.6596809 -44.83814
v 4.467687 -1.137236 -37.51931
v 9.918697 -1.925043 -30.76287
v 14.80849 -3.031518 -24.70544
v 18.95303 -4.500251 -19.27294
v 22.21477 -6.366614 -14.34644
v -1.278334 -0.6133016 -37.43299
v 4.515953 -1.142317 -30.60662
v 9.945441 -1.938017 -24.52782
v 14.82343 -3.043015 -19.11043
v 18.96058 -4.509489 -14.22299
v 22.21816 -6.373436 -9.749518
v -1.222397 -0.6212421 -30.51361
v 4.55026 -1.159045 -24.37641
v 9.96555 -1.953527 -18.94169
v 14.83414 -3.056123 -14.07014
v 18.96564 -4.519673 -9.634464
v 22.22021 -6.380764 -5.521197
v -1.180133 -0.6420015 -24.28396
v 4.57609 -1.179041 -18.79773
v 9.979977 -1.971208 -13.91173
v 14.84132 -3.070573 -9.492086
v 18.96871 -4.530612 -5.415042
v 22.22127 -6.388474 -1.569329
v -1.148264 -0.6668164 -18.70956
v 4.594646 -1.201838 -13.7773
v 9.989664 -1.9907 -9.345163
v 14.84567 -3.086097 -5.283829
v 18.97028 -4.54212 -1.472467
v 22.22166 -6.396437 2.198239
v -1.12531 -0.6951071 -13.69633
v 4.60714 -1.226969 -9.221828
v 9.995553 -2.011641 -5.149236
v 14.84791 -3.102426 -1.352894
v 18.97086 -4.554007 2.285551
v 22.22171 -6.404527 5.873658
v -1.109802 -0.7262944 -9.150188
v 4.614775 -1.253967 -5.038046
v 9.998606 -2.033668 -1.231179
v 14.84874 -3.119292 2.393171
v 18.97094 -4.566082 5.951285
v 22.22171 -6.412616 9.549988
v -1.100254 -0.7597992 -4.977043
v 4.61876 -1.282366 -1.132696
v 9.999747 -2.056418 2.501769
v 14.84887 -3.136426 6.046828
v 18.97094 -4.578157 9.617935
v 22.22172 -6.420578 13.32394
v -1.095198 -0.7950418 -1.082803
v 4.620306 -1.311698 2.587522
v 9.999935 -2.079531 6.142372
v 14.84887 -3.15356 9.701452
v 18.97094 -4.590044 13.38236
v 22.22171 -6.428288 17.29313
v -1.093151 -0.8314431 2.626611
v 4.620621 -1.341497 6.215876
v 9.999964 -2.102644 9.784284
v 14.84887 -3.170426 13.45408
v 18.97094 -4.601552 17.34232
v 22.22171 -6.435617 21.55518
v -1.092638 -0.8684239 6.245295
v 4.620706 -1.371297 9.846442
v 9.999979 -2.125395 13.52469
v 14.84887 -3.186755 17.40266
v 18.97095 -4.612492 21.59561
v 22.22171 -6.44244 26.20771
v -1.092431 -0.9054046 9.867951
v 4.620775 -1.400629 13.5765
v 9.999997 -2.147422 17.46169
v 14.84887 -3.202279 21.64515
v 18.97094 -4.622675 26.23997
v 22.22172 -6.448628 31.34834
v -1.092275 -0.9418061 13.59181
v 4.620822 -1.429028 17.50414
v 10 -2.168362 21.69336
v 14.84887 -3.216729 26.27949
v 18.97095 -4.631913 31.3732
v 22.22171 -6.454057 37.07469
v -1.09216 -0.9770487 17.51474
v 4.620853 -1.456026 21.72745
v 10.00001 -2.187855 26.31779
v 14.84887 -3.229837 31.40364
v 18.97094 -4.640016 37.09306
v 22.22171 -6.458598 43.48439
v -1.092088 -1.010553 21.73459
v 4.620873 -1.481157 26.34449
v 10.00002 -2.205536 31.43305
v 14.84887 -3.241334 37.11554
v 18.97095 -4.646794 43.49733
v 22.20645 -6.46722 50.60443
v -1.092041 -1.041741 26.34922
v 4.620883 -1.503954 31.45336
v 10.00002 -2.221045 37.13723
v 14.84887 -3.250953 43.51316
v 18.95777 -4.658342 50.612
v 22.09958 -6.505272 58.17931
v -1.092019 -1.070031 31.45649
v 4.620883 -1.523949 37.15214
v 10.00002 -2.23402 43.52843
v 14.83836 -3.265625 50.6237
v 18.86551 -4.705888 58.17598
v 21.8095 -6.603198 65.88292
v -1.09201 -1.094846 37.15425
v 4.620883 -1.540677 43.53891
v 9.99245 -2.426056 50.63659
v 14.76481 -3.321087 58.19145
v 18.6151 -4.826938 65.85645
v 21.24463 -6.791443 73.38916
v -1.092009 -1.115606 43.54037
v 4.61612 -1.688922 50.64691
v 9.939463 -2.31381 58.21921
v 14.56515 -3.460276 65.88995
v 18.12745 -5.059004 73.32053
v 20.32721 -7.087859 80.38725
v -1.094506 -1.161954 50.65087
v 4.582771 -1.759118 58.24997
v 9.795643 -2.466379 65.96563
v 14.17635 -3.72613 73.39275
v -1.111957 -1.211598 58.27441
v 4.492249 -1.791148 66.05709
v 9.515574 -2.756473 73.56523
v -1.159335 -1.380486 66.13787
v 4.315975 -2.097869 73.77725
v -1.25159 -1.698155 73.96809
v 13.56258 -4.154784 80.38876
v 9.079458 -3.228054 80.72721
v 4.043819 -2.597695 81.13584
v -1.393719 -2.215382 81.50096
v 17.34634 -5.428808 80.2467
v -6.97056 -1.180173 66.1872
v -7.009481 -1.504873 74.09035
v -7.069439 -2.032662 81.73679
v -6.950573 -1.00651 58.28491
v -6.94321 -0.9316821 50.6449
v -6.942157 -0.9034861 43.52858
v -6.94216 -0.8785365 37.13758
v -6.942176 -0.8487127 31.43436
v -6.942222 -0.8147116 26.3216
v -6.942309 -0.7772291 21.70199
v -6.942458 -0.7369615 17.4782
v -6.942676 -0.694605 13.55292
v -6.942981 -0.6508561 9.828818
v -6.943387 -0.6064109 6.208578
v -6.944193 -0.5619656 2.59522
v -6.946858 -0.5182166 -1.106876
v -6.95311 -0.4758602 -4.992986
v -6.964696 -0.4355926 -9.158393
v -6.983351 -0.3981101 -13.69837
v -7.010814 -0.3641088 -18.7082
v -7.048823 -0.3342853 -24.28317
v -7.099122 -0.3093356 -30.51855
v -7.163638 -0.2982877 -37.45152
v -7.245115 -0.3434956 -44.88692
v -7.346484 -0.4956453 -52.57147
v -7.470679 -0.8054222 -60.25193
v -7.61633 -1.323445 -67.67892
v -13.40106 -1.170688 -68.09576
v -13.28591 -0.6475109 -60.57351
v -13.17705 -0.3353948 -52.81993
v -13.07785 -0.1832182 -45.08308
v -12.99046 -0.1398392 -37.61209
v -18.98259 -1.114735 -68.67885
v -18.87184 -0.5901048 -61.08163
v -18.76172 -0.2778623 -53.26183
v -18.65667 -0.1267727 -45.46882
v -24.01396 -0.5829038 -61.84177
v -23.89542 -0.2715963 -53.94815
v -28.54923 -0.5849031 -62.89867
v -18.56094 -0.08559885 -37.95211
v -23.78155 -0.1220837 -46.08638
v -28.42276 -0.2754669 -54.91175
v -32.52044 -0.5922778 -64.21422
v -23.67721 -0.08320904 -38.50895
v -28.30099 -0.128557 -46.96122
v -32.3871 -0.2896303 -56.1132
v -36.0218 -0.6104975 -65.72953
v -28.18902 -0.09299771 -39.30397
v -32.25756 -0.1515244 -48.0521
v -35.88153 -0.3245636 -57.49493
v -39.14753 -0.6450323 -67.3858
v -32.13658 -0.1260342 -40.29431
v -35.7424 -0.207799 -49.30096
v -38.99911 -0.3907442 -58.99936
v -41.99249 -0.6991078 -69.13112
v -41.83427 -0.4947599 -60.58142
v -44.4868 -0.6276391 -62.24594
v -38.84657 -0.3141942 -50.64984
v -35.60772 -0.2060733 -41.42113
v -41.66404 -0.4838933 -52.05536
v -46.86282 -0.9949541 -55.14194
v -44.30011 -0.7155594 -53.53286
v -46.62478 -1.460309 -46.43855
v -38.69028 -0.3568696 -42.62554
v -44.08058 -0.9669261 -45.10873
v -46.23516 -2.035597 -38.29847
v -47.39396 -3.885401 -31.34013
v -45.56663 -2.486737 -31.25186
v -41.47703 -0.6023247 -43.85829
v -43.79076 -1.281583 -37.34662
v -41.26552 -0.7813277 -36.30387
v -43.41028 -1.569262 -30.54366
v -44.90988 -2.822968 -25.28584
v -38.53062 -0.4602581 -35.21476
v -43.01105 -1.815588 -24.62683
v -44.41567 -3.084876 -20.11892
v -41.0274 -0.962315 -29.63123
v -35.48083 -0.2652559 -34.1289
v -42.67392 -2.024868 -19.4285
v -44.07848 -3.290639 -15.50896
v -40.78617 -1.131799 -23.77319
v -38.36969 -0.5752019 -28.63626
v -32.02888 -0.1612339 -33.10332
v -42.4231 -2.200238 -14.77288
v -43.86868 -3.454457 -11.25089
v -35.365 -0.3399486 -27.63244
v -38.21645 -0.6899614 -22.83059
v -40.56996 -1.287531 -18.58569
v -28.09196 -0.1176133 -32.19686
v -42.26302 -2.345363 -10.49197
v -43.75522 -3.5874 -7.212386
v -31.93825 -0.2136255 -26.68013
v -35.26328 -0.4196818 -21.8786
v -38.08154 -0.8021522 -17.66874
v -40.39979 -1.427117 -13.92365
v -23.58731 -0.103815 -31.4684
v -42.17571 -2.467189 -6.457284
v -43.7067 -3.699761 -3.279351
v -28.01368 -0.1595644 -25.83634
v -31.86476 -0.2734219 -20.97621
v -35.17872 -0.5027185 -16.74899
v -37.97565 -0.9093888 -13.02171
v -40.28908 -1.549303 -9.646149
v -18.4788 -0.1031034 -30.96121
v -23.51551 -0.1410972 -25.15812
v -27.95315 -0.2093569 -20.17715
v -31.80754 -0.339264 -15.88062
v -35.11433 -0.5873212 -12.12513
v -37.90606 -1.00999 -8.762589
v -12.917 -0.1541165 -30.65617
v -18.41343 -0.1364336 -24.68752
v -12.8589 -0.1832961 -24.40678
v -23.46069 -0.1856624 -19.5352
v -12.81486 -0.2181761 -18.82468
v -18.36372 -0.1762749 -19.09
v -27.9081 -0.2658331 -15.11353
v -12.78292 -0.2579418 -13.81292
v -18.32748 -0.221697 -14.06949
v -23.42047 -0.2364703 -14.4976
v -31.76571 -0.4097924 -11.28243
v -12.76108 -0.3017792 -9.274557
v -18.30251 -0.2717699 -9.526823
v -23.3925 -0.2924803 -9.943314
v -27.87629 -0.3278347 -10.53977
v -35.0717 -0.6720493 -7.889465
v -12.74737 -0.3488739 -5.11266
v -18.28662 -0.3255633 -5.362842
v -23.37444 -0.352652 -5.770308
v -31.73798 -0.4837359 -7.070943
v -27.85538 -0.3942152 -6.350176
v -12.7398 -0.3984114 -1.230282
v -18.27763 -0.3821472 -1.47839
v -23.36391 -0.415945 -1.876568
v -27.84288 -0.4638714 -2.439178
v -31.72135 -0.5601749 -3.136537
v -35.04676 -0.7566491 -3.927954
v -12.7364 -0.4495777 2.469519
v -18.27333 -0.4405913 2.225696
v -23.35857 -0.481319 1.839924
v -27.8362 -0.5357116 1.29875
v -31.71243 -0.6382773 0.630189
v -12.73517 -0.5015582 6.083686
v -18.27155 -0.4999657 5.848572
v -23.35605 -0.5477332 5.481191
v -27.83276 -0.6086437 4.969145
v -12.73447 -0.5535387 9.709061
v -18.27043 -0.5593399 9.488699
v -23.35439 -0.6141476 9.147741
v -12.73394 -0.6047049 13.44212
v -18.26959 -0.6177842 13.24173
v -12.73357 -0.6542425 17.37926
v -31.70782 -0.7172117 4.338608
v -27.83042 -0.6815608 8.674983
v -23.35314 -0.6795214 12.93404
v -18.269 -0.674368 17.20262
v -12.73331 -0.7013372 21.61683
v -31.70477 -0.7960258 8.094302
v -27.82875 -0.7532957 12.50905
v -23.35225 -0.7428145 16.93302
v -18.26859 -0.7281615 21.46632
v -12.73316 -0.7451745 26.25125
v -31.70322 -0.873287 11.98763
v -27.82777 -0.8226664 16.56159
v -23.35164 -0.8029862 21.23763
v -18.26835 -0.7782343 26.12778
v -12.73308 -0.7849402 31.37888
v -31.70378 -0.9474418 16.10514
v -27.82747 -0.888491 20.92282
v -23.35128 -0.8589962 25.94082
v -18.26822 -0.8236564 31.28196
v -12.73305 -0.8198201 37.0961
v -31.70705 -1.016938 20.53339
v -27.82781 -0.9495926 25.68305
v -23.3511 -0.9098039 31.13554
v -18.26818 -0.8634977 37.02382
v -12.73305 -0.8489999 43.49929
v -31.71327 -1.080266 25.35934
v -27.82859 -1.004817 30.93275
v -23.35102 -0.9543692 36.91473
v -18.26817 -0.8968278 43.4483
v -12.73336 -0.880602 50.62627
v -31.72125 -1.136095 30.67162
v -27.82954 -1.053015 36.76248
v -23.35102 -0.9916514 43.37135
v -18.26821 -0.9317223 50.59248
v -12.73554 -0.9584965 58.2805
v -31.72946 -1.183138 36.55926
v -27.83039 -1.093039 43.26278
v -23.35102 -1.029656 50.54097
v -18.26848 -1.012278 58.26191
v -12.74146 -1.135491 66.20686
v -31.73635 -1.220106 43.11128
v -27.83094 -1.132841 50.46743
v -23.35102 -1.112576 58.22986
v -18.26922 -1.191596 66.20429
v -12.753 -1.464391 74.15025
v -31.74076 -1.255009 50.3602
v -27.83122 -1.216792 58.18309
v -23.35102 -1.293648 66.1869
v -18.27066 -1.52278 74.16728
v -12.77076 -1.997961 81.85667
v -31.74302 -1.33304 58.1123
v -27.83133 -1.398363 66.15966
v -23.35102 -1.626111 74.16101
v -18.27289 -2.058926 81.89871
v -31.74386 -1.508689 66.11737
v -27.83134 -1.731026 74.14702
v -23.35102 -2.163203 81.90105
v -31.74397 -1.836443 74.1252
v -27.83134 -2.268218 81.89515
v -31.74397 -2.370502 81.88595
v -18.27534 -2.853107 89.14698
v -23.35102 -2.958162 89.15594
v -27.83134 -3.063227 89.15417
v -31.74397 -3.163904 89.15147
v -12.7904 -2.788783 89.07671
v -7.135713 -2.814989 88.88425
v -1.550807 -2.981522 88.50877
v 3.739599 -3.335548 87.92376
v 8.569958 -3.913696 87.24017
v 12.79696 -4.755161 86.62835
v -18.27733 -3.958394 95.66062
v -12.80629 -3.889397 95.56205
v -7.189362 -3.903151 95.2943
v -1.677975 -4.045567 94.77279
v 3.487873 -4.356067 93.94952
v 8.114012 -4.848104 92.92254
v -23.35102 -4.064224 95.67456
v -27.83134 -4.169309 95.67435
v -31.74398 -4.269394 95.674
v -7.211452 -5.348446 100.7285
v -1.730336 -5.456512 100.0744
v 3.382584 -5.706383 99.02666
v -12.81284 -5.352344 101.0644
v -18.27815 -5.427853 101.1881
v -23.35102 -5.534631 101.2058
v -27.83134 -5.639717 101.2058
v -31.74397 -5.739718 101.2058
v -7.18936 -7.185803 105.0133
v -12.8063 -7.212963 105.4025
v -18.27733 -7.297043 105.5458
v -23.35102 -7.405045 105.5663
v -27.83134 -7.510132 105.5663
v -31.74397 -7.610132 105.5663
v -1.677974 -7.248567 104.2557
v -12.7904 -9.437815 108.6629
v -7.135712 -9.38466 108.2351
v -18.27534 -9.531472 108.8205
v -23.35102 -9.640842 108.8431
v -27.83134 -9.74593 108.843
v -31.74397 -9.845929 108.8431
v -1.550805 -9.3968 107.402
v -35.17002 -9.944835 108.843
v 3.487873 -7.421712 103.0251
v 3.739594 -9.48715 106.0354
v -35.17002 -7.709038 105.5663
v -38.19057 -10.04664 108.8431
v 8.114004 -7.675535 101.2916
v 8.569955 -9.621118 104.0351
v 7.913102 -6.085888 97.6325
v -35.17002 -5.838624 101.2058
v -38.19057 -7.810843 105.5663
v -40.88673 -10.15534 108.843
v 12.02609 -7.946696 99.01929
v 12.79696 -9.743653 101.2916
v 12.02609 -5.536816 91.88847
v 11.63339 -6.559209 96.01009
v -35.17002 -4.368557 95.67348
v -40.88673 -7.91954 105.5663
v -43.33959 -10.27492 108.8431
v -38.19057 -5.940428 101.2058
v 16.30698 -5.919923 86.35862
v 15.09746 -6.490965 91.36169
v -35.17002 -3.264872 89.14723
v -43.33959 -8.039124 105.5663
v -45.63025 -10.40938 108.843
v -38.19057 -4.47088 95.67271
v -40.88673 -6.049126 101.2058
v -35.17002 -2.47637 81.8717
v -45.63025 -8.173583 105.5663
v -47.83981 -10.56271 108.8431
v -38.19057 -3.370812 89.14102
v -40.88673 -4.580404 95.67168
v -43.33959 -6.168708 101.2058
v -35.17002 -1.951849 74.09145
v -47.83982 -8.326913 105.5663
v -50.03901 -10.73737 108.8497
v -38.19057 -2.592129 81.85072
v -40.88673 -3.486132 89.13297
v -43.33959 -4.701042 95.67081
v -45.63025 -6.303168 101.2058
v -35.16962 -1.63913 66.05244
v -50.03898 -8.501575 105.573
v -52.25702 -10.92969 108.8966
v -38.19057 -2.086731 74.04169
v -40.88673 -2.723178 81.82353
v -43.33959 -3.614159 89.12594
v -45.63025 -4.836668 95.67049
v -47.83981 -6.4565 101.2058
v -52.25682 -8.693892 105.6199
v -54.51269 -11.13445 109.0238
v -50.03894 -6.631161 101.2125
v -47.83982 -4.991158 95.6712
v -45.63025 -3.757947 89.12343
v -43.33959 -2.871259 81.79979
v -54.512 -8.898648 105.7471
v -56.82485 -11.34644 109.2715
v -52.25654 -6.823476 101.2595
v -50.03891 -5.166873 95.67988
v -47.83982 -3.920554 89.12901
v -56.82323 -9.11064 105.995
v -59.21234 -11.56045 109.6798
v -54.51109 -7.028234 101.3869
v -52.2562 -5.360091 95.72967
v -59.20915 -9.324651 106.4036
v -61.69396 -11.77127 110.289
v -56.82105 -7.240224 101.6349
v -61.68845 -9.535475 107.0132
v -64.28856 -11.9737 111.1391
v -45.63025 -3.037203 81.79135
v -50.03885 -4.103625 89.15147
v -54.50993 -5.565583 95.86019
v -59.20491 -7.454237 102.044
v -64.27981 -9.737898 107.864
v -67.01497 -12.16251 112.2704
v -47.83982 -3.221838 81.81016
v -52.2558 -4.303172 89.22084
v -56.8183 -5.778112 96.11112
v -61.68112 -7.665061 102.6541
v -67.0019 -9.926712 108.9961
v -69.88257 -12.33349 113.7065
v -50.03879 -3.424882 81.87001
v -54.50857 -4.513797 89.37242
v -59.19953 -5.99246 96.52225
v -64.26817 -7.867485 103.5057
v -69.86401 -10.09769 110.4329
v -72.86308 -12.48636 115.4043
v -52.25536 -3.641605 81.99245
v -56.81509 -4.730104 89.64155
v -61.67183 -6.203455 97.13398
v -66.98451 -8.056298 104.6388
v -72.83788 -10.25056 112.1307
v -75.91872 -12.62184 117.3047
v -54.50708 -3.866165 82.20089
v -59.19325 -4.946797 90.06468
v -64.25341 -6.405942 97.98685
v -69.83932 -8.227277 106.0768
v -75.88584 -10.38604 114.0288
v -79.01176 -12.74063 119.348
v -56.81157 -4.092721 82.51881
v -61.66098 -5.158996 90.68315
v -72.80436 -8.38015 107.7744
v -78.97027 -10.50483 116.0667
v -82.10447 -12.84344 121.4749
v -59.18637 -4.31578 82.97369
v -75.84212 -8.515625 109.6696
v -82.05348 -10.60765 118.1837
v -85.15911 -12.931 123.626
v -78.91504 -8.634415 111.7002
v -85.09782 -10.69521 120.3192
v -88.13792 -13.00401 125.7417
v -81.98561 -8.737234 113.804
v -88.06568 -10.76822 122.4126
v -91.00315 -13.06319 127.7626
v -85.0163 -8.824791 115.9188
v -90.91935 -10.82739 124.4034
v -93.72836 -13.10939 129.6386
v -87.96957 -8.897802 117.9826
v -93.63253 -10.8736 126.2408
v -96.33215 -13.14412 131.3562
v -90.80786 -8.956976 119.9332
v -96.22407 -10.90832 127.9138
v -98.84447 -13.169 132.9113
v -93.50503 -9.003181 121.7192
v -98.72417 -10.9332 129.4214
v -101.2952 -13.18567 134.2997
v -96.08023 -9.037906 123.333
v -101.163 -10.94988 130.7625
v -103.7143 -13.19579 135.5172
v -98.5641 -9.062785 124.7774
v -103.5708 -10.95999 131.9361
v -106.1316 -13.20099 136.5597
v -100.9871 -9.079463 126.0556
v -105.9778 -10.96519 132.941
v -108.577 -13.2029 137.4229
v -103.38 -9.089581 127.1707
v -108.414 -10.9671 133.7763
v -111.0805 -13.20317 138.1028
v -105.7731 -9.094774 128.1257
v -110.9097 -10.96738 134.4407
v -113.6625 -13.20317 138.5977
v -108.1971 -9.096688 128.9236
v -113.4857 -10.96737 134.9352
v -116.3061 -13.20317 138.916
v -110.6825 -9.096961 129.5674
v -116.1249 -10.96737 135.268
v -118.9846 -13.20317 139.069
v -113.2505 -9.09696 130.0614
v -118.8009 -10.96737 135.4495
v -121.6716 -13.20317 139.0675
v -115.8839 -9.096961 130.4135
v -121.487 -10.96738 135.4898
v -124.3406 -13.20317 138.9226
v -118.5564 -9.096961 130.633
v -124.1569 -10.96737 135.3991
v -126.9651 -13.20317 138.6454
v -121.2414 -9.096961 130.7289
v -126.784 -10.96737 135.1877
v -129.5187 -13.20317 138.2469
v -123.9124 -9.096961 130.7104
v -129.3419 -10.96737 134.8659
v -131.9747 -13.20317 137.7382
v -126.543 -9.096961 130.5866
v -131.804 -10.96738 134.4438
v -134.3064 -13.2066 137.1175
v -129.1066 -9.096961 130.3667
v -134.143 -10.97213 133.9201
v -136.4855 -13.23056 136.3319
v -131.5768 -9.096961 130.0598
v -136.3278 -11.00539 133.2477
v -138.4834 -13.2956 135.3157
v -133.9258 -9.102922 129.6652
v -138.3266 -11.09569 132.3677
v -140.2713 -13.42227 134.0031
v -140.1075 -11.27154 131.2214
v -136.1217 -9.144649 129.1424
v -138.1309 -9.257905 128.4413
v -139.9202 -9.478456 127.5114
v -141.6419 -11.54913 129.7606
v -141.4589 -9.83173 126.3224
v -131.289 -7.63543 124.5086
v -133.6514 -7.642328 124.2771
v -135.8645 -7.690627 123.9429
v -137.8958 -7.821722 123.4655
v -139.7132 -8.077014 122.8046
v -141.2879 -8.491632 121.9441
v -142.6067 -9.075623 120.9652
v -142.7276 -10.3018 124.923
v -142.5083 -8.20375 116.258
v -141.1133 -7.533081 116.8075
v -139.4843 -7.074788 117.2987
v -137.6267 -6.795374 117.6497
v -135.5656 -6.651891 117.8678
v -133.331 -6.59903 117.9826
v -142.3755 -7.673523 111.0251
v -140.9133 -6.955978 111.1593
v -139.2298 -6.472744 111.258
v -137.3302 -6.179265 111.2729
v -143.616 -8.669993 110.9196
v -143.6712 -9.123269 115.7733
v -143.4536 -8.510544 105.7477
v -142.1727 -7.493657 105.5167
v -143.1666 -8.669992 100.5532
v -140.6686 -6.76289 105.2489
v -141.8833 -7.673523 99.99266
v -142.7978 -9.123267 95.64231
v -141.5479 -8.203749 94.72281
v -138.9459 -6.271847 104.947
v -140.3707 -6.955978 99.3289
v -140.0523 -7.533081 93.65905
v -141.2262 -9.075622 89.97498
v -138.6344 -6.472744 98.63096
v -137.013 -5.973805 104.6144
v -139.7567 -8.491632 88.5005
v -140.9982 -10.3018 85.9977
v -139.53 -9.831731 84.11199
v -138.3191 -7.074788 92.57925
v -135.2376 -6.028561 111.2088
v -136.6841 -6.179265 97.9538
v -138.0295 -8.077014 87.06227
v -134.893 -5.820757 104.2573
v -132.9798 -5.973037 111.0837
v -136.362 -6.795373 91.57238
v -134.5449 -6.028561 97.30525
v -130.9529 -6.591477 118.0235
v -132.613 -5.76437 103.8825
v -128.8086 -7.635429 124.6695
v -130.5845 -5.965105 110.9158
v -126.2377 -7.635429 124.7603
v -128.4606 -6.591476 118.014
v -123.6028 -7.635428 124.7732
v -125.8811 -6.591477 117.9539
v -128.0791 -5.965106 110.7195
v -130.2 -5.756315 103.4968
v -120.9303 -7.635429 124.7003
v -123.2411 -6.591477 117.8372
v -125.4903 -5.965106 110.4941
v -118.2467 -7.635429 124.534
v -120.5669 -6.591476 117.6575
v -115.5787 -7.635428 124.2664
v -132.2457 -5.973037 96.68126
v -127.6809 -5.756315 103.1055
v -122.8446 -5.965106 110.2353
v -117.8851 -6.591477 117.4089
v -112.9525 -7.635429 123.8899
v -134.2093 -6.651891 90.64479
v -125.0824 -5.756315 102.7076
v -120.1686 -5.965106 109.9387
v -115.2221 -6.591477 117.0852
v -110.3948 -7.635429 123.3966
v -136.0672 -7.821722 85.75186
v -122.4309 -5.756316 102.3006
v -117.4886 -5.965106 109.6
v -112.6044 -6.591477 116.6801
v -107.9224 -7.635155 122.7787
v -137.7948 -9.478456 82.35039
v -137.6365 -11.27154 78.64568
v -139.4053 -11.54913 80.68442
v -135.6369 -11.09569 76.8498
v -135.8204 -9.257904 80.77401
v -133.4397 -11.00539 75.26359
v -133.9028 -7.690627 84.56831
v -110.0587 -6.591476 116.1876
v -133.6422 -9.144649 79.36819
v -131.8935 -6.599029 89.78216
v -131.5722 -7.642328 83.48742
v -129.8154 -5.965105 96.07783
v -129.447 -6.591477 88.97015
v -127.2827 -5.965106 95.49151
v -124.6744 -5.965106 94.92105
v -126.9012 -6.591476 88.197
v -129.1109 -7.635429 82.48503
v -131.2973 -9.102921 78.0993
v -131.0807 -10.97213 73.84447
v -130.9183 -13.2066 70.64726
v -133.2907 -13.23056 72.18095
v -128.4252 -13.20317 69.2554
v -128.596 -10.96738 72.54984
v -125.8431 -13.20317 67.96406
v -128.8232 -9.096961 76.93378
v -126.02 -10.96737 71.3451
v -123.1996 -13.20317 66.76979
v -126.5532 -7.635428 81.54144
v -123.3807 -10.96737 70.22743
v -120.5211 -13.20317 65.67851
v -126.2552 -9.096961 75.84427
v -124.2836 -6.591476 87.46125
v -120.7048 -10.96737 69.202
v -117.8341 -13.20317 64.69624
v -123.927 -7.635429 80.65484
v -123.6218 -9.096961 74.82855
v -122.0171 -5.965106 94.36578
v -118.0187 -10.96738 68.27394
v -115.1651 -13.20317 63.82891
v -121.6207 -6.591477 86.76392
v -121.2589 -7.635428 79.82793
v -120.9493 -9.096961 73.89072
v -119.7528 -5.756315 101.8818
v -115.3488 -10.96737 67.44842
v -112.5405 -13.20317 63.08253
v -119.3371 -5.965106 93.82497
v -118.9388 -6.591476 86.10614
v -118.5754 -7.635429 79.0634
v -118.2644 -9.096961 73.03483
v -117.0749 -5.756315 101.4489
v -112.7217 -10.96737 66.73058
v -109.987 -13.20317 62.46305
v -116.6611 -5.965106 93.29794
v -116.2646 -6.591476 85.48892
v -115.9029 -7.635429 78.36392
v -115.5933 -9.096961 72.26492
v -114.8313 -5.965106 109.2146
v -110.1638 -10.96737 66.1256
v -107.531 -13.20317 61.97644
v -112.9627 -9.096961 71.58508
v -113.268 -7.635428 77.73219
v -114.4233 -5.756316 100.9993
v -112.223 -5.965106 108.7783
v -107.7017 -10.96738 65.63858
v -105.1885 -13.2029 61.61765
v -110.3991 -9.096961 70.99936
v -114.0154 -5.965106 92.78398
v -111.8248 -5.756315 100.5304
v -109.6903 -5.965105 108.2867
v -105.3515 -10.9671 65.26434
v -102.9343 -13.20099 61.33744
v -113.6246 -6.591477 84.91338
v -111.4266 -5.965106 92.28245
v -111.0451 -6.591477 84.38059
v -109.3057 -5.756315 100.0396
v -107.6015 -6.591203 115.6002
v -103.0881 -10.96519 64.95609
v -100.7326 -13.19579 61.07558
v -110.6971 -7.635429 77.17088
v -108.9212 -5.965106 91.79259
v -107.2498 -5.964833 107.7325
v -108.5528 -6.591476 83.89161
v -108.2167 -7.635429 76.68267
v -106.8828 -5.756042 99.52028
v -106.5157 -5.964833 91.30804
v -107.929 -9.096961 70.51183
v -106.164 -6.591203 83.44038
v -105.8431 -7.635155 76.26185
v -105.5684 -9.096688 70.11703
v -104.8793 -5.962918 107.0976
v -104.5329 -5.754127 98.94856
v -104.1866 -5.962919 90.79947
v -103.8548 -6.589289 82.99232
v -103.552 -7.633241 75.869
v -103.2928 -9.094774 69.77145
v -105.2111 -6.58929 114.9048
v -100.8761 -10.95999 64.65667
v -98.54771 -13.18567 60.77179
v -98.67988 -10.94988 64.30894
v -96.34386 -13.169 60.36585
v -101.0669 -9.08958 69.42206
v -101.3086 -7.628046 75.45634
v -96.46414 -10.9332 63.85572
v -94.08533 -13.14412 59.79749
v -98.85577 -9.079464 69.01583
v -94.19341 -10.90832 63.23989
v -91.73638 -13.10939 59.00644
v -101.591 -6.584095 82.50573
v -99.07848 -7.617931 74.97604
v -96.62424 -9.062785 68.49973
v -91.83221 -10.8736 62.40429
v -89.26134 -13.06319 57.93248
v -99.33866 -6.573978 81.9389
v -101.9004 -5.957723 90.23186
v -96.82692 -7.601253 74.38031
v -94.33724 -9.037906 67.82073
v -89.34513 -10.82739 61.29173
v -86.63635 -13.00401 56.53932
v -97.06372 -6.5573 81.25014
v -99.62381 -5.947608 89.57022
v -94.51937 -7.576373 73.62132
v -91.95973 -9.003182 66.9258
v -86.7086 -10.76822 59.86838
v -83.88541 -12.931 54.88663
v -94.73212 -6.532421 80.39772
v -97.32326 -5.930931 88.77947
v -92.12121 -7.54165 72.65129
v -89.45663 -8.956977 65.76192
v -83.94669 -10.6952 58.19341
v -81.04436 -12.84344 53.05806
v -92.30984 -6.497698 79.33994
v -94.96532 -5.90605 87.82465
v -89.59782 -7.495444 71.42239
v -86.80472 -8.897802 64.29836
v -81.09536 -10.60765 56.34933
v -78.1491 -12.74063 51.13728
v -92.51657 -5.871327 86.67071
v -89.76278 -6.451491 78.03509
v -86.92644 -7.436269 69.90795
v -84.02822 -8.824791 62.59376
v -78.1906 -10.50483 54.41863
v -75.2355 -12.62184 49.20791
v -89.94355 -5.82512 85.28262
v -87.06862 -6.392317 76.4612
v -84.13146 -7.363259 68.16582
v -81.16323 -8.737233 60.72905
v -75.26834 -10.38604 52.48377
v -72.33941 -12.48636 47.35363
v -87.22448 -5.765946 83.64357
v -84.25209 -6.319307 74.67522
v -81.24916 -7.2757 66.27497
v -78.24582 -8.634416 58.78515
v -72.36461 -10.25056 50.62727
v -69.49676 -12.33349 45.65805
v -84.38428 -5.692935 81.80953
v -81.34954 -6.231749 72.75383
v -78.31575 -7.172883 64.31436
v -75.31209 -8.515624 56.843
v -69.51534 -10.09769 48.9316
v -66.74341 -12.16251 44.20488
v -81.45958 -5.605378 79.85466
v -78.39744 -6.128929 70.7737
v -75.36748 -7.054091 62.36297
v -72.39813 -8.38015 54.98355
v -66.75648 -9.926712 47.47924
v -64.1095 -11.97198 43.04263
v -78.48698 -5.502559 77.85315
v -75.43217 -6.010139 68.81153
v -72.44057 -6.918615 60.49978
v -69.54002 -8.227278 53.28772
v -64.11721 -9.735742 46.3178
v -61.60228 -11.75757 42.07952
v -75.50308 -5.38377 75.87915
v -72.49017 -5.874664 66.94399
v -69.5713 -6.765746 58.80377
v -66.77385 -8.056299 51.83647
v -61.59945 -9.51821 45.35538
v -59.22325 -11.51418 41.18865
v -66.79587 -6.594765 57.3539
v -64.12798 -7.86515 50.67704
v -69.60783 -5.721794 65.24775
v -72.54452 -5.248294 74.00683
v -59.19828 -9.266382 44.46516
v -56.97392 -11.23677 40.24314
v -61.59987 -7.646389 49.72206
v -64.14218 -6.403817 56.19795
v -66.82159 -5.550813 63.79951
v -69.64787 -5.095422 72.31036
v -56.90884 -8.972519 43.52036
v -54.86069 -10.92424 39.11064
v -59.17921 -7.391219 48.85045
v -61.60474 -6.18645 55.25887
v -64.15913 -5.360332 62.64799
v -66.84978 -4.924443 70.86388
v -54.72692 -8.629987 42.38373
v -52.9095 -10.59141 37.63696
v -52.65127 -8.236583 40.87613
v -56.85572 -7.090848 47.94119
v -59.1697 -5.935067 54.42841
v -61.61334 -5.14623 61.73019
v -64.17791 -4.734533 69.71711
v -66.87919 -4.715652 78.23766
v -54.6158 -6.734969 46.86407
v -56.82321 -5.642069 53.59833
v -59.16834 -4.903712 60.95512
v -61.62439 -4.524437 68.82169
v -52.43245 -6.307212 45.45247
v -50.70036 -7.808498 38.77512
v -54.54816 -5.299016 52.66454
v -56.80832 -4.627975 60.23183
v -50.26062 -5.782728 43.49221
v -49.01529 -7.471972 35.67607
v -47.83981 -5.042245 40.28436
v -52.31448 -4.894086 51.53959
v -64.1976 -4.526259 77.09523
v -59.17241 -4.29279 68.10479
v -54.51621 -4.315223 59.48626
v -50.08753 -4.41222 50.21082
v -61.63668 -4.319778 76.21903
v -56.80516 -4.038226 67.49361
v -52.2702 -3.965659 58.71189
v -59.17919 -4.097942 75.55162
v -54.5057 -3.760775 66.93201
v -56.80788 -3.862486 75.03555
v -64.21731 -4.735384 84.47242
v -61.64909 -4.531248 83.60904
v -54.50554 -3.615972 74.62292
v -64.23618 -5.361927 91.53936
v -66.90861 -4.924442 85.61141
v -52.25646 -3.466043 66.43064
v -52.2549 -3.364275 74.3039
v -66.96251 -6.594765 99.12141
v -66.93679 -5.550813 92.6758
v -69.68968 -4.886632 79.68226
v -50.03874 -3.114105 74.0782
v -69.80805 -6.765745 100.5607
v -69.7715 -5.721794 94.11675
v -69.73148 -5.095422 87.05416
v -72.60124 -5.039504 81.37898
v -72.76191 -6.918616 102.2582
v -72.71233 -5.874665 95.81398
v -72.65797 -5.248294 88.75115
v -75.57711 -5.174978 83.25629
v -75.78673 -7.054091 104.1496
v -75.72203 -6.010139 97.70107
v -75.65112 -5.383769 90.63345
v -78.58043 -5.293769 85.24265
v -78.84512 -7.172883 106.171
v -78.76343 -6.128929 99.71159
v -78.67388 -5.502559 92.63216
v -81.57442 -5.396587 87.26649
v -81.89968 -7.2757 108.258
v -81.7993 -6.231749 101.7792
v -81.68926 -5.605377 94.67833
v -84.52226 -5.484145 89.25629
v -84.91306 -7.363258 110.3468
v -84.79244 -6.319306 103.8374
v -84.66024 -5.692935 96.70304
v -87.38713 -5.557156 91.14049
v -87.84784 -7.436269 112.373
v -87.70565 -6.392317 105.8198
v -87.54981 -5.765946 98.6374
v -90.13223 -5.616331 92.84755
v -90.66666 -7.495444 114.2727
v -90.32094 -5.82512 100.4125
v -92.73238 -5.662537 94.32252
v -90.50172 -6.451491 107.66
v -93.34355 -7.54165 115.9937
v -95.20874 -5.697259 95.57684
v -92.94818 -5.871327 101.9743
v -93.15492 -6.497698 109.3051
v -95.8981 -7.576372 117.5323
v -97.59417 -5.722139 96.63858
v -95.45215 -5.90605 103.329
v -95.68535 -6.532421 110.756
v -98.36141 -7.601253 118.8968
v -99.92146 -5.738817 97.53573
v -97.86507 -5.930931 104.4977
v -98.1246 -6.5573 112.027
v -100.7644 -7.617931 120.0954
v -102.2234 -5.748934 98.29637
v -100.2191 -5.947608 105.5013
v -100.5043 -6.573977 113.1326
v -102.5465 -5.957723 106.3609
v -102.8559 -6.584095 114.087
v -103.1383 -7.628046 121.1364
v -105.5139 -7.633241 122.0281
v -142.5083 -8.20375 116.258
v -143.6712 -9.123269 115.7733
v -142.6067 -9.075623 120.9652
v -143.6642 -9.841116 120.0221
v -142.7276 -10.3018 124.923
v -144.6151 -10.34949 115.5543
v -144.6358 -9.992672 110.9167
v -143.616 -8.669993 110.9196
v -144.507 -9.85995 105.9392
v -143.4536 -8.510544 105.7477
v -144.2155 -9.992673 100.9321
v -143.1666 -8.669992 100.5532
v -143.799 -10.34949 96.21495
v -142.7978 -9.123267 95.64231
v -145.3337 -11.5757 106.0897
v -145.0316 -11.67745 101.0768
v -145.4404 -11.67745 111.0671
v -144.5585 -11.93342 96.29682
v -144.4776 -10.85479 119.5173
v -145.3581 -11.93342 115.746
v -143.7048 -10.84883 123.4139
v -143.3174 -10.85479 92.13912
v -143.9406 -12.2488 92.00813
v -142.4183 -9.841113 91.32327
v -141.5479 -8.203749 94.72281
v -141.2262 -9.075622 89.97498
v -142.1659 -10.84883 87.89281
v -140.9982 -10.3018 85.9977
v -142.9126 -11.32406 89.38882
v -143.1677 -12.42165 88.40156
v -142.1754 -12.24405 85.48495
v -140.923 -11.8954 82.96158
v -139.4053 -11.54913 80.68442
v -139.53 -9.831731 84.11199
v -139.3622 -13.61952 78.14
v -140.956 -13.84995 80.74466
v -139.3675 -16.01315 76.33566
v -142.3207 -14.05616 83.7522
v -141.0324 -16.15074 79.16699
v -139.391 -18.69858 75.13589
v -143.4629 -14.14703 87.27986
v -142.4843 -16.26459 82.47163
v -141.1107 -18.76963 78.10939
v -139.4084 -21.63845 74.40977
v -144.3919 -14.05959 91.41293
v -143.7182 -16.31221 86.32998
v -142.6214 -18.82714 81.58116
v -141.1626 -21.66843 77.46788
v -139.4174 -24.7733 74.0369
v -145.1164 -13.87734 96.05334
v -144.73 -16.26674 90.78268
v -143.9108 -18.85082 85.62351
v -142.7092 -21.69269 81.03575
v -141.1893 -24.78218 77.13847
v -139.4207 -28.03812 73.89953
v -145.6413 -13.71195 101.0475
v -145.5172 -16.16798 95.70506
v -144.9679 -18.82827 90.26803
v -144.0312 -21.70268 85.18356
v -142.7542 -24.78937 80.7557
v -141.1991 -28.03924 77.01711
v -139.4212 -31.36794 73.87991
v -141.2005 -31.36794 76.99977
v -142.7708 -28.04014 80.65251
v -142.7732 -31.36794 80.63777
v -144.0929 -24.79233 84.95762
v -144.1157 -28.0405 84.87438
v -144.119 -31.36794 84.86249
v -145.114 -21.69317 89.94069
v -145.1891 -24.78951 89.77261
v -145.2167 -28.04015 89.71067
v -145.2207 -31.36794 89.70184
v -145.7881 -18.77865 95.38346
v -145.9528 -21.67224 95.17393
v -146.0374 -24.78331 95.06631
v -146.0685 -28.03938 95.02668
v -146.073 -31.36794 95.021
v -146.0769 -16.07133 100.9298
v -146.3683 -18.72903 100.7979
v -146.5449 -21.6513 100.7092
v -146.6357 -24.77711 100.6637
v -146.6691 -28.0386 100.6469
v -146.6738 -31.36794 100.6445
v -145.9566 -13.64138 106.2032
v -146.4044 -16.02797 106.2847
v -146.0516 -13.71195 111.3187
v -146.7052 -18.70648 106.3395
v -146.8878 -21.64179 106.3727
v -146.9816 -24.77429 106.3898
v -146.4953 -16.07133 111.5965
v -145.9268 -13.87734 116.1946
v -146.796 -18.72903 111.8362
v -147.0161 -28.03825 106.3961
v -147.021 -31.36794 106.397
v -146.9789 -21.6513 111.9903
v -146.3478 -16.16798 116.6925
v -145.0965 -12.2488 119.8745
v -147.0729 -24.77711 112.0695
v -147.1074 -28.0386 112.0986
v -147.1124 -31.36794 112.1028
v -146.6385 -18.77865 117.1163
v -145.5831 -14.05959 120.6405
v -144.3074 -11.32406 122.163
v -144.6346 -12.42165 123.2563
v -146.8161 -21.67224 117.3882
v -146.9073 -24.78331 117.5278
v -145.9605 -16.26674 121.401
v -143.9129 -12.24405 125.8615
v -145.0096 -14.14703 124.5
v -146.2307 -18.82827 122.0082
v -142.914 -11.8954 127.9794
v -141.4589 -9.83173 126.3224
v -141.6419 -11.54913 129.7606
v -144.1948 -14.05617 127.672
v -145.3304 -16.31221 125.5548
v -146.3974 -21.69317 122.3925
v -143.1337 -13.84995 130.2423
v -144.4556 -16.26459 129.0298
v -145.5706 -18.85082 126.34
v -141.8245 -13.61952 132.3304
v -140.1075 -11.27154 131.2214
v -140.2713 -13.42227 134.0031
v -143.3397 -16.15074 131.8714
v -144.6585 -18.82714 129.9822
v -145.7205 -21.70268 126.8292
v -141.9878 -16.01315 134.1655
v -143.503 -18.76963 132.973
v -140.4059 -15.89006 135.9915
v -138.4834 -13.2956 135.3157
v -138.603 -15.81033 137.426
v -142.1152 -18.69858 135.3927
v -140.5057 -18.6343 137.3217
v -138.6872 -18.59258 138.8395
v -144.7862 -21.69269 130.5668
v -146.4829 -24.78951 122.5898
v -143.6063 -21.66843 133.6427
v -140.5678 -21.61134 138.1281
v -138.739 -21.59373 139.6967
v -142.1954 -21.63845 136.1366
v -145.7974 -24.79233 127.0804
v -146.941 -28.03938 117.5793
v -146.9458 -31.36794 117.5866
v -146.5145 -28.04015 122.6625
v -146.519 -31.36794 122.6729
v -145.8258 -28.0405 127.1729
v -145.8298 -31.36794 127.1862
v -144.8518 -24.78937 130.8671
v -144.876 -28.04013 130.9776
v -144.8794 -31.36794 130.9935
v -143.6594 -24.78218 133.9866
v -143.6789 -28.03924 134.1134
v -143.6817 -31.36794 134.1315
v -142.2366 -24.7733 136.5186
v -142.2517 -28.03812 136.6594
v -142.2539 -31.36794 136.6795
v -140.5997 -24.76527 138.5423
v -138.7655 -24.76005 140.1368
v -140.6115 -28.03712 138.6948
v -140.6132 -31.36794 138.7166
v -138.7753 -28.03647 140.299
v -138.7767 -31.36794 140.3222
v -45.97204 -5.503271 27.52345
v -44.5065 -4.014791 28.36448
v -44.15697 -4.081603 22.97635
v -45.51261 -5.574866 22.34085
v -43.92129 -4.090037 18.01217
v -45.21991 -5.585704 17.48153
v -43.77966 -4.055132 13.34901
v -45.04657 -5.551257 12.85457
v -43.70962 -3.988388 8.929945
v -44.96049 -5.483506 8.424932
v -43.68803 -3.900416 4.71454
v -44.93338 -5.393551 4.171487
v -43.69174 -3.80183 0.662344
v -44.93691 -5.292494 0.07312816
v -43.7067 -3.699761 -3.279351
v -44.95387 -5.187699 -3.904995
v -43.75522 -3.5874 -7.212386
v -45.01118 -5.071596 -7.852743
v -43.86868 -3.454457 -11.25089
v -45.14684 -4.932868 -11.87369
v -44.07848 -3.290639 -15.50896
v -45.39886 -4.760209 -16.07145
v -44.41567 -3.084876 -20.11892
v -45.81045 -4.541038 -20.56827
v -44.90988 -2.822968 -25.28584
v -46.44563 -4.2577 -25.5611
v -45.56663 -2.486737 -31.25186
v -47.39396 -3.885401 -31.34013
v -45.92347 -7.072283 -4.397985
v -45.98684 -6.955453 -8.346851
v -46.13768 -6.818183 -12.32539
v -46.41843 -6.650252 -16.41986
v -46.87782 -6.442677 -20.72009
v -47.58938 -6.19141 -25.33027
v -48.64911 -5.910479 -30.30775
v -45.90507 -7.178893 -0.3925477
v -50.23415 -5.720252 -35.36054
v -48.99395 -3.320844 -39.15645
v -45.90153 -7.282184 3.740863
v -45.93209 -7.375776 8.01425
v -46.02835 -7.449976 12.42478
v -46.22186 -7.495085 16.96959
v -46.54888 -7.503044 21.6444
v -47.06414 -7.47235 26.43917
v -46.6644 -5.350451 33.19213
v -47.83987 -7.420409 31.2792
v -47.83981 -5.042245 40.28436
v -49.01529 -7.471972 35.67607
v -46.62895 -9.531949 3.415938
v -46.66118 -9.630225 7.695075
v -46.76258 -9.714567 12.06615
v -46.96643 -9.778004 16.50041
v -47.3092 -9.81764 20.95296
v -47.84025 -9.84688 25.31448
v -48.61597 -9.892247 29.42102
v -46.63261 -9.426702 -0.7424962
v -49.70798 -10.01646 32.95446
v -50.70036 -7.808498 38.77512
v -51.16259 -10.26665 35.65334
v -50.16836 -12.77771 31.14452
v -51.51297 -12.99527 33.57932
v -49.13223 -12.62643 28.03334
v -48.37237 -12.52458 24.3738
v -47.84135 -12.44727 20.34349
v -50.46288 -15.72739 29.98612
v -51.7503 -15.93075 32.25959
v -49.46118 -15.56439 27.09822
v -48.71717 -15.4341 23.68373
v -50.63921 -18.83047 29.2925
v -51.89467 -19.02648 31.47069
v -49.65791 -18.66142 26.53021
v -50.72976 -22.04913 28.93631
v -51.96879 -22.24136 31.06558
v -47.49364 -12.37415 16.10077
v -48.19118 -15.32441 19.87328
v -48.92437 -18.51542 23.2554
v -49.75891 -21.87695 26.23853
v -50.76312 -25.34483 28.80509
v -51.9961 -25.53567 30.91633
v -50.76788 -28.67905 28.78634
v -52.00001 -28.8697 30.89501
v -49.80145 -28.50557 26.11571
v -49.79613 -25.17151 26.13107
v -49.07557 -28.34813 22.94283
v -49.06997 -25.01449 22.9544
v -48.55627 -28.20443 19.3624
v -49.03077 -21.7229 23.03544
v -48.55056 -24.87132 19.37038
v -48.2096 -28.07218 15.46915
v -48.51064 -21.58346 19.42626
v -48.20388 -24.73956 15.47428
v -48.00161 -27.94909 11.3578
v -48.40225 -18.38607 19.57793
v -48.16384 -21.45509 15.51019
v -47.99588 -24.61679 11.36123
v -47.89831 -27.83288 7.123064
v -48.05516 -18.26693 15.60765
v -47.95583 -21.33456 11.38523
v -47.89258 -24.50074 7.125757
v -47.86576 -27.72125 2.859663
v -47.84351 -15.22322 15.79745
v -47.84712 -18.15247 11.45039
v -47.85252 -21.2197 7.144606
v -47.86004 -24.38918 2.862245
v -47.87002 -27.6119 -1.337683
v -47.63544 -15.12059 11.57728
v -47.74379 -18.04084 7.195764
v -47.81996 -21.10863 2.880311
v -47.86429 -24.27986 -1.334927
v -47.89065 -27.50322 -5.391028
v -47.28603 -12.28984 11.78242
v -47.53204 -15.01524 7.295391
v -47.18282 -12.19425 7.458442
v -47.71118 -17.9311 2.929348
v -47.88491 -24.17118 -5.388145
v -47.96148 -27.39625 -9.289504
v -47.82419 -20.99945 -1.315639
v -47.15007 -12.09115 3.182128
v -47.49934 -14.90809 3.024839
v -47.95573 -24.06416 -9.286854
v -48.12986 -27.29268 -13.03902
v -47.84477 -20.8908 -5.367964
v -47.71535 -17.8223 -1.263283
v -47.15392 -11.98429 -0.993244
v -47.50337 -14.80004 -1.161332
v -48.12408 -23.96044 -13.03727
v -48.44317 -27.19421 -16.64549
v -47.91549 -20.78344 -9.268303
v -47.73583 -17.71371 -5.313189
v -47.52367 -14.69157 -5.206526
v -47.17387 -11.87607 -5.030513
v -48.43733 -23.86168 -16.64562
v -48.94875 -27.10256 -20.11481
v -47.80628 -17.60546 -9.217958
v -48.08364 -20.67868 -13.02504
v -48.94286 -23.76956 -20.11797
v -49.69398 -27.01942 -23.45291
v -47.59361 -14.58157 -9.11992
v -46.65197 -9.319023 -4.767081
v -47.97387 -17.49788 -12.99182
v -48.39652 -20.57781 -16.64653
v -49.68811 -23.68589 -23.45989
v -50.72622 -26.94649 -26.66566
v -47.24289 -11.76342 -8.957036
v -46.71902 -9.203723 -8.707144
v -47.76011 -14.46849 -12.92715
v -48.28575 -17.3913 -16.64901
v -48.9016 -20.48241 -20.14011
v -50.72058 -23.61255 -26.67681
v -52.09283 -26.88549 -29.759
v -46.87883 -9.073176 -12.62765
v -47.4073 -11.64192 -12.81629
v -48.07004 -14.3508 -16.65382
v -48.78966 -17.28697 -20.20018
v -49.64706 -20.3951 -23.50887
v -52.08776 -23.55137 -29.77414
v -53.83741 -26.83957 -32.71745
v -47.17645 -8.919761 -16.59354
v -47.71348 -11.50714 -16.65177
v -48.57164 -14.2291 -20.31717
v -49.53561 -17.18977 -23.6418
v -50.68118 -20.31881 -26.75487
v -53.83331 -23.50563 -32.73603
v -55.98858 -26.81773 -35.44011
v -47.66142 -8.739753 -20.65732
v -48.21039 -11.35843 -20.49248
v -49.31859 -14.11262 -23.90065
v -50.5742 -17.10547 -26.96675
v -52.05229 -20.25644 -29.88016
v -55.98566 -23.48423 -35.46147
v -58.57117 -26.83047 -37.80468
v -58.56945 -23.4975 -37.82818
v -48.95753 -11.2103 -24.30963
v -50.36589 -14.01275 -27.37935
v -51.95602 -17.03988 -30.16793
v -53.80452 -20.21197 -32.86607
v -55.9652 -20.1936 -35.611
v -58.55746 -20.2106 -37.99265
v -48.40089 -8.545042 -24.82172
v -50.01758 -11.08217 -28.0556
v -49.47123 -8.360544 -29.04236
v -51.76854 -13.94087 -30.72834
v -53.7264 -16.99886 -33.21903
v -55.90967 -16.98872 -36.01687
v -58.52489 -17.01583 -38.43903
v -50.96724 -8.247728 -33.13623
v -51.45557 -10.99803 -31.66545
v -53.57428 -13.90658 -33.90639
v -55.80154 -13.91245 -36.80724
v -58.46147 -13.95928 -39.30833
v -53.32481 -10.97666 -35.06146
v -52.96002 -8.255727 -36.90505
v -52.48903 -5.805552 -39.75286
v -55.62946 -11.01149 -38.13202
v -58.36309 -11.0907 -40.75736
v -55.4069 -8.347791 -40.22807
v -55.16809 -5.995303 -43.38169
v -58.25035 -8.474758 -43.00647
v -45.97204 -5.503271 27.52345
v -46.6644 -5.350451 33.19213
v -44.5065 -4.014791 28.36448
v -44.96844 -3.868148 34.34451
v -42.68319 -2.942579 29.00313
v -42.45795 -2.976346 23.54876
v -44.15697 -4.081603 22.97635
v -42.2899 -2.967734 18.54839
v -43.92129 -4.090037 18.01217
v -42.18655 -2.924388 13.89021
v -43.77966 -4.055132 13.34901
v -42.13587 -2.854826 9.507612
v -43.70962 -3.988388 8.929945
v -42.12098 -2.767788 5.345309
v -43.68803 -3.900416 4.71454
v -42.12492 -2.672011 1.347999
v -43.69174 -3.80183 0.662344
v -42.13755 -2.573483 -2.550172
v -40.22778 -1.657555 -5.629909
v -40.19999 -1.756518 -1.756059
v -37.86657 -1.105088 -4.772742
v -40.18978 -1.850837 2.094278
v -37.84762 -1.196517 -0.935611
v -40.18569 -1.943339 6.031249
v -35.034 -0.8411633 -0.1273943
v -37.83966 -1.286111 2.865351
v -35.0279 -0.9256347 3.625402
v -40.19396 -2.029588 10.13013
v -37.83563 -1.374743 6.739788
v -35.02424 -1.0097 7.438351
v -40.2253 -2.10333 14.45746
v -37.83855 -1.45944 10.76967
v -35.02401 -1.091375 11.39832
v -40.29039 -2.158312 19.07981
v -37.85398 -1.536267 15.03006
v -35.02946 -1.168267 15.58689
v -40.39494 -2.188852 24.07019
v -37.88745 -1.601289 19.59603
v -35.04288 -1.237985 20.08567
v -37.94164 -1.650925 24.54593
v -35.06532 -1.298287 24.97766
v -40.5247 -2.191543 29.52754
v -35.09301 -1.347529 30.35141
v -38.0078 -1.683011 29.97137
v -42.94133 -2.857324 35.03921
v -35.12099 -1.384218 36.2969
v -38.07432 -1.695738 35.96724
v -40.65892 -2.163342 35.55785
v -45.40817 -3.582699 41.19445
v -35.14429 -1.406857 42.90409
v -38.12957 -1.687297 42.62846
v -43.16039 -2.704721 41.80316
v -40.77092 -2.100361 42.26941
v -47.83982 -3.821632 49.11632
v -35.15916 -1.423716 50.20581
v -38.16484 -1.666519 49.9908
v -40.83971 -2.011616 49.70631
v -43.27871 -2.489771 49.3618
v -45.5813 -3.118595 49.02611
v -50.04924 -3.580756 57.95869
v -35.16681 -1.482114 58.00623
v -47.83981 -3.163073 57.43478
v -50.04 -3.161063 66.0218
v -45.61965 -2.723809 57.31042
v -47.83982 -2.853007 65.75759
v -38.18295 -1.684805 57.85363
v -38.18962 -1.804195 65.95718
v -43.32338 -2.307628 57.44633
v -40.87303 -1.958584 57.65354
v -47.83981 -2.872167 73.94555
v -45.62892 -2.550313 65.6738
v -45.63025 -2.644634 73.90098
v -43.33756 -2.266364 65.72137
v -40.88502 -2.014657 65.8335
v -43.33959 -2.435546 73.92094
v -40.88673 -2.24841 73.97725
v -133.4397 -11.00539 75.26359
v -133.2907 -13.23056 72.18095
v -135.6369 -11.09569 76.8498
v -135.5099 -13.2956 73.90724
v -137.6365 -11.27154 78.64568
v -137.5432 -13.42227 75.87686
v -139.4053 -11.54913 80.68442
v -139.3622 -13.61952 78.14
v -137.4957 -15.89006 73.90429
v -139.3675 -16.01315 76.33566
v -135.4271 -15.81034 71.8036
v -133.1864 -15.76939 69.97358
v -137.4746 -18.6343 72.5884
v -139.391 -18.69858 75.13589
v -135.3761 -18.59258 70.39616
v -137.4636 -21.61134 71.79128
v -139.4084 -21.63845 74.40977
v -130.8022 -15.75431 68.35654
v -130.9183 -13.2066 70.64726
v -133.1178 -18.57115 68.4947
v -135.3459 -21.59373 69.5429
v -137.4579 -24.76527 71.38195
v -139.4174 -24.7733 74.0369
v -130.7246 -18.56325 66.8211
v -128.3028 -15.75216 66.89481
v -128.4252 -13.20317 69.2554
v -133.0765 -21.58469 67.59781
v -135.3304 -24.76005 69.10475
v -137.4559 -28.03712 71.23114
v -139.4207 -28.03812 73.89953
v -137.4556 -31.36794 71.2096
v -139.4212 -31.36794 73.87991
v -135.3238 -31.36794 68.92027
v -135.3247 -28.03647 68.94332
v -133.0463 -31.36794 66.94331
v -133.0474 -28.03613 66.96755
v -130.6432 -31.36794 65.21017
v -133.0552 -24.75737 67.13724
v -130.6444 -28.03601 65.23534
v -128.1348 -31.36794 63.65226
v -130.6534 -24.75638 65.41154
v -128.1361 -28.03599 63.6782
v -125.5424 -31.36794 62.21365
v -130.6775 -21.58136 65.88979
v -128.1455 -24.75624 63.85978
v -125.5438 -28.03599 62.24027
v -122.8915 -31.36794 60.88905
v -128.1711 -21.58089 64.35265
v -122.8929 -28.036 60.91628
v -120.2086 -31.36794 59.68581
v -125.5535 -24.75624 62.42662
v -128.2208 -18.56213 65.31245
v -120.21 -28.03599 59.71356
v -117.5201 -31.36794 58.61132
v -122.9029 -24.75625 61.10685
v -125.58 -21.58088 62.93245
v -125.6315 -18.56213 63.91748
v -117.5216 -28.03599 58.63949
v -114.8526 -31.36794 57.67291
v -122.93 -21.58089 61.62414
v -120.2202 -24.75625 59.90777
v -125.7164 -15.75216 65.54144
v -125.8431 -13.20317 67.96406
v -114.854 -28.03599 57.70142
v -112.2325 -31.36794 56.87797
v -122.9828 -18.56213 62.63149
v -123.0698 -15.75216 64.29224
v -123.1996 -13.20317 66.76979
v -120.2476 -21.58088 60.43491
v -117.5317 -24.75624 58.83668
v -112.2339 -28.03599 56.90669
v -109.6863 -31.36794 56.23386
v -120.3894 -15.75216 63.15381
v -120.5211 -13.20317 65.67851
v -120.3012 -18.56213 61.46143
v -117.5593 -21.58089 59.37193
v -114.8641 -24.75625 57.90092
v -109.6877 -28.03599 56.2627
v -107.2406 -31.36794 55.74792
v -117.7018 -15.75216 62.13268
v -117.8341 -13.20317 64.69624
v -117.6131 -18.56213 60.41425
v -114.8916 -21.58088 58.44242
v -112.2439 -24.75624 57.10777
v -107.2419 -28.03599 55.77676
v -104.9113 -31.36767 55.41539
v -115.0334 -15.75216 61.23542
v -115.1651 -13.20317 63.82891
v -114.9452 -18.56213 59.49692
v -112.271 -21.58089 57.65354
v -109.6974 -24.75624 56.46457
v -104.9126 -28.03572 55.44411
v -102.6727 -31.36576 55.1829
v -112.4108 -15.75216 60.46857
v -112.5405 -13.20317 63.08253
v -112.3238 -18.56213 58.71636
v -109.7239 -21.58089 57.0125
v -107.2513 -24.75624 55.97861
v -102.6739 -28.03381 55.21138
v -100.4887 -31.36056 54.9849
v -109.8603 -15.75216 59.83872
v -109.987 -13.20317 62.46305
v -109.7754 -18.56213 58.07954
v -104.9216 -24.75597 55.64511
v -107.2769 -21.58089 56.52649
v -100.4898 -28.02861 55.01309
v -98.32291 -31.35044 54.75587
v -107.4086 -15.75216 59.35239
v -107.531 -13.20317 61.97644
v -107.3266 -18.56213 57.59341
v -102.6824 -24.75406 55.41084
v -104.9459 -21.58062 56.19068
v -98.32395 -28.0185 54.78373
v -96.13924 -31.33376 54.43031
v -105.0717 -15.75188 59.00466
v -105.1885 -13.2029 61.61765
v -104.9934 -18.56185 57.2531
v -102.7054 -21.5787 55.95221
v -100.4977 -24.74886 55.21048
v -96.14021 -28.00182 54.45779
v -93.90149 -31.30888 53.94267
v -102.8241 -15.74997 58.74455
v -102.9343 -13.20099 61.33744
v -102.7502 -18.55994 57.00646
v -100.5192 -21.57351 55.74623
v -98.33124 -24.73874 54.97868
v -93.90234 -27.97694 53.96978
v -91.57343 -31.27416 53.22745
v -100.6298 -15.74477 58.5096
v -100.7326 -13.19579 61.07558
v -100.5609 -18.55474 56.78954
v -98.35101 -21.56339 55.50787
v -96.14684 -24.72207 54.65015
v -91.57417 -27.94221 53.2542
v -89.11884 -31.22795 52.2191
v -98.453 -15.73466 58.23731
v -98.54771 -13.18567 60.77179
v -98.38952 -18.54463 56.53837
v -96.16483 -21.54671 55.17226
v -93.90829 -24.69719 54.15952
v -89.11948 -27.89601 52.24556
v -86.51351 -31.16878 50.87731
v -96.25765 -15.71798 57.86523
v -96.34386 -13.169 60.36585
v -96.19986 -18.52795 56.18899
v -93.92447 -21.52184 54.67453
v -91.57944 -24.66247 53.44148
v -86.51407 -27.83683 50.90352
v -83.78121 -31.09577 49.2625
v -94.00787 -15.6931 57.33088
v -94.08533 -13.14412 59.79749
v -93.95596 -18.50307 55.67744
v -91.59379 -21.48711 53.94982
v -89.12411 -24.61626 52.43071
v -83.78168 -27.76382 49.28854
v -80.95763 -31.00821 47.46032
v -91.66773 -15.65838 56.57177
v -91.73638 -13.10939 59.00644
v -91.6217 -18.46835 54.93974
v -89.13663 -21.44091 52.93327
v -86.51804 -24.55709 51.08701
v -80.95802 -27.67626 47.48624
v -78.07851 -30.9054 45.5564
v -89.20131 -15.61217 55.52545
v -89.26134 -13.06319 57.93248
v -89.16104 -18.42214 53.91195
v -83.78506 -24.48407 49.47081
v -86.52886 -21.38173 51.58506
v -78.07884 -27.57345 45.58223
v -75.17958 -30.7866 43.63636
v -86.58462 -15.553 54.15393
v -86.63635 -13.00401 56.53932
v -86.54991 -18.36297 52.55494
v -83.79424 -21.30872 49.96552
v -80.96085 -24.39651 47.66764
v -75.17984 -27.45465 43.66215
v -72.29659 -30.65113 41.78584
v -83.8415 -15.47999 52.5172
v -83.88541 -12.931 54.88663
v -83.81208 -18.28996 50.92891
v -80.96847 -21.22116 48.16004
v -78.08113 -24.2937 45.7631
v -72.29677 -27.31918 41.81161
v -69.46521 -30.49826 40.09047
v -81.00782 -15.39243 50.69976
v -81.04436 -12.84344 53.05806
v -80.98334 -18.2024 49.11892
v -78.08733 -21.11834 46.25401
v -75.18166 -24.1749 43.84271
v -69.46534 -27.16631 40.11624
v -66.72119 -30.32728 38.63588
v -78.11936 -15.28961 48.78607
v -78.1491 -12.74063 51.13728
v -78.09942 -18.09958 47.20999
v -75.18658 -20.99955 44.3328
v -72.29815 -24.03943 41.99205
v -66.7213 -26.99533 38.66166
v -64.09748 -30.13837 37.47419
v -75.21194 -15.17082 46.86064
v -75.2355 -12.62184 49.20791
v -75.19615 -17.98079 45.28719
v -72.30193 -20.86408 42.48181
v -69.46636 -23.88656 40.29667
v -64.09753 -26.80641 37.49997
v -61.61578 -29.93528 36.52349
v -72.32137 -15.03534 45.00793
v -72.33941 -12.48636 47.35363
v -72.30927 -17.84531 43.43555
v -69.46915 -20.7112 40.78641
v -66.72202 -23.71558 38.84213
v -61.6157 -26.60327 36.54919
v -59.29503 -29.72266 35.66836
v -69.48347 -14.88247 43.31245
v -69.49676 -12.33349 45.65805
v -69.47456 -17.69244 41.74012
v -66.72397 -20.54023 39.332
v -64.09792 -23.5266 37.6804
v -59.29465 -26.39048 35.69384
v -57.15415 -29.50515 34.79337
v -66.73405 -14.71149 41.85868
v -66.74341 -12.16251 44.20488
v -66.72777 -17.52146 40.28594
v -61.61517 -23.32302 36.72908
v -64.09893 -20.35108 38.17016
v -57.15321 -26.17264 34.81841
v -55.21206 -29.28739 33.7831
v -64.10427 -14.52152 40.69638
v -64.1095 -11.97198 43.04263
v -64.10094 -17.33199 39.12391
v -61.61374 -20.14633 37.21736
v -59.29201 -23.10906 35.87218
v -55.21025 -25.95437 33.8074
v -53.48771 -29.07402 32.52212
v -61.60666 -14.31097 39.73647
v -61.60228 -11.75757 42.07952
v -61.61093 -17.12496 38.16821
v -59.28485 -19.92919 36.35625
v -57.14662 -22.88894 34.9937
v -53.48485 -25.74045 32.54524
v -52.00001 -28.8697 30.89501
v -51.9961 -25.53567 30.91633
v -59.2491 -14.0781 38.85516
v -59.22325 -11.51418 41.18865
v -59.2709 -16.90162 37.2989
v -57.12875 -19.70288 35.46949
v -55.19758 -22.66716 33.97754
v -53.46485 -22.44934 32.70708
v -51.96879 -22.24136 31.06558
v -57.03947 -13.82116 37.92865
v -56.97392 -11.23677 40.24314
v -57.09397 -16.66325 36.39602
v -55.16316 -19.47154 34.43933
v -53.41055 -19.24313 33.14635
v -51.89467 -19.02648 31.47069
v -55.09613 -16.41333 35.33862
v -54.99062 -13.54231 36.83094
v -54.86069 -10.92424 39.11064
v -53.30481 -16.16428 34.00179
v -51.7503 -15.93075 32.25959
v -53.13536 -13.25937 35.42722
v -51.51297 -12.99527 33.57932
v -52.9095 -10.59141 37.63696
v -51.16259 -10.26665 35.65334
v -52.65127 -8.236583 40.87613
v -50.70036 -7.808498 38.77512
v -138.4834 -13.2956 135.3157
v -138.603 -15.81033 137.426
v -136.4855 -13.23056 136.3319
v -136.6007 -15.76939 138.5413
v -134.3064 -13.2066 137.1175
v -138.6872 -18.59258 138.8395
v -134.4239 -15.75431 139.4085
v -131.9747 -13.20317 137.7382
v -136.6792 -18.57115 140.0219
v -138.739 -21.59373 139.6967
v -132.0971 -15.75216 140.0988
v -129.5187 -13.20317 138.2469
v -134.5027 -18.56326 140.9441
v -136.7269 -21.58469 140.92
v -138.7655 -24.76005 140.1368
v -129.6454 -15.75216 140.6695
v -126.9651 -13.20317 138.6454
v -132.1791 -18.56213 141.6811
v -134.5506 -21.58136 141.8756
v -136.7514 -24.75737 141.3812
v -138.7753 -28.03647 140.299
v -127.0949 -15.75216 141.1229
v -124.3406 -13.20317 138.9226
v -129.7303 -18.56213 142.2935
v -132.2289 -21.58089 142.641
v -134.5752 -24.75638 142.3539
v -136.7605 -28.03614 141.5511
v -138.7767 -31.36794 140.3222
v -136.7618 -31.36794 141.5754
v -134.5842 -28.03601 142.5302
v -134.5855 -31.36794 142.5553
v -124.4723 -15.75216 141.4473
v -121.6716 -13.20317 139.0675
v -127.1819 -18.56213 142.7837
v -132.2544 -24.75624 143.1338
v -132.2638 -28.03599 143.3154
v -132.2651 -31.36794 143.3414
v -129.7818 -21.58089 143.2785
v -121.8039 -15.75216 141.631
v -118.9846 -13.20317 139.069
v -129.8083 -24.75624 143.7844
v -129.818 -28.03599 143.9707
v -129.8194 -31.36794 143.9973
v -124.5605 -18.56213 143.1397
v -127.2347 -21.58089 143.791
v -119.1163 -15.75216 141.6625
v -116.3061 -13.20317 138.916
v -127.2618 -24.75624 144.3083
v -127.2718 -28.03599 144.4989
v -127.2732 -31.36794 144.5261
v -121.8926 -18.56213 143.3494
v -124.6141 -21.58088 144.1662
v -116.4359 -15.75216 141.53
v -113.6625 -13.20317 138.5977
v -124.6416 -24.75625 144.6933
v -124.6517 -28.03599 144.8875
v -124.6531 -31.36794 144.9153
v -119.2045 -18.56213 143.401
v -121.9464 -21.58089 144.3918
v -113.7893 -15.75216 141.222
v -111.0805 -13.20317 138.1028
v -121.974 -24.75624 144.927
v -121.9841 -28.03599 145.1242
v -121.9856 -31.36794 145.1524
v -116.5229 -18.56213 143.2822
v -119.2581 -21.58088 144.4555
v -111.2028 -15.75216 140.7269
v -108.577 -13.2029 137.4229
v -119.2856 -24.75625 144.997
v -119.2957 -28.03599 145.1965
v -119.2971 -31.36794 145.225
v -113.8742 -18.56213 142.9812
v -116.5757 -21.58089 144.345
v -108.6938 -15.75188 140.0359
v -106.1316 -13.20099 136.5597
v -116.6028 -24.75625 144.8908
v -116.6128 -28.036 145.0919
v -116.6142 -31.36794 145.1206
v -113.9257 -21.58088 144.0482
v -111.2849 -18.56213 142.4858
v -106.2418 -15.74997 139.1526
v -103.7143 -13.19579 135.5172
v -113.9521 -24.75624 144.5962
v -113.9619 -28.03599 144.798
v -113.9633 -31.36794 144.8269
v -111.3346 -21.58089 143.5528
v -108.7721 -18.56185 141.7875
v -103.817 -15.74477 138.0832
v -101.2952 -13.18567 134.2997
v -111.3696 -28.03599 144.3025
v -111.3709 -31.36794 144.3313
v -111.3602 -24.75624 144.1006
v -106.3156 -18.55994 140.8907
v -108.8196 -21.58061 142.8499
v -101.3899 -15.73466 136.8342
v -98.84447 -13.169 132.9113
v -108.8529 -28.03572 143.5965
v -108.8542 -31.36767 143.6252
v -108.844 -24.75597 143.3955
v -103.8859 -18.55474 139.8032
v -106.3605 -21.5787 141.9449
v -98.93066 -15.71798 135.4119
v -96.33215 -13.14412 131.3562
v -106.3919 -28.0338 142.6857
v -106.3932 -31.36575 142.7142
v -106.3835 -24.75406 142.4863
v -101.4534 -18.54463 138.5331
v -103.9277 -21.5735 140.8465
v -96.4096 -15.6931 133.8228
v -93.72836 -13.10939 129.6386
v -103.9571 -28.02861 141.5797
v -103.9582 -31.36056 141.6079
v -103.9492 -24.74886 141.3823
v -98.98846 -18.52795 137.0882
v -101.4919 -21.56339 139.5636
v -93.79703 -15.65838 132.0733
v -91.00315 -13.06319 127.7626
v -101.519 -28.01849 140.2878
v -101.52 -31.35044 140.3156
v -101.5117 -24.73874 140.0928
v -96.46152 -18.50307 135.4763
v -99.02349 -21.54671 138.1049
v -91.06318 -15.61217 130.1696
v -88.13792 -13.00401 125.7417
v -99.04811 -28.00182 138.8194
v -99.04907 -31.33376 138.8468
v -99.0415 -24.72207 138.627
v -93.84306 -18.46835 133.7053
v -96.49303 -21.52183 136.4792
v -88.18967 -15.553 128.127
v -85.15911 -12.931 123.626
v -96.51515 -27.97694 137.1839
v -96.51599 -31.30889 137.211
v -96.50919 -24.69719 136.9942
v -93.87097 -21.48711 134.6952
v -91.10343 -18.42214 131.7831
v -85.203 -15.47999 125.9954
v -82.10447 -12.84344 121.4749
v -93.89057 -27.94221 135.3909
v -93.89133 -31.27416 135.4176
v -93.8853 -24.66246 135.2036
v -88.22437 -18.36297 129.726
v -91.12785 -21.4409 132.7618
v -82.14102 -15.39243 123.8332
v -79.01176 -12.74063 119.348
v -91.145 -27.89601 133.4495
v -91.14566 -31.22796 133.476
v -91.14039 -24.61626 133.2644
v -85.23245 -18.28996 127.5837
v -88.24541 -21.38173 130.6959
v -79.04151 -15.28961 121.6992
v -75.91872 -12.62184 117.3047
v -88.26022 -27.83683 131.3775
v -88.26077 -31.16878 131.4037
v -88.25623 -24.55709 131.194
v -82.1655 -18.2024 125.4141
v -85.25029 -21.30872 128.547
v -75.94227 -15.17082 119.652
v -72.86308 -12.48636 115.4043
v -85.26285 -27.76382 129.224
v -85.26332 -31.09577 129.2501
v -85.25946 -24.48407 129.0418
v -79.06144 -18.09958 123.2753
v -82.18037 -21.22116 126.373
v -72.88113 -15.03534 117.75
v -69.88257 -12.33349 113.7065
v -82.19082 -27.67626 127.0468
v -82.19121 -31.00821 127.0727
v -82.188 -24.39652 126.8653
v -75.95805 -17.98079 121.2254
v -79.07352 -21.11834 124.2313
v -69.89587 -14.88247 116.0521
v -67.01497 -12.16251 112.2704
v -79.08203 -27.57345 124.9031
v -79.08236 -30.9054 124.9289
v -79.07974 -24.2937 124.7222
v -72.89323 -17.84531 119.3224
v -75.96764 -20.99955 122.1798
v -67.02433 -14.71149 114.6166
v -64.28856 -11.9737 111.1391
v -75.97435 -27.45465 122.8505
v -75.97462 -30.7866 122.8763
v -75.97255 -24.17491 122.6699
v -69.90479 -17.69244 117.6244
v -72.90057 -20.86408 120.2762
v -64.29484 -14.52268 113.4859
v -61.69396 -11.77127 110.289
v -72.90572 -27.31918 120.9464
v -72.90591 -30.65113 120.9722
v -72.90434 -24.03943 120.7659
v -69.9102 -20.7112 118.5781
v -67.03059 -17.52147 116.1894
v -61.69791 -14.32026 112.6362
v -59.21234 -11.56045 109.6798
v -69.914 -27.16631 119.2483
v -69.91414 -30.49826 119.274
v -69.91298 -23.88656 119.0678
v -64.29905 -17.33265 115.059
v -67.03441 -20.54023 117.1433
v -59.21462 -14.10943 112.0273
v -56.82485 -11.34644 109.2715
v -67.03708 -26.99533 117.8137
v -67.03719 -30.32728 117.8394
v -67.03636 -23.71558 117.6332
v -61.70056 -17.13023 114.2096
v -64.30158 -20.35141 116.0132
v -56.82603 -13.89542 111.6192
v -54.51269 -11.13445 109.0238
v -64.30338 -26.80652 116.6837
v -64.30345 -30.13847 116.7095
v -64.30289 -23.52676 116.5032
v -59.21616 -16.9194 113.6009
v -61.70217 -20.14899 115.1639
v -54.51319 -13.68343 111.3716
v -52.25702 -10.92969 108.8966
v -61.70329 -26.60409 115.8346
v -61.70334 -29.93604 115.8604
v -61.70299 -23.32434 115.654
v -56.82682 -16.70539 113.1929
v -59.21708 -19.93816 114.5554
v -52.25717 -13.47867 111.2445
v -50.03901 -10.73737 108.8497
v -59.21773 -26.39327 115.2261
v -59.21776 -29.72522 115.2519
v -59.21757 -23.11352 115.0456
v -54.51352 -16.4934 112.9455
v -56.82729 -19.72415 114.1475
v -50.03902 -13.28636 111.1977
v -47.83981 -10.56271 108.8431
v -56.82763 -26.17925 114.8183
v -56.82764 -29.5112 114.8441
v -56.82754 -22.89951 114.6377
v -52.25726 -16.28864 112.8184
v -54.51372 -19.51216 113.9001
v -47.83982 -13.11169 111.191
v -45.63025 -10.40938 108.843
v -54.51387 -25.96726 114.5709
v -54.51387 -29.29922 114.5967
v -54.51382 -22.68752 114.3903
v -50.03904 -16.09633 112.7716
v -52.25733 -19.3074 113.773
v -45.63025 -12.95836 111.191
v -43.33959 -10.27492 108.8431
v -52.25737 -25.76251 114.4439
v -52.25737 -29.09446 114.4697
v -52.25736 -22.48276 114.2633
v -50.03904 -19.11509 113.7262
v -47.83981 -15.92167 112.7649
v -43.33959 -12.8239 111.191
v -40.88673 -10.15534 108.843
v -50.03905 -25.57019 114.3971
v -50.03905 -28.90214 114.4229
v -50.03905 -22.29044 114.2165
v -47.83982 -18.94043 113.7195
v -45.63026 -15.76834 112.7649
v -40.88673 -12.70432 111.191
v -38.19057 -10.04664 108.8431
v -47.83981 -25.39553 114.3904
v -47.83982 -28.72748 114.4162
v -47.83982 -22.11578 114.2098
v -43.33959 -15.63387 112.7649
v -45.63025 -18.7871 113.7195
v -38.19057 -12.59562 111.191
v -35.17002 -9.944835 108.843
v -45.63025 -25.2422 114.3904
v -45.63025 -28.57414 114.4162
v -45.63025 -21.96245 114.2098
v -40.88673 -15.51429 112.7649
v -43.33959 -18.65264 113.7195
v -35.17002 -12.49382 111.191
v -31.74397 -9.845929 108.8431
v -43.33959 -25.10774 114.3904
v -43.33959 -28.43968 114.4162
v -43.33959 -21.82799 114.2098
v -38.19057 -15.4056 112.7649
v -40.88673 -18.53305 113.7195
v -31.74397 -12.39491 111.191
v -27.83134 -9.74593 108.843
v -40.88673 -24.98816 114.3904
v -40.88673 -28.3201 114.4162
v -40.88673 -21.70841 114.2098
v -35.17002 -15.30379 112.7649
v -38.19057 -18.42436 113.7195
v -27.83134 -12.29491 111.191
v -23.35102 -9.640842 108.8431
v -38.19057 -24.87946 114.3904
v -38.19057 -28.21141 114.4162
v -38.19057 -21.59971 114.2098
v -31.74398 -15.20488 112.7649
v -35.17002 -18.32255 113.7196
v -23.35102 -12.18983 111.191
v -18.27534 -9.531472 108.8205
v -35.17002 -24.77765 114.3904
v -35.17002 -28.1096 114.4162
v -35.17002 -21.49791 114.2098
v -27.83134 -15.10488 112.7649
v -31.74397 -18.22365 113.7195
v -18.27289 -12.07914 111.1671
v -12.7904 -9.437815 108.6629
v -31.74397 -24.67875 114.3904
v -31.74397 -28.01069 114.4162
v -31.74398 -21.399 114.2098
v -27.83134 -18.12365 113.7195
v -23.35102 -14.9998 112.7649
v -12.77076 -11.97626 110.9996
v -7.135712 -9.38466 108.2351
v -27.83134 -24.57875 114.3904
v -27.83134 -27.9107 114.4162
v -27.83134 -21.299 114.2098
v -18.27066 -14.88804 112.74
v -23.35102 -18.01856 113.7195
v -7.069441 -11.89808 110.545
v -1.550805 -9.3968 107.402
v -23.35102 -24.47366 114.3904
v -23.35102 -27.80561 114.4162
v -23.35102 -21.19391 114.2098
v -12.753 -14.77767 112.5661
v -18.26922 -17.90612 113.6941
v -1.393719 -11.8615 109.6596
v 3.739594 -9.48715 106.0354
v -18.26821 -24.36075 114.3646
v -18.26817 -27.69267 114.3904
v -18.26848 -21.08113 114.1841
v -7.009481 -14.67915 112.094
v -12.74146 -17.79099 113.5164
v 4.043822 -11.87479 108.2016
v 8.569955 -9.621118 104.0351
v -12.73336 -24.24227 114.1841
v -12.73305 -27.57407 114.2098
v -12.73554 -20.96355 114.0043
v -1.251589 -14.60294 111.1748
v -6.97056 -17.67954 113.0338
v 9.079453 -11.91188 106.0354
v 12.79696 -9.743653 101.2916
v -6.943209 -24.12173 113.6941
v -6.942156 -27.45319 113.7195
v -6.950575 -20.84546 113.5164
v 4.315972 -14.55488 109.6596
v -1.159332 -17.57816 112.094
v 13.56258 -11.93702 103.0251
v 16.30697 -9.7654 97.63248
v 17.34634 -11.91014 99.02664
v -1.094502 -24.00267 112.74
v -1.092008 -27.33344 112.7649
v -1.111956 -20.73116 112.5661
v 9.515571 -14.5222 107.402
v 14.17635 -14.4875 104.2557
v 18.12744 -14.43339 100.0744
v 4.492249 -17.49128 110.545
v 4.616123 -23.88851 111.1671
v 4.620886 -27.21824 111.191
v 4.582771 -20.62435 110.9996
v 9.79564 -17.41549 108.2351
v 14.56515 -17.3454 105.0133
v 18.61509 -17.27566 100.7285
v 9.93946 -20.52641 108.6629
v 9.992448 -23.78242 108.8205
v 10.00002 -27.11098 108.8431
v 14.76481 -20.43815 105.4025
v 18.86551 -20.36038 101.0644
v 14.83837 -23.68747 105.5458
v 14.84887 -27.01507 105.5663
v 18.95777 -23.60674 101.1881
v 18.97095 -26.93392 101.2058
v -286.1473 -37.0062 80.24236
v -281.4088 -37.0062 83.78764
v -281.4088 -33.67427 83.73454
v -286.1472 -33.67439 80.19169
v -281.4092 -30.39464 83.36288
v -290.5904 -37.0062 75.98411
v -286.1464 -30.39563 79.83707
v -281.4102 -27.21962 82.35409
v -290.5899 -33.67472 75.93655
v -294.6993 -37.0062 70.97488
v -286.1443 -27.22296 78.8745
v -281.4122 -24.20151 80.3896
v -286.1404 -24.20941 77.00005
v -290.5861 -30.39831 75.6037
v -294.698 -33.67538 70.93124
v -298.4353 -37.0062 65.17663
v -290.5759 -27.23199 74.70025
v -294.6884 -30.40352 70.62582
v -298.4326 -33.67638 65.13779
v -301.7595 -37.0062 58.55136
v -290.5559 -24.23084 72.94091
v -286.1344 -21.40765 73.90916
v -290.5256 -21.44859 70.03844
v -294.6623 -27.2496 69.79684
v -294.6116 -24.27256 68.18253
v -294.5338 -21.52832 65.51652
v -298.4138 -30.41156 64.8659
v -301.7551 -33.67749 58.51796
v -304.633 -37.0062 51.06105
v -298.3629 -27.27671 64.1279
v -298.2638 -24.33684 62.69075
v -301.725 -30.42044 58.2841
v -304.627 -33.67839 51.03342
v -307.0172 -37.0062 42.66766
v -301.6435 -27.30669 57.64934
v -298.111 -21.65141 60.31401
v -294.4491 -19.06054 61.51432
v -297.9414 -19.25778 56.72768
v -304.5851 -30.42763 50.84005
v -307.0097 -33.67876 42.64588
v -308.8797 -37.0062 33.37872
v -301.4846 -24.40788 56.41323
v -301.2374 -21.789 54.37193
v -300.9494 -19.48821 51.30799
v -304.4714 -27.33095 50.31517
v -308.871 -33.67841 33.36259
v -310.2138 -37.0062 23.38391
v -306.957 -30.43059 42.49336
v -304.2499 -24.4654 49.29304
v -303.9004 -21.90285 47.62048
v -310.2043 -33.67764 23.37325
v -311.0195 -37.0062 12.91846
v -308.8099 -30.42776 33.24967
v -306.8141 -27.34094 42.0794
v -311.0095 -33.67686 12.91316
v -311.2966 -37.0062 2.217593
v -306.5357 -24.48908 41.27327
v -303.4648 -19.69442 45.19457
v -300.6938 -17.53366 46.97118
v -303.0274 -17.88231 41.87531
v -310.1374 -30.42156 23.29867
v -308.6442 -27.33142 32.94318
v -311.2865 -33.67651 2.217588
v -311.0451 -37.0062 -8.483456
v -306.0898 -21.95047 39.9763
v -305.4966 -19.78529 38.21807
v -308.3216 -24.46653 32.34634
v -309.956 -27.31049 23.09622
v -310.9392 -30.41537 12.87606
v -311.035 -33.67686 -8.478162
v -310.2647 -37.0062 -18.94946
v -307.7976 -21.905 31.4067
v -304.8063 -18.05991 36.11836
v -302.8083 -16.48709 37.21111
v -304.2067 -16.96232 34.25203
v -309.6026 -24.41691 22.70199
v -310.7485 -27.28956 12.77538
v -311.2151 -30.41255 2.217562
v -310.2551 -33.67764 -18.93881
v -308.9554 -37.0062 -28.94519
v -306.0912 -17.88706 29.14896
v -304.8077 -16.49306 28.9264
v -310.9647 -30.41537 -8.441119
v -311.0213 -27.28005 2.217495
v -310.3771 -24.36729 12.5793
v -308.9467 -33.67841 -28.92907
v -307.117 -37.0062 -38.23543
v -310.1882 -30.42156 -18.86428
v -310.7738 -27.28956 -8.340568
v -307.1094 -33.67876 -38.21365
v -304.7559 -37.0062 -46.63047
v -308.8854 -30.42777 -28.8162
v -304.7498 -33.67839 -46.60286
v -301.9042 -37.0062 -54.12278
v -309.0229 -21.80624 22.09534
v -310.644 -24.34473 2.217362
v -310.0063 -27.31049 -18.66195
v -307.0564 -30.43059 -38.06117
v -301.8997 -33.67749 -54.08937
v -298.6005 -37.0062 -60.75035
v -307.0594 -19.69785 30.24929
v -308.1743 -19.5156 21.42886
v -308.7191 -27.33142 -28.50982
v -304.7075 -30.42763 -46.4095
v -298.5977 -33.67638 -60.7115
v -294.8835 -37.0062 -66.55118
v -294.882 -33.67538 -66.50755
v -301.8691 -30.42044 -53.85554
v -298.5782 -30.41156 -60.43963
v -294.8716 -30.40352 -66.20214
v -306.9126 -27.34094 -37.64731
v -304.5925 -27.33095 -45.8847
v -301.786 -27.30669 -53.22083
v -298.5255 -27.27671 -59.70167
v -294.8434 -27.2496 -65.3732
v -298.4227 -24.33684 -58.26459
v -294.7884 -24.27256 -63.7589
v -301.6241 -24.40788 -51.98484
v -304.3687 -24.4654 -44.86272
v -306.6325 -24.48908 -36.84137
v -308.3953 -24.46653 -27.91319
v -298.2638 -21.65141 -55.88796
v -294.7035 -21.52831 -61.09296
v -301.3719 -21.789 -49.9437
v -304.0154 -21.90284 -43.1904
v -306.1838 -21.95047 -35.5447
v -301.0764 -19.48821 -46.87996
v -298.085 -19.25778 -52.30175
v -303.5742 -19.69442 -40.76482
v -309.6522 -24.41691 -18.26797
v -307.8694 -21.905 -26.97393
v -305.5868 -19.78529 -33.78689
v -303.1287 -17.8823 -37.44586
v -300.8099 -17.53366 -42.54333
v -304.8919 -18.05991 -31.68766
v -307.1288 -19.69785 -25.81703
v -309.0714 -21.80624 -17.66172
v -310.402 -24.36729 -8.144755
v -304.288 -16.96232 -29.82175
v -302.898 -16.48709 -32.78181
v -304.8753 -16.49305 -24.49571
v -306.1586 -17.88706 -24.71738
v -305.5051 -15.98775 -16.61807
v -307.0571 -17.57168 -16.50989
v -305.9453 -15.63093 -7.497159
v -309.7899 -21.70959 -7.848168
v -308.2216 -19.5156 -16.99584
v -307.6196 -17.31571 -7.382284
v -306.1011 -15.49821 2.215783
v -308.8813 -19.35021 -7.550288
v -307.8096 -17.21397 2.216378
v -305.9208 -15.63093 11.92861
v -310.0222 -21.66623 2.217148
v -309.097 -19.27964 2.216827
v -307.5958 -17.31571 11.8149
v -305.4575 -15.98775 21.04921
v -309.7656 -21.70959 12.2823
v -308.8574 -19.35021 11.98378
v -307.0105 -17.57168 20.94211
v -281.4122 -24.20151 80.3896
v -281.4102 -27.21962 82.35409
v -276.4188 -24.20039 83.13914
v -276.4159 -27.21915 85.17348
v -271.2088 -24.20038 85.27382
v -281.4092 -30.39464 83.36288
v -271.2058 -27.21914 87.36183
v -265.8363 -24.20038 86.80073
v -276.4144 -30.3945 86.21814
v -281.4088 -33.67427 83.73454
v -265.8332 -27.21914 88.92699
v -260.356 -24.20039 87.7225
v -276.4138 -33.67425 86.60301
v -281.4088 -37.0062 83.78764
v -276.4138 -37.0062 86.658
v -271.2043 -30.3945 88.43406
v -271.2037 -33.67425 88.82908
v -271.2037 -37.0062 88.88553
v -260.353 -27.21914 89.87149
v -254.8235 -24.20038 88.04175
v -265.8316 -30.3945 90.01885
v -265.831 -33.67425 90.42113
v -265.8309 -37.0062 90.4786
v -254.8204 -27.21915 90.19787
v -249.2936 -24.20039 87.76107
v -260.3514 -30.3945 90.97504
v -260.3508 -33.67425 91.3816
v -260.3507 -37.0062 91.43968
v -249.2906 -27.21914 89.90864
v -243.8216 -24.20039 86.8831
v -254.8189 -30.3945 91.30507
v -254.8183 -33.67425 91.71297
v -254.8182 -37.0062 91.77126
v -249.2891 -30.3945 91.01144
v -249.2885 -33.67425 91.41774
v -249.2884 -37.0062 91.47578
v -243.8187 -27.21915 89.00632
v -243.8173 -30.3945 90.09664
v -243.8167 -33.67425 90.49832
v -243.8166 -37.0062 90.55571
v -238.458 -33.67425 88.95721
v -238.4579 -37.0062 89.01351
v -238.4585 -30.3945 88.56314
v -238.4599 -27.21914 87.49348
v -238.4626 -24.20039 85.41048
v -233.2675 -33.67425 86.79689
v -233.2674 -37.0062 86.85168
v -233.2679 -30.3945 86.41344
v -238.4671 -21.39042 81.97632
v -243.8264 -21.39041 83.38267
v -233.2758 -21.39041 80.0042
v -233.2717 -24.20039 83.34578
v -228.2952 -21.38976 77.49133
v -233.2692 -27.21915 85.37261
v -228.2915 -24.19973 80.715
v -223.5179 -21.38516 74.55158
v -228.2894 -27.21849 82.67034
v -223.5148 -24.19514 77.63768
v -218.9241 -21.3727 71.32104
v -228.2882 -30.39384 83.67443
v -218.9217 -24.18266 74.25669
v -214.4941 -21.34842 67.93586
v -223.513 -27.2139 79.50957
v -228.2878 -33.6736 84.04436
v -228.2878 -37.00554 84.09721
v -214.4923 -24.15839 70.71491
v -210.2079 -21.30839 64.53213
v -218.9202 -27.20143 76.03732
v -223.5121 -30.38925 80.47083
v -223.5117 -33.669 80.82497
v -223.5117 -37.00095 80.87556
v -210.2068 -24.11836 67.15527
v -206.0459 -21.24868 61.24598
v -214.4912 -27.17715 72.40057
v -218.9195 -30.37678 76.95171
v -218.9192 -33.65653 77.28858
v -218.9192 -36.98848 77.33671
v -206.0454 -24.05865 63.72059
v -201.9881 -21.16535 58.21349
v -210.2062 -27.13712 68.74634
v -214.4907 -30.35251 73.26619
v -214.4905 -33.63226 73.5851
v -214.4905 -36.9642 73.63065
v -210.2058 -30.31248 69.56338
v -210.2057 -33.59222 69.8644
v -210.2057 -36.92418 69.90739
v -206.0452 -27.07741 65.2216
v -206.045 -30.25277 65.99239
v -206.045 -33.53252 66.27637
v -206.045 -36.86446 66.31693
v -201.9882 -23.97532 60.55383
v -201.9883 -26.99408 61.97338
v -201.9883 -30.16943 62.70234
v -201.9883 -33.44918 62.9709
v -201.9884 -36.78113 63.00927
v -198.0161 -33.33828 60.09787
v -198.0161 -36.67024 60.13438
v -198.016 -30.05854 59.84231
v -198.0158 -26.88318 59.14865
v -198.0155 -23.86443 57.79784
v -198.0149 -21.05445 55.57082
v -194.1089 -33.19721 57.75318
v -194.1089 -36.52916 57.78826
v -194.1088 -29.91747 57.50763
v -194.1085 -26.74211 56.84115
v -198.014 -18.50547 52.24854
v -201.988 -18.61637 54.72218
v -194.1056 -18.36439 50.21132
v -194.107 -20.91338 53.40347
v -190.2467 -18.19575 48.49617
v -194.1079 -23.72335 55.54325
v -190.2482 -20.74474 51.59462
v -186.4222 -18.0035 46.94059
v -190.2492 -23.55471 53.67161
v -186.4229 -20.55248 49.9769
v -182.6166 -17.79155 45.38216
v -190.2497 -26.57347 54.93142
v -182.6154 -20.34054 48.38292
v -178.8146 -17.56386 43.65844
v -186.4234 -23.36245 52.01223
v -190.25 -29.74883 55.57836
v -178.8104 -20.11284 46.64528
v -175.001 -17.32436 41.60694
v -182.6148 -23.15051 50.39442
v -186.4236 -26.38121 53.24678
v -190.2502 -33.02858 55.81669
v -190.2502 -36.36052 55.85075
v -174.9919 -19.87334 44.59659
v -171.1605 -17.07698 39.06524
v -178.8075 -22.92281 48.64746
v -182.6143 -26.16927 51.61451
v -186.4238 -29.55657 53.88074
v -186.4238 -32.83632 54.1143
v -186.4239 -36.16826 54.14767
v -171.1447 -19.62596 42.06945
v -167.2778 -16.82567 35.87087
v -174.9859 -22.68331 46.60064
v -178.8058 -25.94158 49.86189
v -182.6141 -29.34463 52.24104
v -182.614 -32.62437 52.47187
v -182.614 -35.95632 52.50484
v -167.2529 -19.37465 38.89648
v -163.3318 -16.57232 31.90805
v -171.1341 -22.43593 44.08327
v -174.9822 -25.70207 47.81621
v -178.8049 -29.11693 50.48552
v -178.8046 -32.39668 50.71527
v -178.8046 -35.72863 50.7481
v -163.2956 -19.1213 34.9573
v -159.279 -16.31074 27.24768
v -167.2363 -22.18462 40.92464
v -171.1277 -25.4547 45.30476
v -174.9803 -28.87743 48.44042
v -174.9796 -32.15718 48.67039
v -174.9796 -35.48913 48.70325
v -159.2297 -18.85972 30.31963
v -155.0699 -16.03267 22.00734
v -163.2713 -21.93128 37.0013
v -171.1243 -28.63005 45.93201
v -171.1231 -31.9098 46.16311
v -171.1229 -35.24175 46.19612
v -167.2262 -25.20338 42.15483
v -155.0068 -18.58166 25.09822
v -150.655 -15.72989 16.30458
v -167.2191 -31.65849 43.01929
v -167.2188 -34.99044 43.05254
v -167.2209 -28.37873 42.78655
v -159.1967 -21.66969 32.37885
v -163.2566 -24.95004 38.24111
v -150.5783 -18.27888 19.40779
v -145.9851 -15.39415 10.25697
v -163.2462 -31.40514 39.11232
v -163.2458 -34.73709 39.14583
v -163.249 -28.12539 38.87776
v -154.9645 -21.39163 27.17012
v -159.1767 -24.68845 33.62788
v -145.8958 -17.94314 13.36309
v -141.0107 -15.01721 3.982086
v -159.1626 -31.14356 34.50558
v -159.1621 -34.47551 34.53933
v -159.1664 -27.86381 34.26927
v -150.5269 -21.08885 21.48796
v -154.9389 -24.41039 28.42685
v -140.9108 -17.5662 7.07886
v -135.6824 -14.59084 -2.402516
v -154.9209 -30.8655 29.30996
v -154.9202 -34.19744 29.34392
v -154.9257 -27.58574 29.0722
v -145.836 -20.75311 15.44521
v -150.4958 -24.10761 22.74971
v -135.5748 -17.13982 0.6698418
v -129.9509 -14.10678 -8.779266
v -150.4738 -30.56271 23.63634
v -150.473 -33.89466 23.67044
v -150.4797 -27.28296 23.39763
v -140.8438 -20.37617 9.154725
v -145.7997 -23.77187 16.70814
v -129.8392 -16.65577 -5.749231
v -123.7965 -13.56159 -15.03129
v -145.7742 -30.22697 17.59561
v -145.7732 -33.55892 17.62974
v -145.7811 -26.94723 17.35667
v -135.5026 -19.94979 2.729332
v -140.8032 -23.39493 10.41385
v -123.6852 -16.11057 -12.0629
v -117.3193 -12.97089 -21.04454
v -140.7747 -29.85004 11.29865
v -140.7736 -33.18198 11.33268
v -140.7824 -26.57028 11.06044
v -135.4588 -22.96855 3.978536
v -129.7643 -19.46574 -3.718112
v -117.2122 -15.51988 -18.15279
v -110.6492 -12.35511 -26.70568
v -135.4281 -29.42366 4.856352
v -135.4269 -32.7556 4.890113
v -135.4363 -26.14391 4.620019
v -129.7189 -22.4845 -2.486122
v -123.6106 -18.92054 -10.07309
v -110.5491 -14.90409 -23.89985
v -103.916 -11.73466 -31.90135
v -129.687 -28.9396 -1.620398
v -129.6858 -32.27155 -1.587104
v -129.6956 -25.65985 -1.853476
v -117.1404 -18.32985 -16.21437
v -123.5653 -21.9393 -8.866158
v -103.8249 -14.28365 -29.18498
v -97.24946 -11.12996 -36.5182
v -123.5335 -28.39441 -8.018048
v -123.5323 -31.72635 -7.985435
v -123.5421 -25.11466 -8.246386
v -110.482 -17.71407 -22.01902
v -117.0968 -21.34861 -15.0386
v -97.16859 -13.67895 -33.88912
v -90.77949 -10.56143 -40.44291
v -117.0661 -27.80371 -14.21238
v -117.065 -31.13566 -14.18061
v -117.0744 -24.52396 -14.43482
v -103.7639 -17.09362 -27.36412
v -110.4413 -20.73283 -20.87819
v -90.70913 -13.11041 -37.89319
v -84.63596 -10.04947 -43.56209
v -110.4127 -27.18793 -20.07652
v -110.4116 -30.51988 -20.04569
v -110.4204 -23.90818 -20.29235
v -97.11441 -16.48892 -32.12677
v -103.7269 -20.11238 -26.25966
v -84.57545 -12.59846 -41.07811
v -78.94868 -9.614515 -45.76241
v -103.7008 -26.56748 -25.48356
v -103.6998 -29.89943 -25.45371
v -103.7078 -23.28773 -25.69251
v -90.66195 -15.92038 -36.18404
v -97.08154 -19.50768 -31.0578
v -78.89655 -12.1635 -43.32476
v -73.81826 -9.270265 -46.96246
v -97.05845 -25.96278 -30.30664
v -97.05756 -29.29473 -30.27774
v -97.06467 -22.68303 -30.50887
v -84.5349 -15.40843 -39.413
v -90.63335 -18.93914 -35.14734
v -73.77354 -11.81978 -44.54964
v -69.22831 -9.003596 -47.20852
v -90.61324 -25.39425 -34.41885
v -90.61248 -28.7262 -34.39084
v -90.61865 -22.1145 -34.61499
v -84.51029 -18.42719 -38.40304
v -78.86161 -14.97347 -41.69076
v -69.1962 -11.55687 -44.81106
v -65.13311 -8.794684 -46.57883
v -84.493 -24.88229 -37.69332
v -84.49234 -28.21424 -37.66603
v -84.49766 -21.60254 -37.8844
v -78.84042 -17.99223 -40.69964
v -73.74379 -14.63024 -42.93275
v -65.1264 -11.35816 -44.20289
v -61.48705 -8.623696 -45.15165
v -78.82553 -24.44734 -40.00316
v -78.82495 -27.77928 -39.97638
v -78.82954 -21.16759 -40.19067
v -69.1763 -14.3707 -43.20791
v -73.72575 -17.64931 -41.95209
v -61.52605 -11.20705 -42.81903
v -58.25035 -8.474758 -43.00647
v -58.36309 -11.0907 -40.75736
v -73.71308 -24.10464 -41.26298
v -73.7126 -27.43659 -41.23649
v -73.7165 -20.82482 -41.44851
v -65.1274 -14.18115 -42.62361
v -61.56522 -14.04786 -41.28712
v -58.46147 -13.95928 -39.30833
v -69.16451 -17.39196 -42.23619
v -69.15622 -23.84882 -41.55335
v -69.1559 -27.18084 -41.52708
v -69.15845 -20.5686 -41.73719
v -65.12888 -17.20834 -41.66788
v -61.59112 -17.08661 -40.36315
v -58.52489 -17.01583 -38.43903
v -65.12966 -20.38803 -41.17711
v -65.12994 -23.66937 -40.99628
v -65.12998 -27.00155 -40.97045
v -61.60442 -20.27223 -39.88868
v -58.55746 -20.2106 -37.99265
v -61.60933 -23.55576 -39.71387
v -61.61003 -26.88825 -39.68889
v -58.56945 -23.4975 -37.82818
v -58.57117 -26.83047 -37.80468
v -298.085 -19.25778 -52.30175
v -301.0764 -19.48821 -46.87996
v -300.8099 -17.53366 -42.54333
v -297.9343 -17.18739 -47.22485
v -300.6872 -15.94006 -36.56591
v -303.1287 -17.8823 -37.44586
v -297.911 -14.12989 -31.54846
v -297.8651 -15.46999 -40.36147
v -294.5512 -12.71304 -23.05834
v -294.5035 -13.71527 -34.31625
v -290.6208 -11.81752 -11.57124
v -290.6123 -12.43363 -24.77075
v -286.2328 -11.45901 2.208865
v -286.2494 -11.66682 -12.33417
v -281.4991 -11.61129 17.399
v -281.5209 -11.40263 2.207225
v -276.4903 -12.22973 32.99547
v -276.5117 -11.60336 17.93037
v -271.2828 -12.22973 33.80708
v -265.8912 -13.27369 48.75786
v -260.4116 -13.27369 49.27289
v -265.9119 -12.22973 34.39121
v -271.3051 -11.60336 18.34448
v -276.5342 -11.39457 2.205487
v -254.8787 -13.27369 49.46459
v -260.4325 -12.22974 34.75265
v -265.9347 -11.60336 18.64537
v -249.3477 -13.27369 49.33713
v -254.8996 -12.22973 34.89618
v -243.8736 -13.27369 48.89469
v -281.5419 -11.61129 -12.98455
v -271.3283 -11.39457 2.20469
v -260.4555 -11.60336 18.83846
v -249.3682 -12.22973 34.82656
v -238.5115 -13.27369 48.14147
v -286.2609 -12.29015 -26.26587
v -265.9584 -11.39457 2.20993
v -254.9224 -11.60336 18.9292
v -243.8932 -12.22973 34.54861
v -233.3164 -13.27369 47.08165
v -290.6023 -13.45998 -36.80603
v -260.4794 -11.39457 2.227305
v -249.3905 -11.60336 18.923
v -238.53 -12.22973 34.06708
v -228.3308 -13.27303 45.7303
v -294.4879 -15.11671 -43.92156
v -254.9462 -11.39457 2.262935
v -243.9148 -11.60336 18.8253
v -233.3332 -12.22973 33.38675
v -223.5478 -13.26844 44.14588
v -294.5279 -16.9098 -51.46338
v -249.4139 -11.39457 2.322927
v -238.5502 -11.60336 18.64153
v -228.3457 -12.22908 32.51854
v -218.9478 -13.25597 42.39777
v -294.6082 -19.06053 -57.09081
v -294.7035 -21.52831 -61.09296
v -298.2638 -21.65141 -55.88796
v -290.7108 -21.4486 -65.61765
v -290.6669 -18.93386 -61.27719
v -286.3336 -21.40765 -69.49144
v -290.6279 -16.73396 -55.2019
v -286.3159 -18.86882 -64.87733
v -281.6266 -21.39257 -72.73631
v -290.6042 -14.89616 -47.09496
v -286.2979 -16.64365 -58.43259
v -281.6185 -18.84486 -67.90421
v -276.6448 -21.39041 -75.37428
v -286.2707 -13.32889 -38.97488
v -286.2823 -14.78291 -49.84987
v -281.6078 -16.61039 -61.15987
v -276.6377 -18.84143 -70.3709
v -271.4429 -21.39042 -77.42204
v -281.5614 -12.23729 -27.53877
v -281.5791 -13.28059 -40.81785
v -281.5947 -14.74118 -52.18428
v -276.6277 -16.60563 -63.38816
v -271.4355 -18.84143 -72.28664
v -266.0756 -21.39041 -78.87542
v -276.5566 -11.60336 -13.51939
v -276.5781 -12.22973 -28.58449
v -271.3515 -11.60336 -13.9351
v -276.5977 -13.27369 -42.33002
v -276.6145 -14.73522 -54.09619
v -271.4251 -16.60564 -65.11968
v -265.9822 -11.60336 -14.22551
v -271.3738 -12.22973 -29.39769
v -271.3941 -13.27369 -43.5059
v -260.5034 -11.60336 -14.38385
v -266.0049 -12.22973 -29.97136
v -271.4115 -14.73522 -55.58253
v -266.068 -18.84143 -73.64597
v -254.9702 -11.60336 -14.40333
v -260.5264 -12.22973 -30.29804
v -266.0257 -13.27369 -44.338
v -266.0574 -16.60563 -66.34771
v -266.0435 -14.73522 -56.63585
v -260.5473 -13.27369 -44.81829
v -254.993 -12.22973 -30.3703
v -249.4373 -11.60336 -14.27715
v -243.9373 -11.39457 2.413387
v -260.59 -18.84143 -74.43959
v -260.5794 -16.60564 -67.06331
v -260.5652 -14.73522 -57.24762
v -255.0138 -13.27369 -44.93873
v -249.4596 -12.22973 -30.18072
v -243.9597 -11.60336 -13.99852
v -238.5713 -11.39458 2.54043
v -260.5977 -21.39042 -79.72496
v -260.6028 -24.20039 -83.26789
v -266.0806 -24.20039 -82.38087
v -255.0691 -24.20038 -83.51588
v -255.0639 -21.39041 -79.96119
v -249.5342 -24.20039 -83.11524
v -255.0563 -18.84143 -74.65828
v -249.5292 -21.39042 -79.57465
v -244.0529 -24.20038 -82.05634
v -255.0457 -16.60563 -67.25754
v -249.5218 -18.84143 -74.29281
v -244.0481 -21.39041 -78.55589
v -238.68 -24.20038 -80.32963
v -255.0317 -14.73522 -57.40929
v -249.5113 -16.60563 -66.92146
v -244.041 -18.84143 -73.33392
v -238.6755 -21.39042 -76.89546
v -233.4702 -24.20038 -77.92546
v -249.4801 -13.27369 -44.69127
v -249.4976 -14.73522 -57.11231
v -244.031 -16.60563 -66.04613
v -238.6688 -18.84143 -71.77238
v -233.4661 -21.39041 -74.58391
v -228.4662 -24.19973 -74.86655
v -243.9813 -12.22973 -29.72184
v -244.0009 -13.27369 -44.06791
v -244.0177 -14.73522 -56.34817
v -238.6594 -16.60564 -64.6226
v -228.4626 -21.38976 -71.64288
v -223.6615 -24.19514 -71.30472
v -223.6585 -21.38516 -68.21861
v -233.46 -18.84143 -69.59895
v -238.5925 -11.60336 -13.56068
v -238.6127 -12.22973 -28.98623
v -238.6311 -13.27369 -43.06062
v -228.4572 -18.84077 -66.83381
v -238.6469 -14.73522 -55.1083
v -233.4514 -16.60563 -62.64194
v -223.654 -18.83618 -63.61476
v -219.0354 -21.3727 -64.48846
v -228.4496 -16.60498 -60.12223
v -233.44 -14.73522 -53.38418
v -233.4256 -13.27369 -41.66135
v -233.4087 -12.22973 -27.96643
v -219.0318 -18.82372 -60.10905
v -214.5748 -21.34842 -60.62973
v -223.6476 -16.60038 -57.1896
v -228.4396 -14.73456 -51.19109
v -228.4269 -13.27303 -39.88183
v -214.5722 -18.79943 -56.48392
v -210.2582 -21.30839 -56.81981
v -219.0268 -16.58792 -53.99715
v -223.6392 -14.72997 -48.63957
v -210.2566 -18.75941 -52.90662
v -206.0671 -21.24868 -53.23602
v -214.5685 -16.56364 -50.69802
v -206.0664 -18.6997 -49.54437
v -201.983 -21.16535 -50.05574
v -228.4121 -12.22908 -26.67009
v -223.6285 -13.26844 -37.81291
v -219.0201 -14.7175 -45.86396
v -210.2543 -16.52361 -47.44535
v -201.9831 -18.61637 -46.56443
v -197.9873 -21.05445 -47.45629
v -223.6161 -12.22448 -25.16495
v -219.0117 -13.25597 -35.56516
v -214.5637 -14.69322 -42.99866
v -206.0654 -16.4639 -44.39227
v -197.9882 -18.50547 -44.13402
v -194.0637 -20.91337 -45.58783
v -219.0018 -12.21202 -23.53384
v -214.5576 -13.23169 -33.24918
v -210.2513 -14.6532 -40.17799
v -201.9834 -16.38057 -41.69192
v -194.0651 -18.36439 -42.39568
v -190.2037 -20.74474 -44.49176
v -214.5505 -12.18774 -21.85959
v -210.2475 -13.19166 -30.97554
v -206.0642 -14.59349 -37.53634
v -197.9895 -16.26967 -39.49742
v -190.2051 -18.19575 -41.39329
v -186.401 -20.55248 -44.18227
v -186.4017 -18.0035 -41.14595
v -194.0671 -16.1286 -37.94074
v -201.9837 -14.51015 -35.20804
v -206.0626 -13.13195 -28.85485
v -190.2071 -15.95996 -37.06906
v -197.9911 -14.39926 -33.32749
v -201.9841 -13.04862 -26.99769
v -186.4026 -15.7677 -36.90846
v -182.6481 -17.79156 -41.67281
v -194.0696 -14.25818 -32.01248
v -197.9932 -12.93772 -25.51466
v -182.6465 -15.55576 -37.48494
v -178.9377 -17.56386 -42.99303
v -190.2098 -14.08954 -31.31479
v -194.0729 -12.79665 -24.50571
v -178.9317 -15.32806 -38.82457
v -175.2637 -17.32436 -45.12571
v -186.404 -13.89728 -31.26958
v -190.2132 -12.62801 -24.02828
v -175.2511 -15.08856 -40.95334
v -171.6197 -17.07698 -48.09002
v -182.6445 -13.68534 -31.9121
v -186.4056 -12.43575 -24.12923
v -171.5976 -14.84118 -43.89732
v -167.9989 -16.82567 -51.9051
v -178.9238 -13.45765 -33.27755
v -182.642 -12.22381 -24.85538
v -175.2343 -13.21815 -35.40114
v -167.9642 -14.58987 -47.68255
v -164.3832 -16.57232 -56.55365
v -178.9139 -11.99612 -26.25353
v -171.5682 -12.97077 -38.31807
v -164.3326 -14.33652 -52.2981
v -160.7085 -16.31074 -61.87247
v -175.213 -11.75661 -28.37054
v -167.9181 -12.71945 -42.06356
v -160.6397 -14.07494 -57.58526
v -156.8992 -16.03268 -67.66199
v -171.531 -11.50923 -31.25321
v -164.2653 -12.46611 -46.63521
v -167.8596 -11.25792 -34.94838
v -156.8112 -13.79688 -63.34836
v -152.8798 -15.72989 -73.72258
v -160.5482 -12.20453 -51.88021
v -164.1801 -11.00458 -39.46444
v -167.7913 -10.21397 -26.63626
v -171.4875 -10.46528 -22.99987
v -152.7728 -13.49409 -69.39172
v -156.6941 -11.92646 -57.60815
v -152.6304 -11.62368 -63.62863
v -160.4323 -10.74299 -44.65607
v -164.0805 -9.960625 -31.08739
v -156.5458 -10.46493 -50.3395
v -152.45 -10.16215 -56.33097
v -160.2969 -9.69904 -36.21666
v -167.7165 -9.587597 -17.52618
v -148.0745 -9.826408 -62.44672
v -156.3726 -9.420979 -41.84809
v -163.9714 -9.334252 -21.90614
v -152.2393 -9.118196 -47.80567
v -147.8293 -8.782456 -53.91342
v -152.0084 -8.491826 -38.46194
v -160.1486 -9.072669 -26.96708
v -156.1827 -8.794608 -32.5415
v -155.9845 -8.585817 -22.82733
v -159.9937 -8.86388 -17.31239
v -159.8389 -9.072669 -7.657711
v -163.8575 -9.125463 -12.32279
v -163.6345 -9.960626 6.441808
v -163.7436 -9.334253 -2.739444
v -167.6384 -9.378807 -8.017119
v -167.4171 -11.25792 18.91414
v -167.5602 -9.587597 1.491944
v -167.4854 -10.21397 10.60203
v -171.4399 -9.838911 -13.95421
v -171.2492 -11.50924 22.22842
v -171.2927 -10.46528 13.97508
v -171.3403 -9.838911 4.929427
v -171.3901 -9.630122 -4.512393
v -175.1881 -10.71266 -20.15721
v -175.0518 -11.75661 24.85177
v -175.0766 -10.71266 16.63845
v -175.1608 -10.08629 -11.15542
v -178.9022 -10.95216 -18.0479
v -175.1324 -9.877498 -1.759384
v -175.1039 -10.08629 7.636654
v -178.8383 -11.99612 26.91895
v -182.639 -11.17986 -16.61153
v -178.8895 -10.32579 -9.054537
v -178.85 -10.95216 18.71332
v -178.8761 -10.117 0.3327064
v -178.8628 -10.32579 9.719947
v -182.6227 -12.22381 28.56473
v -182.6357 -10.55349 -7.576281
v -182.6256 -11.17986 20.32088
v -182.6323 -10.34469 1.854674
v -182.6289 -10.55348 11.28563
v -186.4182 -12.43575 29.92387
v -186.4076 -11.3918 -15.78771
v -186.4163 -11.3918 21.58234
v -186.4097 -10.76543 -6.645397
v -190.2171 -11.58406 -15.51603
v -186.4119 -10.55664 2.897315
v -186.4142 -10.76543 12.44003
v -194.0768 -11.75269 -15.7361
v -190.2214 -10.95769 -6.186592
v -190.226 -10.7489 3.551435
v -190.2304 -10.95769 13.28946
v -197.9956 -11.89377 -16.38752
v -194.0809 -11.12632 -6.124613
v -201.9845 -12.00467 -17.40615
v -194.0853 -10.91753 3.907813
v -197.9983 -11.2674 -6.384178
v -190.2348 -11.58406 22.61889
v -206.0607 -12.088 -18.71293
v -201.985 -11.37829 -6.893836
v -194.0897 -11.12632 13.94024
v -198.0011 -11.05861 4.057262
v -190.2387 -12.62801 31.13115
v -210.243 -12.14771 -20.22501
v -206.0587 -11.46163 -7.597383
v -201.9856 -11.16951 4.078878
v -194.0939 -11.75269 23.55173
v -194.0978 -12.79665 32.32133
v -198.0039 -11.2674 14.49871
v -210.2382 -11.52134 -8.442443
v -198.0066 -11.89377 24.50204
v -198.009 -12.93772 33.62918
v -206.0565 -11.25284 4.004972
v -201.9861 -11.3783 15.05159
v -214.5426 -11.56137 -9.376616
v -201.987 -13.04862 35.15545
v -201.9866 -12.00467 25.56391
v -206.0544 -11.46163 15.60733
v -210.2331 -11.31255 3.856162
v -218.991 -11.58565 -10.34753
v -206.0504 -13.13195 36.8648
v -206.0522 -12.088 26.72287
v -210.228 -11.52134 16.15476
v -214.5344 -11.35258 3.653066
v -223.6024 -11.59811 -11.30278
v -210.2186 -13.19166 38.68787
v -210.2231 -12.14771 27.93734
v -214.5262 -11.56137 16.68275
v -218.9797 -11.37685 3.416302
v -228.3958 -11.60271 -12.19001
v -214.5113 -13.23169 40.55531
v -214.5184 -12.18774 29.16573
v -218.9685 -11.58565 17.18013
v -223.5882 -11.38932 3.166486
v -218.9577 -12.21202 30.36645
v -233.3902 -11.60336 -12.95682
v -223.5739 -11.59811 17.63575
v -223.5603 -12.22448 31.49792
v -228.3789 -11.39392 2.92423
v -233.371 -11.39457 2.710157
v -228.3619 -11.60271 18.03847
v -233.3517 -11.60336 18.37713
v -290.7917 -37.0062 -71.56327
v -294.8835 -37.0062 -66.55118
v -294.882 -33.67538 -66.50755
v -290.7911 -33.67472 -71.51572
v -294.8716 -30.40352 -66.20214
v -286.364 -37.0062 -75.82462
v -290.7864 -30.39831 -71.18288
v -294.8434 -27.2496 -65.3732
v -286.3637 -33.67439 -75.77396
v -281.6388 -37.0062 -79.37321
v -290.7737 -27.23199 -70.27943
v -294.7884 -24.27256 -63.7589
v -286.362 -30.39563 -75.41933
v -281.6386 -33.67427 -79.32011
v -276.6547 -37.0062 -82.24703
v -290.7491 -24.23083 -68.52011
v -294.7035 -21.52831 -61.09296
v -290.7108 -21.4486 -65.61765
v -286.3572 -27.22295 -74.45678
v -286.3481 -24.20941 -72.58232
v -286.3336 -21.40765 -69.49144
v -281.6379 -30.39464 -78.94844
v -276.6546 -33.67425 -82.19205
v -271.4531 -37.0062 -84.47614
v -281.6325 -24.20151 -75.97515
v -281.6266 -21.39257 -72.73631
v -281.6361 -27.21962 -77.93965
v -276.6541 -30.3945 -81.80718
v -271.4529 -33.67425 -84.41971
v -266.086 -37.0062 -86.05875
v -276.6496 -24.20039 -78.72817
v -276.6448 -21.39041 -75.37428
v -276.6525 -27.21915 -80.7625
v -266.0858 -33.67425 -86.00127
v -260.6082 -37.0062 -86.98508
v -271.4524 -30.3945 -84.02467
v -271.4478 -24.20039 -80.86444
v -271.4429 -21.39042 -77.42204
v -271.4508 -27.21914 -82.95246
v -260.6081 -33.67425 -86.927
v -255.0744 -37.0062 -87.24539
v -266.0853 -30.3945 -85.599
v -266.0806 -24.20039 -82.38087
v -266.0756 -21.39041 -78.87542
v -266.0837 -27.21915 -84.50713
v -255.0743 -33.67425 -87.18712
v -249.5394 -37.0062 -86.82992
v -260.6075 -30.3945 -86.52043
v -260.6059 -27.21914 -85.41689
v -260.6028 -24.20039 -83.26789
v -249.5393 -33.67425 -86.77188
v -244.0579 -37.0062 -85.72894
v -255.0737 -30.3945 -86.77921
v -255.0721 -27.21915 -85.672
v -255.0691 -24.20038 -83.51588
v -244.0578 -33.67425 -85.67155
v -238.6848 -37.0062 -83.93266
v -249.5387 -30.3945 -86.36559
v -249.5372 -27.21914 -85.26279
v -249.5342 -24.20039 -83.11524
v -238.6847 -33.67425 -83.87637
v -233.4746 -37.0062 -81.43136
v -244.0573 -30.3945 -85.26986
v -244.0558 -27.21914 -84.17957
v -244.0529 -24.20038 -82.05634
v -233.4745 -33.67425 -81.37659
v -228.47 -37.00554 -78.24876
v -228.4699 -33.67359 -78.19591
v -238.6841 -30.3945 -83.48228
v -238.6827 -27.21914 -82.41264
v -238.68 -24.20038 -80.32963
v -233.474 -30.3945 -80.99313
v -228.4695 -30.39384 -77.82597
v -233.4727 -27.21915 -79.95231
v -233.4702 -24.20038 -77.92546
v -228.4684 -27.21849 -76.82188
v -228.4662 -24.19973 -74.86655
v -148.5748 -15.39415 -79.85464
v -148.664 -17.94313 -82.96075
v -152.8798 -15.72989 -73.72258
v -152.9565 -18.27888 -76.82579
v -156.8992 -16.03268 -67.66199
v -148.7239 -20.75311 -85.04288
v -156.9622 -18.58166 -70.75286
v -160.7085 -16.31074 -61.87247
v -153.0079 -21.08885 -78.90598
v -148.7602 -23.77187 -86.3058
v -160.7577 -18.85972 -64.94441
v -164.3832 -16.57232 -56.55365
v -164.4194 -19.1213 -59.60289
v -157.0045 -21.39163 -72.82478
v -153.0391 -24.10761 -80.16771
v -148.7788 -26.94723 -86.95435
v -160.7907 -21.66969 -67.00363
v -164.4437 -21.93128 -61.64689
v -157.0301 -24.41039 -74.0815
v -153.0551 -27.28297 -80.81564
v -148.7857 -30.22697 -87.19327
v -160.8108 -24.68845 -68.25267
v -164.4584 -24.95004 -62.88669
v -157.0433 -27.58575 -74.72685
v -153.061 -30.56271 -81.05434
v -148.7867 -33.55892 -87.2274
v -153.0618 -33.89466 -81.08843
v -160.8211 -27.86381 -68.89406
v -164.466 -28.12539 -63.52334
v -157.0481 -30.8655 -74.9646
v -157.0488 -34.19744 -74.99857
v -160.8249 -31.14356 -69.13037
v -164.4688 -31.40514 -63.7579
v -160.8254 -34.47551 -69.16412
v -164.4692 -34.73709 -63.79141
v -144.1456 -33.18198 -93.20914
v -148.7867 -33.55892 -87.2274
v -148.7857 -30.22697 -87.19327
v -144.1445 -29.85003 -93.1751
v -148.7788 -26.94723 -86.95435
v -139.0611 -32.7556 -98.82732
v -144.1368 -26.57028 -92.93689
v -148.7602 -23.77187 -86.3058
v -139.0598 -29.42366 -98.79356
v -133.4552 -32.27155 -103.8756
v -144.116 -23.39493 -92.29031
v -148.7239 -20.75311 -85.04288
v -139.0516 -26.14391 -98.55721
v -133.454 -28.9396 -103.8423
v -127.2897 -31.72635 -108.1932
v -144.0754 -20.37617 -91.0312
v -148.664 -17.94313 -82.96075
v -139.0291 -22.96855 -97.91573
v -127.2885 -28.39441 -108.1606
v -120.6826 -31.13566 -111.801
v -133.4454 -25.65985 -103.6092
v -144.0084 -17.5662 -88.95534
v -148.5748 -15.39415 -79.85464
v -143.9085 -15.01721 -85.85855
v -120.6814 -27.80371 -111.7693
v -113.7915 -30.51988 -114.7656
v -138.9854 -19.94979 -96.66654
v -138.9132 -17.13982 -94.60706
v -138.8055 -14.59084 -91.53471
v -127.2799 -25.11466 -107.9322
v -133.4221 -22.4845 -102.9766
v -113.7904 -27.18793 -114.7348
v -106.7737 -29.89943 -117.1535
v -133.3019 -16.65577 -99.71349
v -133.1902 -14.10678 -96.68349
v -133.3767 -19.46574 -101.7446
v -120.6732 -24.52396 -111.5468
v -127.2567 -21.9393 -107.3125
v -106.7727 -26.56748 -117.1236
v -99.7867 -29.29473 -119.031
v -127.1368 -16.11057 -104.1157
v -127.0255 -13.56159 -101.1474
v -127.2114 -18.92054 -106.1055
v -120.6508 -21.34861 -110.9431
v -113.7827 -23.90818 -114.519
v -99.7858 -25.96278 -119.0021
v -92.9879 -28.7262 -120.4647
v -120.5354 -15.51988 -107.8289
v -120.4282 -12.97089 -104.9371
v -120.6073 -18.32985 -109.7673
v -113.7618 -20.73283 -113.9332
v -106.7657 -23.28773 -116.9146
v -92.98714 -25.39425 -120.4366
v -86.53475 -28.21424 -121.521
v -113.654 -14.90409 -110.9115
v -113.5538 -12.35511 -108.1057
v -113.7211 -17.71407 -112.7923
v -106.7467 -20.11238 -116.3475
v -99.77959 -22.68303 -118.7999
v -86.53409 -24.88229 -121.4937
v -80.58469 -27.77928 -122.2665
v -106.6486 -14.28365 -113.4222
v -106.5576 -11.73466 -110.7058
v -106.7097 -17.09362 -115.2431
v -99.76273 -19.50768 -118.2509
v -92.98172 -22.1145 -120.2405
v -80.58409 -24.44734 -122.2397
v -75.25716 -27.43631 -122.7545
v -99.67564 -13.67895 -115.4196
v -99.59481 -11.12996 -112.7905
v -99.72984 -16.48892 -117.182
v -92.96702 -18.93914 -119.7082
v -86.52944 -21.60254 -121.3026
v -75.25665 -24.10436 -122.7279
v -70.51994 -27.17857 -122.9859
v -92.89125 -13.11041 -116.9623
v -92.82088 -10.56143 -114.4126
v -92.93842 -15.92038 -118.6714
v -86.51679 -18.42719 -120.784
v -80.58009 -21.16759 -122.0522
v -70.51948 -23.84662 -122.9594
v -66.30279 -26.99389 -122.9487
v -86.45164 -12.59846 -118.1089
v -86.39115 -10.04947 -115.6249
v -86.4922 -15.40843 -119.774
v -80.5692 -17.99223 -121.5432
v -75.25313 -20.82461 -122.5422
v -66.30235 -23.66194 -122.9221
v -62.53553 -26.87009 -122.6308
v -80.51307 -12.1635 -118.9181
v -80.46095 -9.614515 -116.4805
v -80.54802 -14.97347 -120.5521
v -70.51626 -20.56687 -122.7739
v -75.24354 -17.64926 -122.038
v -62.53511 -23.53814 -122.6039
v -59.14793 -26.795 -122.0199
v -75.19408 -11.82052 -119.4377
v -75.14816 -9.271539 -117.0231
v -75.22485 -14.63049 -121.0563
v -70.50755 -17.39151 -122.2704
v -66.29933 -20.38219 -122.7356
v -59.14752 -23.46305 -121.9928
v -56.06981 -26.75644 -121.1041
v -70.46257 -11.56278 -119.6732
v -70.42081 -9.0138 -117.2616
v -70.49055 -14.37276 -121.2898
v -66.29112 -17.20684 -122.2296
v -62.53217 -20.25839 -122.4157
v -56.06937 -23.42449 -121.0766
v -53.23094 -26.74224 -119.8711
v -66.24879 -11.3781 -119.6194
v -66.20948 -8.829121 -117.1957
v -66.27515 -14.18807 -121.2441
v -62.52418 -17.08304 -121.9051
v -59.14457 -20.1833 -121.8025
v -53.23049 -23.41029 -119.8434
v -50.56111 -26.74021 -118.3088
v -50.56065 -23.40826 -118.281
v -62.48297 -11.25431 -119.271
v -62.44472 -8.705322 -116.8251
v -62.50862 -14.06428 -120.9105
v -59.13658 -17.00795 -121.2861
v -56.06637 -20.14474 -120.8843
v -53.2274 -20.13054 -119.6493
v -50.55746 -20.12851 -118.0859
v -59.09538 -11.17922 -118.6227
v -59.05712 -8.630234 -116.1496
v -59.12103 -13.98919 -120.2806
v -56.05824 -16.96939 -120.3622
v -53.21902 -16.95518 -119.1226
v -50.54884 -16.95315 -117.5567
v -56.04238 -13.95063 -119.3455
v -56.01624 -11.14066 -117.6694
v -55.97724 -8.591675 -115.169
v -53.20269 -13.93642 -118.0969
v -50.53202 -13.93439 -116.526
v -53.17579 -11.12645 -116.4059
v -53.13566 -8.577469 -113.8832
v -50.50429 -11.12442 -114.8267
v -50.46293 -8.575438 -112.2918
v -164.3832 -16.57232 -56.55365
v -164.4194 -19.1213 -59.60289
v -167.9989 -16.82567 -51.9051
v -168.0238 -19.37465 -54.93072
v -171.6197 -17.07698 -48.09002
v -164.4437 -21.93128 -61.64689
v -171.6356 -19.62596 -51.09424
v -175.2637 -17.32436 -45.12571
v -168.0404 -22.18462 -56.95888
v -164.4584 -24.95004 -62.88669
v -175.2728 -19.87334 -48.11536
v -178.9377 -17.56386 -42.99303
v -168.0505 -25.20339 -58.18908
v -164.466 -28.12539 -63.52334
v -171.6462 -22.43593 -53.10806
v -178.9419 -20.11284 -45.97987
v -182.6481 -17.79156 -41.67281
v -168.0557 -28.37873 -58.82079
v -164.4688 -31.40514 -63.7579
v -175.2788 -22.68331 -50.11941
v -171.6526 -25.4547 -54.32954
v -182.6492 -20.34054 -44.67357
v -186.4017 -18.0035 -41.14595
v -186.401 -20.55248 -44.18227
v -168.0576 -31.65849 -59.05352
v -164.4692 -34.73709 -63.79141
v -168.0579 -34.99044 -59.08678
v -178.9447 -22.92282 -47.98204
v -175.2825 -25.70207 -51.33498
v -171.6559 -28.63005 -54.9568
v -171.6571 -31.9098 -55.1879
v -171.6573 -35.24175 -55.22091
v -182.6499 -23.15051 -46.68507
v -178.9464 -25.94158 -49.19648
v -175.2844 -28.87743 -51.95919
v -175.2851 -32.15718 -52.18916
v -175.2852 -35.48913 -52.22202
v -186.4005 -23.36245 -46.21761
v -190.2037 -20.74474 -44.49176
v -182.6503 -26.16927 -47.90517
v -178.9473 -29.11693 -49.82011
v -178.9476 -32.39668 -50.04986
v -178.9477 -35.72863 -50.08269
v -190.2027 -23.55471 -46.56875
v -194.0637 -20.91337 -45.58783
v -186.4002 -26.38121 -47.45216
v -182.6506 -29.34463 -48.5317
v -182.6506 -32.62437 -48.76252
v -182.6506 -35.95632 -48.7955
v -194.0628 -23.72335 -47.72761
v -197.9873 -21.05445 -47.45629
v -190.2021 -26.57347 -47.82856
v -186.4 -29.55657 -48.08611
v -186.4 -32.83632 -48.31968
v -186.4 -36.16826 -48.35305
v -197.9867 -23.86443 -49.68332
v -201.983 -21.16535 -50.05574
v -201.9829 -23.97532 -52.39608
v -194.0622 -26.74211 -49.02552
v -190.2019 -29.74883 -48.4755
v -190.2018 -33.02858 -48.71385
v -190.2017 -36.36052 -48.7479
v -197.9864 -26.88318 -51.03413
v -201.9828 -26.99408 -53.81563
v -194.0619 -29.91746 -49.69201
v -194.0618 -33.19721 -49.93755
v -194.0618 -36.52916 -49.97264
v -197.9862 -30.05854 -51.72779
v -201.9827 -30.16943 -54.54458
v -197.9861 -33.33829 -51.98334
v -197.9861 -36.67024 -52.01986
v 20.32721 -7.087859 80.38725
v 22.57149 -9.114318 80.72439
v 21.24463 -6.791443 73.38916
v 23.59027 -8.896542 73.55852
v 21.8095 -6.603198 65.88292
v 24.21136 -8.756845 65.95251
v 22.09958 -6.505272 58.17931
v 24.53031 -8.684318 58.19653
v 22.20645 -6.46722 50.60443
v 24.64781 -8.656352 50.60058
v 22.22171 -6.458598 43.48439
v 24.66459 -8.65035 43.47467
v 22.22171 -6.454057 37.07469
v 24.6646 -8.647491 37.06089
v 22.22172 -6.448628 31.34834
v 24.6646 -8.644073 31.32965
v 22.22171 -6.44244 26.20771
v 24.6646 -8.640176 26.18346
v 22.22171 -6.435617 21.55518
v 24.66459 -8.635879 21.52479
v 22.22171 -6.428288 17.29313
v 24.6646 -8.631263 17.25615
v 22.22172 -6.420578 13.32394
v 24.6646 -8.62641 13.28003
v 22.22171 -6.412616 9.549988
v 24.6646 -8.621394 9.498924
v 22.22171 -6.404527 5.873658
v 24.66459 -8.616299 5.815323
v 22.22166 -6.396437 2.198239
v 24.66456 -8.611205 2.132631
v 22.22127 -6.388474 -1.569329
v 24.66432 -8.606192 -1.642116
v 22.22021 -6.380764 -5.521197
v 24.66365 -8.601336 -5.600969
v 22.21816 -6.373436 -9.749518
v 24.66236 -8.59672 -9.835986
v 22.21477 -6.366614 -14.34644
v 24.66022 -8.592424 -14.43921
v 22.20972 -6.360424 -19.40412
v 24.65705 -8.588529 -19.5027
v 22.20265 -6.354996 -25.0147
v 24.6526 -8.585109 -25.11852
v 22.19327 -6.350456 -31.27034
v 24.64668 -8.582249 -31.3787
v 22.16574 -6.351639 -38.19495
v 24.62199 -8.583425 -38.30962
v 22.04243 -6.382224 -45.5395
v 24.49287 -8.6057 -45.67471
v 21.73019 -6.470601 -52.98672
v 24.15653 -8.669536 -53.17179
v 21.13591 -6.645157 -60.21937
v 23.51022 -8.795391 -60.49863
v 20.18073 -6.921965 -66.9357
v 22.45652 -8.992144 -67.37244
v 18.84294 -7.267836 -72.89619
v 20.91943 -9.222323 -73.58807
v 17.09625 -7.616332 -77.88672
v 18.81622 -9.428443 -78.96887
v 26.40464 -11.12836 -31.45635
v 26.38203 -11.12922 -38.39309
v 26.24897 -11.14332 -45.78229
v 25.89602 -11.18356 -53.34046
v 25.2137 -11.26282 -60.78422
v 24.0938 -11.38562 -67.84597
v 22.43305 -11.52307 -74.32166
v 26.40807 -11.13002 -25.19291
v 20.12796 -11.63686 -80.02419
v 16.0158 -9.519292 -83.37418
v 26.41063 -11.132 -19.57335
v 17.06895 -11.68447 -84.771
v 12.41699 -9.42843 -86.73354
v 13.18844 -11.63685 -88.44373
v 17.86087 -14.22309 -85.82078
v 13.80818 -14.19941 -89.66139
v 21.05921 -14.19941 -80.86428
v 23.46693 -14.14193 -74.93676
v 18.35534 -17.07495 -86.47619
v 14.20095 -17.06496 -90.41173
v 21.63261 -17.06496 -81.39565
v 18.60926 -20.1646 -86.81273
v 14.40264 -20.16164 -90.79701
v 25.19559 -14.07095 -68.2519
v 24.0972 -17.04071 -75.33013
v 21.92706 -20.16163 -81.66851
v 18.70281 -23.41277 -86.93674
v 14.47694 -23.4124 -90.93895
v 18.71617 -26.74021 -86.95445
v 14.48756 -26.74021 -90.95924
v 22.05104 -26.74021 -81.78341
v 22.03553 -23.4124 -81.76903
v 24.55711 -26.74021 -75.61717
v 24.54008 -23.4115 -75.60654
v 26.35281 -26.74021 -68.70292
v 24.42084 -20.15445 -75.53212
v 26.33472 -23.41039 -68.69588
v 27.55652 -26.74021 -61.28785
v 26.20815 -20.14558 -68.64654
v 27.53777 -23.40939 -61.28371
v 28.28663 -26.74021 -53.61913
v 25.86461 -17.01077 -68.51265
v 27.40656 -20.13756 -61.25478
v 28.2675 -23.40874 -53.61686
v 28.66156 -26.74021 -45.94398
v 27.05039 -16.98371 -61.17628
v 28.13362 -20.13238 -53.60094
v 28.64226 -23.40841 -45.94266
v 28.79969 -26.74021 -38.50953
v 26.35682 -14.00682 -61.02337
v 27.77023 -16.96621 -53.55776
v 27.06256 -13.96533 -53.47367
v 28.50715 -20.12975 -45.93351
v 28.78035 -23.40829 -38.50859
v 28.81942 -26.74021 -31.56301
v 27.42629 -13.94426 -45.86037
v 28.14043 -16.95732 -45.90869
v 28.64495 -20.12882 -38.50206
v 28.8001 -23.40829 -31.56216
v 28.81942 -26.74021 -25.29509
v 27.56184 -13.93687 -38.44982
v 28.27748 -16.9542 -38.48434
v 28.66488 -20.12876 -31.55619
v 28.80013 -23.4083 -25.29426
v 28.81942 -26.74021 -19.67038
v 27.58306 -13.93641 -31.5084
v 28.29783 -16.95401 -31.53997
v 28.80015 -23.40832 -19.6696
v 28.81942 -26.74021 -14.59699
v 28.66509 -20.12887 -25.28854
v 27.58481 -13.93726 -25.24277
v 28.29857 -16.95436 -25.27301
v 28.80016 -23.40834 -14.59626
v 28.81942 -26.74021 -9.983043
v 28.66526 -20.12899 -19.66416
v 27.58612 -13.93827 -19.62069
v 28.29911 -16.95479 -19.64942
v 28.80017 -23.40835 -9.982362
v 28.81942 -26.74021 -5.736647
v 28.66537 -20.12914 -14.59114
v 28.29952 -16.95527 -14.57726
v 27.58706 -13.93942 -14.55024
v 28.80018 -23.40838 -5.736017
v 28.81942 -26.74021 -1.765915
v 28.66545 -20.1293 -9.977596
v 28.80019 -23.4084 -1.765341
v 28.81942 -26.74021 2.021038
v 28.29978 -16.95581 -9.964655
v 28.6655 -20.12947 -5.731622
v 26.41249 -11.13425 -14.50568
v 28.80019 -23.40842 2.021556
v 28.81942 -26.74021 5.716107
v 27.58769 -13.9407 -9.939468
v 26.41371 -11.13674 -9.897939
v 28.29996 -16.95639 -5.719684
v 28.66553 -20.12965 -1.76133
v 28.80019 -23.40845 5.716566
v 28.81942 -26.74021 9.412077
v 26.41446 -11.13941 -5.658132
v 27.58808 -13.94207 -5.696445
v 28.30003 -16.957 -1.750441
v 28.66553 -20.12984 2.025173
v 28.80018 -23.40847 9.412479
v 28.81942 -26.74021 13.20536
v 26.41485 -11.14222 -1.694272
v 27.58828 -13.9435 -1.729234
v 28.30007 -16.95763 2.03499
v 28.66554 -20.13002 5.719781
v 28.80018 -23.40849 13.20571
v 28.81942 -26.74021 17.19327
v 26.415 -11.14512 2.085617
v 27.58835 -13.94499 2.054104
v 28.30006 -16.95826 5.728508
v 28.66554 -20.13021 9.415295
v 28.80018 -23.40852 17.19356
v 28.81942 -26.74021 21.47311
v 26.41501 -11.14807 5.773523
v 27.58836 -13.9465 5.745503
v 28.66554 -20.13039 13.20813
v 28.30008 -16.9589 9.422934
v 28.80018 -23.40854 21.47336
v 28.81942 -26.74021 26.14221
v 26.41501 -11.15102 9.462337
v 27.58836 -13.94801 9.437809
v 28.30006 -16.95953 13.21469
v 28.66553 -20.13058 17.1956
v 28.80018 -23.40856 26.1424
v 28.81942 -26.74021 31.29787
v 26.41501 -11.15392 13.24857
v 27.58836 -13.9495 13.22748
v 28.30007 -16.96013 17.20113
v 28.66554 -20.13074 21.47503
v 28.80019 -23.40857 31.29802
v 28.81942 -26.74021 37.03741
v 26.41501 -11.15673 17.22966
v 27.58836 -13.95093 17.2119
v 28.30006 -16.96071 21.47957
v 28.66553 -20.13091 26.14374
v 28.80019 -23.40859 37.03752
v 28.81942 -26.74021 43.45813
v 26.41501 -11.1594 21.50302
v 27.58836 -13.9523 21.48843
v 28.30007 -16.96125 26.14737
v 28.66553 -20.13105 31.29905
v 28.80019 -23.40861 43.45821
v 28.80019 -26.74059 50.59911
v 26.41501 -11.16188 26.16608
v 27.58836 -13.95357 26.15443
v 28.30006 -16.96173 31.30184
v 28.66553 -20.13118 37.03828
v 28.78097 -23.40901 50.59911
v 28.66554 -26.74323 58.26649
v 26.41501 -11.16414 31.31626
v 27.58836 -13.95473 31.30729
v 28.30008 -16.96216 37.04034
v 28.66554 -20.13128 43.45874
v 28.64639 -23.41179 58.26609
v 28.30007 -26.75042 66.20811
v 26.41502 -11.16612 37.05099
v 27.58836 -13.95574 37.04436
v 28.64639 -20.13189 50.59911
v 28.30006 -16.96252 43.46019
v 28.28113 -23.41931 66.20671
v 27.58836 -26.76442 74.17187
v 26.41501 -11.16777 43.4677
v 27.58836 -13.95659 43.46303
v 28.51237 -20.13557 58.26339
v 28.28114 -16.96365 50.59909
v 27.56984 -23.43396 74.16853
v 26.41501 -26.7875 81.90562
v 26.39717 -11.17158 50.5992
v 27.56984 -13.95875 50.59905
v 28.14859 -16.9698 58.25606
v 28.14859 -20.14545 66.19696
v 26.39717 -23.45803 81.89925
v 24.6646 -26.82193 89.1573
v 26.2723 -11.1901 58.21992
v 27.44018 -13.96969 58.24179
v 27.78883 -16.98606 66.17051
v 27.44018 -20.16463 74.14517
v 24.64781 -23.49355 89.14715
v 22.22172 -26.86998 95.67474
v 25.93338 -11.2384 66.0397
v 27.08824 -13.9984 66.119
v 27.08824 -17.01755 74.08182
v 26.2723 -20.19565 81.85455
v 22.20645 -23.54247 95.66064
v 18.97095 -26.93392 101.2058
v 18.95777 -23.60674 101.1881
v 25.27335 -11.33158 73.76836
v 26.4029 -14.05385 73.95842
v 25.93338 -17.06744 81.7332
v 24.5303 -20.2388 89.07608
v 22.09958 -20.29381 95.56198
v 18.86551 -20.36038 101.0644
v 24.18641 -11.47633 81.1321
v 25.27336 -14.14049 81.49691
v 24.21137 -17.13132 88.88319
v 21.80951 -17.20284 95.29417
v 18.61509 -17.27566 100.7285
v 23.59027 -14.24472 88.50755
v 22.57148 -11.64583 87.92265
v 21.08019 -9.374334 87.23933
v 21.24463 -14.34839 94.77265
v 18.12744 -14.43339 100.0744
v 20.32721 -11.80388 93.94938
v 19.03492 -9.620868 92.92242
v 17.34634 -11.91014 99.02664
v 16.30697 -9.7654 97.63248
v 21.08019 -9.374334 87.23933
v 22.57149 -9.114318 80.72439
v 19.03492 -7.459948 86.6279
v 19.03492 -9.620868 92.92242
v 17.34085 -7.842062 91.88843
v 16.30697 -9.7654 97.63248
v 15.09746 -8.063814 96.01009
v 14.04671 -6.986889 94.60067
v 12.41699 -9.42843 -86.73354
v 13.18844 -11.63685 -88.44373
v 8.086386 -9.222217 -89.22106
v 8.592811 -11.52301 -91.17638
v 3.140207 -8.991786 -91.05717
v 13.80818 -14.19941 -89.66139
v 3.432883 -11.38541 -93.16428
v -2.274729 -8.79454 -92.40267
v 9.028937 -14.1419 -92.51667
v 14.20095 -17.06496 -90.41173
v -2.136699 -11.26233 -94.59519
v -7.98875 -8.667872 -93.41087
v 3.698819 -14.07085 -94.5859
v 9.309359 -17.0407 -93.33447
v 14.40264 -20.16164 -90.79701
v -7.947783 -11.1826 -95.65724
v -13.7713 -8.602828 -94.26503
v -2.006515 -14.00657 -96.0685
v 3.871582 -17.01072 -95.44971
v 9.453357 -20.15445 -93.75441
v 14.47694 -23.4124 -90.93895
v -13.78202 -11.14166 -96.54726
v -19.3766 -8.578862 -95.15578
v -7.904433 -13.96484 -97.16458
v -1.921365 -16.9836 -96.96269
v 3.9603 -20.14557 -95.89327
v 9.506409 -23.4115 -93.90914
v 14.48756 -26.74021 -90.95924
v 9.513987 -26.74021 -93.93123
v 3.992981 -23.41039 -96.05669
v 3.997652 -26.74021 -96.08004
v -19.40853 -11.12658 -97.46419
v -24.55889 -8.575438 -96.27384
v -13.78451 -13.94341 -98.07754
v -7.875529 -16.966 -98.07909
v -1.877638 -20.13753 -97.42191
v -1.861528 -23.40938 -97.59108
v -1.859228 -26.74021 -97.61525
v -24.59641 -11.12442 -98.60701
v -29.12936 -8.575438 -97.76305
v -19.42935 -13.93552 -99.01161
v -13.78524 -16.95696 -99.00581
v -7.860687 -20.13231 -98.5487
v -7.855221 -23.40873 -98.72172
v -7.854439 -26.74021 -98.74644
v -29.16928 -11.12442 -100.126
v -33.12708 -8.57544 -99.57974
v -24.62157 -13.93439 -100.171
v -19.44188 -16.95363 -99.95023
v -13.78561 -20.12963 -99.48251
v -13.78575 -23.4084 -99.65811
v -13.78577 -26.74021 -99.68322
v -33.16872 -11.12442 -101.9767
v -36.64805 -8.575439 -101.6335
v -29.19604 -13.93439 -101.71
v -19.44831 -20.12865 -100.4322
v -19.45068 -23.40828 -100.6098
v -19.45102 -26.74021 -100.6352
v -24.63683 -16.95315 -101.1197
v -36.69083 -11.12442 -104.0659
v -39.78833 -8.575438 -103.8339
v -39.83167 -11.12442 -106.3004
v -24.64755 -23.40826 -101.7863
v -24.64796 -26.74021 -101.8119
v -24.64466 -20.12851 -101.6068
v -33.19665 -13.93439 -103.5835
v -36.7195 -13.93439 -105.6964
v -39.86073 -13.93439 -107.9538
v -29.21227 -16.95316 -102.6708
v -33.21358 -16.95315 -104.5581
v -36.73689 -16.95316 -106.6854
v -29.22061 -20.12851 -103.1642
v -33.22228 -20.12851 -105.0586
v -36.74582 -20.12851 -107.1933
v -29.22368 -23.40826 -103.3459
v -29.22412 -26.74021 -103.3719
v -33.22548 -23.40826 -105.243
v -36.74911 -23.40826 -107.3804
v -33.22594 -26.74021 -105.2693
v -36.74958 -26.74021 -107.4071
v -201.983 -21.16535 -50.05574
v -201.9829 -23.97532 -52.39608
v -206.0671 -21.24868 -53.23602
v -206.0676 -24.05865 -55.71066
v -210.2582 -21.30839 -56.81981
v -201.9828 -26.99408 -53.81563
v -210.2593 -24.11836 -59.44293
v -214.5748 -21.34842 -60.62973
v -206.0678 -27.07741 -57.21166
v -201.9827 -30.16943 -54.54458
v -214.5765 -24.15839 -63.40879
v -219.0354 -21.3727 -64.48846
v -210.26 -27.13712 -61.03403
v -219.0378 -24.18267 -67.42409
v -223.6585 -21.38516 -68.21861
v -223.6615 -24.19514 -71.30472
v -214.5776 -27.17715 -65.09444
v -206.068 -30.25277 -57.98244
v -219.0392 -27.20143 -69.20473
v -210.2603 -30.31248 -61.85105
v -223.6634 -27.2139 -73.17662
v -228.4662 -24.19973 -74.86655
v -228.4684 -27.21849 -76.82188
v -214.5782 -30.3525 -65.96004
v -223.6643 -30.38925 -74.13786
v -228.4695 -30.39384 -77.82597
v -219.04 -30.37678 -70.1191
v -223.6647 -33.669 -74.492
v -228.4699 -33.67359 -78.19591
v -219.0403 -33.65653 -70.45598
v -223.6647 -37.00095 -74.5426
v -228.47 -37.00554 -78.24876
v -219.0403 -36.98848 -70.50411
v -214.5784 -36.9642 -66.32453
v -214.5784 -33.63226 -66.27897
v -210.2604 -36.92418 -62.19508
v -210.2604 -33.59222 -62.15207
v -206.068 -36.86447 -58.30698
v -206.068 -33.53252 -58.26643
v -201.9827 -36.78114 -54.85151
v -201.9827 -33.44918 -54.81314
v -197.9861 -36.67024 -52.01986
v -197.9861 -33.33829 -51.98334
v -197.9862 -30.05854 -51.72779
v -39.78833 -8.575438 -103.8339
v -39.83167 -11.12442 -106.3004
v -42.64392 -8.575438 -106.0904
v -42.68735 -11.12442 -108.5869
v -45.31088 -8.57544 -108.3125
v -39.86073 -13.93439 -107.9538
v -45.35396 -11.12442 -110.8323
v -47.8852 -8.575439 -110.4098
v -42.71647 -13.93439 -110.2604
v -47.92757 -11.12442 -112.9433
v -50.46293 -8.575438 -112.2918
v -50.50429 -11.12442 -114.8267
v -45.38285 -13.93439 -112.5214
v -47.95599 -13.93439 -114.6416
v -50.53202 -13.93439 -116.526
v -47.97322 -16.95316 -115.6717
v -50.54884 -16.95315 -117.5567
v -45.40036 -16.95316 -113.5459
v -42.73413 -16.95316 -111.2755
v -39.87836 -16.95315 -108.9566
v -47.98206 -20.12851 -116.2007
v -50.55746 -20.12851 -118.0859
v -45.40937 -20.12851 -114.072
v -36.73689 -16.95316 -106.6854
v -36.7195 -13.93439 -105.6964
v -36.74582 -20.12851 -107.1933
v -39.88741 -20.12851 -109.4716
v -36.74911 -23.40826 -107.3804
v -42.7432 -20.12851 -111.7967
v -39.89074 -23.40826 -109.6613
v -36.74958 -26.74021 -107.4071
v -39.89122 -26.74021 -109.6884
v -42.74654 -23.40826 -111.9888
v -42.74702 -26.74021 -112.0162
v -45.41267 -23.40826 -114.2658
v -45.41316 -26.74021 -114.2935
v -47.98532 -23.40826 -116.3955
v -47.98579 -26.74021 -116.4234
v -50.56065 -23.40826 -118.281
v -50.56111 -26.74021 -118.3088
vt 0.6774623 0.2789562
vt 0.6767823 0.2889657
vt 0.6743891 0.2946057
vt 0.6742421 0.2820597
vt 0.6780276 0.2641721
vt 0.6705199 0.3018507
vt 0.6752212 0.3033217
vt 0.6712556 0.3130329
vt 0.6743059 0.2662146
vt 0.6781498 0.2470799
vt 0.6700722 0.2871189
vt 0.6655107 0.3091663
vt 0.6741468 0.2481799
vt 0.6777034 0.2289053
vt 0.6697408 0.2694788
vt 0.6735873 0.2290658
vt 0.6766378 0.2107602
vt 0.6662167 0.3220105
vt 0.6721492 0.3211393
vt 0.6669531 0.3315114
vt 0.6648866 0.2926713
vt 0.6692988 0.2498648
vt 0.6725572 0.2099753
vt 0.675096 0.1937469
vt 0.6601537 0.3302025
vt 0.6608019 0.3407391
vt 0.6594493 0.3160866
vt 0.6642801 0.2732441
vt 0.6686033 0.229267
vt 0.6712179 0.1920012
vt 0.6733047 0.1790747
vt 0.6587077 0.298112
vt 0.6524162 0.3223254
vt 0.6636006 0.2518616
vt 0.6675863 0.2086868
vt 0.6698389 0.1762337
vt 0.6717961 0.1691691
vt 0.6689439 0.1637422
vt 0.6579158 0.2770487
vt 0.6627676 0.2295077
vt 0.6663985 0.1891166
vt 0.665265 0.1715303
vt 0.6617427 0.2071663
vt 0.6570523 0.2539294
vt 0.65159 0.3030736
vt 0.6606458 0.1858146
vt 0.6560956 0.2297868
vt 0.6506694 0.2805594
vt 0.6550464 0.2056527
vt 0.6496727 0.2558725
vt 0.648618 0.2301024
vt 0.6445355 0.3278174
vt 0.6436477 0.3074703
vt 0.6426401 0.2836978
vt 0.641552 0.2576433
vt 0.6531332 0.3374996
vt 0.653739 0.3488774
vt 0.6613669 0.3482387
vt 0.6542344 0.3570142
vt 0.6452732 0.3438821
vt 0.6458679 0.3559526
vt 0.6463351 0.3646033
vt 0.6359425 0.3325527
vt 0.635011 0.3112869
vt 0.6367044 0.3493523
vt 0.6373074 0.3619837
vt 0.6267723 0.3365215
vt 0.6339465 0.286449
vt 0.6377735 0.3710429
vt 0.6466916 0.3704087
vt 0.6381248 0.3771257
vt 0.6275577 0.3539128
vt 0.6258092 0.3145083
vt 0.6286533 0.3763695
vt 0.6290113 0.3826676
vt 0.6281768 0.36699
vt 0.6171548 0.3397161
vt 0.6190791 0.3806137
vt 0.6194437 0.3870773
vt 0.6179591 0.3575657
vt 0.6185923 0.3709874
vt 0.6091538 0.3837824
vt 0.6095232 0.3903638
vt 0.6086599 0.3739802
vt 0.6080165 0.360313
vt 0.6071989 0.3421367
vt 0.616168 0.3171224
vt 0.5989808 0.3858761
vt 0.5993532 0.3925277
vt 0.5984826 0.3759694
vt 0.5978331 0.3621563
vt 0.5970074 0.3437859
vt 0.5886635 0.3868958
vt 0.5890369 0.3935692
vt 0.5881638 0.3769562
vt 0.5875123 0.3630974
vt 0.5783052 0.386842
vt 0.5786776 0.393489
vt 0.5778068 0.3769418
vt 0.5680089 0.3857155
vt 0.5683785 0.3922875
vt 0.5675148 0.3759273
vt 0.5771573 0.363138
vt 0.5866839 0.3446661
vt 0.557391 0.3739138
vt 0.5578782 0.383517
vt 0.5668713 0.3622797
vt 0.5763314 0.3447798
vt 0.5567576 0.3605242
vt 0.547539 0.3709024
vt 0.5480161 0.3802474
vt 0.5660533 0.3441295
vt 0.5559528 0.3427174
vt 0.5469195 0.3578734
vt 0.53804 0.3669336
vt 0.5385043 0.3759497
vt 0.5461333 0.3405463
vt 0.5374382 0.3543635
vt 0.5288889 0.3622053
vt 0.5293384 0.3708377
vt 0.5366756 0.3376472
vt 0.5283077 0.3501708
vt 0.5200586 0.3569545
vt 0.5204918 0.3651671
vt 0.5275728 0.334167
vt 0.5195001 0.3455057
vt 0.5115224 0.3514183
vt 0.5119386 0.3591942
vt 0.5187953 0.3302815
vt 0.5109873 0.3405791
vt 0.5032527 0.345834
vt 0.5036522 0.3531749
vt 0.5103138 0.3261661
vt 0.5027412 0.3356018
vt 0.4952232 0.3404385
vt 0.4956066 0.3473651
vt 0.5020991 0.3219966
vt 0.494734 0.3307845
vt 0.4874065 0.3354691
vt 0.4877755 0.3420211
vt 0.4869376 0.3263379
vt 0.4941215 0.3179486
vt 0.479324 0.3224728
vt 0.4797758 0.3311628
vt 0.4863519 0.3141977
vt 0.471863 0.3193165
vt 0.4723017 0.3276669
vt 0.4787609 0.3109196
vt 0.4645167 0.3166628
vt 0.464945 0.3247689
vt 0.4713176 0.3082152
vt 0.457245 0.3142223
vt 0.4576644 0.3221662
vt 0.4639853 0.3058869
vt 0.4500075 0.3117051
vt 0.4504183 0.3195565
vt 0.4567252 0.3036619
vt 0.4427643 0.3088219
vt 0.4431652 0.3166373
vt 0.4494993 0.301268
vt 0.435475 0.3052828
vt 0.4358637 0.3131061
vt 0.4422691 0.2984325
vt 0.4280996 0.3007985
vt 0.4284723 0.3086605
vt 0.4349962 0.2948831
vt 0.4276421 0.2903471
vt 0.4205981 0.2950793
vt 0.4209496 0.3029982
vt 0.4201687 0.2845523
vt 0.4129224 0.2879223
vt 0.413247 0.2959041
vt 0.4125291 0.2773115
vt 0.4049952 0.279472
vt 0.4052882 0.2875145
vt 0.4046437 0.2687805
vt 0.396731 0.2699595
vt 0.3969903 0.278053
vt 0.3964246 0.2592003
vt 0.3880449 0.2596161
vt 0.3882699 0.2677433
vt 0.3877839 0.248812
vt 0.3788513 0.2486728
vt 0.3790438 0.256809
vt 0.3786335 0.2378567
vt 0.3690653 0.2373609
vt 0.369229 0.2454739
vt 0.3688858 0.2265756
vt 0.3586013 0.2259115
vt 0.3587421 0.2339617
vt 0.3584524 0.2152099
vt 0.3473745 0.2145558
vt 0.3475001 0.222496
vt 0.3472458 0.2040005
vt 0.335356 0.2035175
vt 0.3354756 0.2112968
vt 0.3352352 0.1931763
vt 0.3227434 0.1929907
vt 0.3228652 0.2005696
vt 0.3226197 0.1829162
vt 0.3097909 0.183162
vt 0.3099215 0.1905159
vt 0.3096555 0.1733869
vt 0.2967527 0.174218
vt 0.296897 0.1813375
vt 0.2965992 0.1647549
vt 0.283883 0.1663454
vt 0.2840441 0.173236
vt 0.283707 0.1571869
vt 0.2714359 0.1597308
vt 0.2716155 0.1664131
vt 0.2712354 0.1508493
vt 0.2596656 0.1545608
vt 0.2598636 0.1610704
vt 0.2594407 0.145909
vt 0.2488264 0.151022
vt 0.2490409 0.1574097
vt 0.2485792 0.1425324
vt 0.2391122 0.1492507
vt 0.2393426 0.1555752
vt 0.2388453 0.1408423
vt 0.230478 0.1491819
vt 0.2307337 0.1554816
vt 0.230185 0.1407857
vt 0.2228183 0.1507004
vt 0.2231219 0.156986
vt 0.2224823 0.1422663
vt 0.2160278 0.1536909
vt 0.2164149 0.1599456
vt 0.2156212 0.145187
vt 0.2100038 0.1580518
vt 0.2105314 0.1642149
vt 0.2094799 0.1494706
vt 0.2046535 0.1637371
vt 0.2054347 0.1696367
vt 0.2039127 0.155116
vt 0.1987406 0.1622296
vt 0.19993 0.1707349
vt 0.1933581 0.1721067
vt 0.1960643 0.1791271
vt 0.2152106 0.1342348
vt 0.2090007 0.1382054
vt 0.2033388 0.1433083
vt 0.1980682 0.1492858
vt 0.193061 0.1549981
vt 0.222119 0.1315137
vt 0.2298546 0.1301386
vt 0.2385399 0.1302007
vt 0.2482978 0.1317911
vt 0.2591873 0.1349624
vt 0.271013 0.1396119
vt 0.2835158 0.1455984
vt 0.2964363 0.1527807
vt 0.3095157 0.1610177
vt 0.3224945 0.170168
vt 0.3351138 0.1800903
vt 0.3471143 0.1906435
vt 0.3582954 0.2016675
vt 0.36869 0.2129274
vt 0.3783892 0.2241694
vt 0.3874849 0.2351398
vt 0.396068 0.2455849
vt 0.4042301 0.255251
vt 0.4120625 0.2638843
vt 0.3469839 0.1750459
vt 0.3581351 0.1858534
vt 0.3684843 0.1969896
vt 0.3781271 0.2081859
vt 0.3871587 0.2191741
vt 0.3956746 0.2296856
vt 0.4037701 0.2394519
vt 0.3349951 0.1648094
vt 0.3223714 0.1552816
vt 0.3093753 0.1465742
vt 0.2962692 0.1387988
vt 0.2833154 0.132067
vt 0.2707764 0.1264904
vt 0.2589144 0.1221807
vt 0.2479921 0.1192494
vt 0.2382069 0.1177739
vt 0.2294976 0.1176942
vt 0.2217378 0.1189164
vt 0.2148015 0.121346
vt 0.2085612 0.124857
vt 0.2028838 0.1291952
vt 0.1976403 0.1339952
vt 0.1927218 0.1385758
vt 0.2291277 0.1040585
vt 0.2213493 0.1051087
vt 0.2143977 0.1072107
vt 0.2081462 0.1102331
vt 0.2024699 0.1139138
vt 0.1972454 0.1179482
vt 0.1923514 0.1219923
vt 0.2378605 0.1041589
vt 0.2476751 0.1055087
vt 0.2586334 0.108177
vt 0.2705349 0.1121143
vt 0.2831138 0.1172416
vt 0.296104 0.1234796
vt 0.3092396 0.1307492
vt 0.3222546 0.1389712
vt 0.334883 0.1480666
vt 0.3468589 0.157956
vt 0.3579773 0.1685262
vt 0.368277 0.1795268
vt 0.3778577 0.1906732
vt 0.3868193 0.2016807
vt 0.3952613 0.2122649
vt 0.3221481 0.1219508
vt 0.3347815 0.1305947
vt 0.346744 0.140122
vt 0.3578282 0.1504445
vt 0.3680761 0.1613036
vt 0.377592 0.1723977
vt 0.3864804 0.1834256
vt 0.3091134 0.1142354
vt 0.2959471 0.1074938
vt 0.2829189 0.1017712
vt 0.2702985 0.097113
vt 0.2583556 0.09356432
vt 0.2473597 0.0911705
vt 0.2375145 0.08995289
vt 0.2287584 0.08983719
vt 0.2209637 0.09072524
vt 0.2140025 0.09251884
vt 0.2077477 0.0951011
vt 0.2020738 0.09828033
vt 0.1968558 0.1018461
vt 0.1919686 0.1055879
vt 0.2284037 0.07563363
vt 0.2205926 0.07639199
vt 0.2136218 0.07794037
vt 0.2073634 0.08018366
vt 0.2016903 0.08299513
vt 0.1964756 0.08623999
vt 0.1915924 0.08978367
vt 0.2371831 0.0757526
vt 0.2470589 0.07683641
vt 0.2580922 0.07895572
vt 0.2700765 0.08211572
vt 0.2827384 0.08630495
vt 0.2958046 0.09151208
vt 0.3090017 0.09772575
vt 0.3220561 0.1049346
vt 0.3346945 0.1131271
vt 0.3466436 0.122292
vt 0.3576936 0.1323668
vt 0.3678896 0.1430844
vt 0.3773409 0.1541263
vt 0.295683 0.07620506
vt 0.3089094 0.0819129
vt 0.3219828 0.08863632
vt 0.334626 0.09639645
vt 0.3465621 0.1052144
vt 0.3575794 0.1150518
vt 0.3677259 0.1256338
vt 0.2825804 0.07149175
vt 0.2698787 0.06775177
vt 0.2578547 0.06496423
vt 0.2467855 0.06310788
vt 0.2368804 0.06215374
vt 0.2280785 0.06204113
vt 0.2202512 0.06270151
vt 0.2132702 0.06406628
vt 0.2070069 0.06606445
vt 0.2013331 0.06861575
vt 0.1961206 0.07163753
vt 0.1912412 0.07504721
vt 0.227798 0.04965082
vt 0.2199558 0.05023831
vt 0.2129648 0.05146763
vt 0.2066961 0.0532921
vt 0.2010207 0.055664
vt 0.1958096 0.05853526
vt 0.1909338 0.06185786
vt 0.2366205 0.04975146
vt 0.2465524 0.05058651
vt 0.2576545 0.05220287
vt 0.2697146 0.05465074
vt 0.2824527 0.05798066
vt 0.2955885 0.06224348
vt 0.3088418 0.06748974
vt 0.3219323 0.07377034
vt 0.3345799 0.08113588
vt 0.3465044 0.0896371
vt 0.3574917 0.09925808
vt 0.269594 0.04344164
vt 0.2823631 0.04642069
vt 0.2955274 0.05029777
vt 0.3088036 0.05514902
vt 0.3219089 0.0610505
vt 0.3345602 0.06807831
vt 0.3464746 0.07630849
vt 0.2575028 0.04128473
vt 0.2463727 0.03987367
vt 0.2364179 0.03914109
vt 0.2275776 0.03905365
vt 0.2197224 0.03958677
vt 0.2127227 0.04071558
vt 0.206449 0.04241559
vt 0.2007717 0.04466191
vt 0.1955615 0.0474299
vt 0.1906888 0.0506949
vt 0.2274286 0.03069234
vt 0.219563 0.03118375
vt 0.2125563 0.03223577
vt 0.2062785 0.03384116
vt 0.2005998 0.0359928
vt 0.1953902 0.03868325
vt 0.1905199 0.04190551
vt 0.2362828 0.03076881
vt 0.2462557 0.03142051
vt 0.257408 0.03266934
vt 0.2695236 0.03459665
vt 0.2823173 0.03729855
vt 0.295504 0.04087102
vt 0.3087984 0.04541035
vt 0.3219153 0.05101243
vt 0.3345697 0.05777353
vt 0.2461967 0.02507621
vt 0.2573656 0.02620316
vt 0.2362102 0.02448541
vt 0.2694996 0.02795789
vt 0.2273454 0.02441709
vt 0.2823118 0.03045149
vt 0.2194721 0.02487706
vt 0.2955153 0.03379509
vt 0.2124601 0.02587137
vt 0.3088233 0.03809991
vt 0.2061793 0.02740578
vt 0.321949 0.04347709
vt 0.2004995 0.02948619
vt 0.1952904 0.03211845
vt 0.1904219 0.03530848
vt 0.3346055 0.0500377
vt 0.1857543 0.03903423
vt 0.346476 0.0657896
vt 0.346506 0.05789292
vt 0.1858495 0.04562758
vt 0.1811104 0.04316229
vt 0.3574363 0.08574416
vt 0.3574176 0.07507889
vt 0.3574323 0.06707224
vt 0.1860147 0.05441217
vt 0.1812022 0.04971991
vt 0.1763034 0.04753104
vt 0.3675929 0.1097163
vt 0.3674495 0.08534759
vt 0.3674413 0.07727811
vt 0.3674988 0.09609649
vt 0.1862551 0.06556979
vt 0.1763917 0.05402809
vt 0.1711464 0.05197924
vt 0.1813628 0.0584569
vt 0.3766954 0.09622404
vt 0.3766584 0.08813137
vt 0.376783 0.1070038
vt 0.1865575 0.07875749
vt 0.1712316 0.05839786
vt 0.1654528 0.05634536
vt 0.1815977 0.0695532
vt 0.1765476 0.06268442
vt 0.1869043 0.09350112
vt 0.1655357 0.06267495
vt 0.1590359 0.06046808
vt 0.1818945 0.08266225
vt 0.1767768 0.07367635
vt 0.1713834 0.0669499
vt 0.1872776 0.1093265
vt 0.1591177 0.06670509
vt 0.1517087 0.06418587
vt 0.1822369 0.09730603
vt 0.1770679 0.08665061
vt 0.1716074 0.07780749
vt 0.1656844 0.07110853
vt 0.187657 0.1257649
vt 0.1517912 0.07033405
vt 0.1432847 0.06733744
vt 0.182608 0.1130067
vt 0.1774059 0.1011218
vt 0.1718934 0.09061189
vt 0.1659046 0.08181466
vt 0.159265 0.07501557
vt 0.1433701 0.07340753
vt 0.1336873 0.06984437
vt 0.1519395 0.07852626
vt 0.1594835 0.08556503
vt 0.1661867 0.09443359
vt 0.1722275 0.1048717
vt 0.1337819 0.07584904
vt 0.1232817 0.07196052
vt 0.1435223 0.08149573
vt 0.1521592 0.08892572
vt 0.159764 0.09799674
vt 0.1234097 0.07789367
vt 0.1125433 0.07402286
vt 0.1339426 0.08385009
vt 0.1437469 0.09176362
vt 0.1127505 0.07985416
vt 0.1019475 0.07636833
vt 0.1235902 0.08579813
vt 0.1023014 0.08204345
vt 0.09194031 0.07932104
vt 0.1665177 0.1084736
vt 0.1524413 0.1011807
vt 0.1341746 0.09400749
vt 0.1129695 0.08761965
vt 0.0925355 0.08474053
vt 0.08284977 0.08315362
vt 0.1600939 0.1118233
vt 0.1440348 0.103865
vt 0.1238221 0.09583272
vt 0.1025853 0.0895942
vt 0.08382964 0.08808924
vt 0.07496133 0.08815435
vt 0.1527732 0.1148109
vt 0.1344692 0.1059806
vt 0.1131823 0.09747633
vt 0.09292316 0.09194595
vt 0.07652187 0.09224372
vt 0.06850672 0.09472504
vt 0.1443732 0.1173269
vt 0.1241029 0.1076657
vt 0.102748 0.09917542
vt 0.08439237 0.09467694
vt 0.07086608 0.09764844
vt 0.06362212 0.1031853
vt 0.06686091 0.1050525
vt 0.07742202 0.09766108
vt 0.09298685 0.1011009
vt 0.1134033 0.10911
vt 0.07292816 0.1001919
vt 0.08426639 0.1031592
vt 0.1028375 0.1105035
vt 0.07112557 0.1060156
vt 0.06398398 0.1145197
vt 0.07690889 0.105079
vt 0.09284163 0.1119735
vt 0.06914049 0.1150217
vt 0.06194922 0.1257674
vt 0.08372733 0.113399
vt 0.07575959 0.1145514
vt 0.06756386 0.126038
vt 0.06069273 0.1383981
vt 0.07469594 0.1257996
vt 0.08315143 0.1251461
vt 0.0926559 0.124231
vt 0.102927 0.1231852
vt 0.06654671 0.1385386
vt 0.06015581 0.1519661
vt 0.07398462 0.1384268
vt 0.08277038 0.1380779
vt 0.09257999 0.1375315
vt 0.06613883 0.1520298
vt 0.06016624 0.1659133
vt 0.07374969 0.1519877
vt 0.08272904 0.1518174
vt 0.06620893 0.1659342
vt 0.06052366 0.1796541
vt 0.07390025 0.165924
vt 0.0665805 0.179654
vt 0.06102747 0.1926023
vt 0.1030893 0.1368273
vt 0.09272301 0.1515008
vt 0.08296931 0.1658429
vt 0.07429156 0.1796495
vt 0.06707692 0.1925913
vt 0.06151175 0.2042984
vt 0.1033777 0.1510201
vt 0.09304744 0.1656459
vt 0.08338216 0.1795968
vt 0.07477888 0.192578
vt 0.06755212 0.2042765
vt 0.06194866 0.2147884
vt 0.1037661 0.1652878
vt 0.09347898 0.1794438
vt 0.08385873 0.1925212
vt 0.07524264 0.2042498
vt 0.06798211 0.2147537
vt 0.062345 0.2242445
vt 0.1042085 0.1791382
vt 0.0939433 0.1923714
vt 0.08430922 0.2041803
vt 0.07566378 0.2147114
vt 0.06837329 0.2241956
vt 0.06270754 0.2328391
vt 0.1046591 0.192079
vt 0.09437934 0.2040221
vt 0.08472013 0.2146257
vt 0.07604843 0.2241355
vt 0.06873214 0.2327747
vt 0.06304309 0.2407444
vt 0.1050805 0.2037293
vt 0.0947791 0.2144541
vt 0.08509713 0.2240309
vt 0.07640263 0.2326952
vt 0.06906518 0.2406635
vt 0.06335825 0.2481329
vt 0.1054688 0.2141538
vt 0.09514779 0.2238419
vt 0.08544591 0.2325694
vt 0.07673252 0.2405633
vt 0.06937876 0.2480346
vt 0.06365994 0.2551767
vt 0.1058289 0.2235285
vt 0.09549066 0.2323598
vt 0.08577213 0.2404146
vt 0.0770441 0.2479128
vt 0.0696795 0.2550607
vt 0.06395489 0.2620482
vt 0.1061655 0.2320293
vt 0.09581283 0.2401826
vt 0.08608139 0.2477401
vt 0.07734355 0.2549165
vt 0.06997371 0.2619141
vt 0.06424996 0.2689214
vt 0.1064835 0.2398324
vt 0.09611955 0.2474845
vt 0.08637941 0.2547194
vt 0.07763696 0.2617475
vt 0.07026821 0.2687693
vt 0.06455287 0.2759771
vt 0.1067876 0.2471137
vt 0.09641603 0.2544401
vt 0.0866718 0.261526
vt 0.0779306 0.2685802
vt 0.07057047 0.2758072
vt 0.06487146 0.2833979
vt 0.1070825 0.2540492
vt 0.09670746 0.2612238
vt 0.08696461 0.268335
vt 0.07823214 0.2755961
vt 0.07088843 0.2832107
vt 0.0652135 0.2913661
vt 0.107373 0.260815
vt 0.09699947 0.2680117
vt 0.08726531 0.2753282
vt 0.07854933 0.2829784
vt 0.07122988 0.2911626
vt 0.06558684 0.3000644
vt 0.1076644 0.2675881
vt 0.09729949 0.2749856
vt 0.08758178 0.2826889
vt 0.07889009 0.2909102
vt 0.0716027 0.2998457
vt 0.06599927 0.3096752
vt 0.107964 0.2745505
vt 0.09761536 0.2823288
vt 0.08792183 0.2906005
vt 0.07926223 0.2995745
vt 0.07201466 0.3094427
vt 0.0664587 0.320381
vt 0.1082796 0.281885
vt 0.0979549 0.2902248
vt 0.08829334 0.2992463
vt 0.07967362 0.3091546
vt 0.07247365 0.3201364
vt 0.06697285 0.3323644
vt 0.108619 0.2897746
vt 0.098326 0.2988569
vt 0.08870417 0.3088098
vt 0.08013204 0.3198335
vt 0.07298747 0.3321096
vt 0.06757271 0.3456746
vt 0.1089901 0.2984023
vt 0.09873646 0.3084085
vt 0.08916214 0.3194743
vt 0.08064547 0.3317943
vt 0.07358304 0.34541
vt 0.06838122 0.3598281
vt 0.1094006 0.3079509
vt 0.09919417 0.319063
vt 0.08967513 0.3314232
vt 0.0812358 0.3450872
vt 0.07436374 0.3595445
vt 0.06954461 0.3742082
vt 0.1098584 0.3186035
vt 0.09970692 0.3310036
vt 0.09025991 0.3447119
vt 0.08198214 0.3592302
vt 0.07545197 0.3738846
vt 0.07120901 0.388198
vt 0.1103712 0.330543
vt 0.1002866 0.3442923
vt 0.0909692 0.3588845
vt 0.08297753 0.3736084
vt 0.07697013 0.3878023
vt 0.07349548 0.4012105
vt 0.110947 0.3438365
vt 0.100961 0.3585047
vt 0.09186456 0.3733568
vt 0.08431521 0.3876067
vt 0.1115934 0.3580885
vt 0.1017619 0.3730949
vt 0.09300759 0.387545
vt 0.1123184 0.3727876
vt 0.1027212 0.387517
vt 0.1131299 0.3874224
vt 0.08603847 0.400641
vt 0.09441358 0.4009044
vt 0.1038374 0.4012574
vt 0.1140176 0.4014992
vt 0.07899857 0.400692
vt 0.1231782 0.3724107
vt 0.123896 0.3871862
vt 0.1246397 0.401482
vt 0.1225011 0.3576368
vt 0.1218721 0.3433532
vt 0.1212984 0.3300486
vt 0.1207851 0.3180999
vt 0.1203267 0.3074371
vt 0.1199156 0.2978781
vt 0.119544 0.2892411
vt 0.1192041 0.2813441
vt 0.1188883 0.2740051
vt 0.1185887 0.2670422
vt 0.1182976 0.2602734
vt 0.1180078 0.2535175
vt 0.1177144 0.2465956
vt 0.1174129 0.2393293
vt 0.1170992 0.2315405
vt 0.1167686 0.2230509
vt 0.116417 0.2136821
vt 0.11604 0.203256
vt 0.1156331 0.1915943
vt 0.1151973 0.1786274
vt 0.1147549 0.1647203
vt 0.1143335 0.1503468
vt 0.1139605 0.1359808
vt 0.1136552 0.1220889
vt 0.1244297 0.1208431
vt 0.1247995 0.1349106
vt 0.1252069 0.1494121
vt 0.1256366 0.1638831
vt 0.1260709 0.1778572
vt 0.1348144 0.1193037
vt 0.1351984 0.133511
vt 0.1356088 0.1481364
vt 0.1360321 0.1627129
vt 0.1447492 0.1316764
vt 0.1451498 0.1464406
vt 0.1531422 0.1293359
vt 0.1364545 0.1767732
vt 0.1455622 0.1611463
vt 0.1535355 0.1442751
vt 0.1604602 0.1265573
vt 0.1459735 0.1753208
vt 0.1539403 0.1591476
vt 0.1608501 0.1417104
vt 0.1668843 0.123443
vt 0.1543439 0.1734719
vt 0.1612496 0.1567903
vt 0.1672725 0.1388466
vt 0.1725955 0.1200956
vt 0.1616447 0.1713034
vt 0.1676655 0.1541758
vt 0.1729818 0.135784
vt 0.1777755 0.1166044
vt 0.1781583 0.1325994
vt 0.1829877 0.1292755
vt 0.1733636 0.1514055
vt 0.1680456 0.1689185
vt 0.1785234 0.148553
vt 0.1880116 0.1423695
vt 0.1833405 0.1455811
vt 0.1882808 0.1586647
vt 0.1737164 0.1664205
vt 0.1836145 0.1613506
vt 0.1882252 0.17392
vt 0.1910138 0.1868539
vt 0.1875564 0.1871523
vt 0.1788353 0.1638941
vt 0.1837061 0.1758887
vt 0.179052 0.1780363
vt 0.1835504 0.1886407
vt 0.1868189 0.1983622
vt 0.1740158 0.1802892
vt 0.1832872 0.1997371
vt 0.1863185 0.2080643
vt 0.1791482 0.1905322
vt 0.1683953 0.1825626
vt 0.1830812 0.2094848
vt 0.1860651 0.2167121
vt 0.179173 0.2015052
vt 0.1742466 0.1926022
vt 0.1620212 0.1847564
vt 0.1829918 0.2182107
vt 0.1860201 0.2246913
vt 0.1687023 0.1947182
vt 0.1744297 0.2034697
vt 0.1791902 0.2112225
vt 0.1547332 0.1867672
vt 0.1830409 0.2262284
vt 0.1861365 0.2322519
vt 0.1623687 0.1967728
vt 0.1689764 0.2054843
vt 0.1745954 0.2131321
vt 0.1792509 0.2199535
vt 0.1463707 0.188491
vt 0.1832055 0.2337797
vt 0.1863651 0.23961
vt 0.1550984 0.1986653
vt 0.1626909 0.2074431
vt 0.1692325 0.215082
vt 0.1747738 0.2218295
vt 0.1793912 0.2279606
vt 0.1368622 0.1898499
vt 0.1467439 0.2002946
vt 0.1554408 0.2092509
vt 0.1629948 0.2169749
vt 0.1694859 0.2237326
vt 0.1749888 0.2297988
vt 0.1264919 0.1908678
vt 0.1372442 0.2015845
vt 0.1268854 0.2025564
vt 0.1470938 0.2108119
vt 0.127252 0.2129964
vt 0.1376016 0.2120539
vt 0.1557647 0.2187218
vt 0.1275956 0.2223691
vt 0.137938 0.2214434
vt 0.1474244 0.2202338
vt 0.1632878 0.2255756
vt 0.1279202 0.2308561
vt 0.1382574 0.2299387
vt 0.1477393 0.2287511
vt 0.1560741 0.2272759
vt 0.1697489 0.2316557
vt 0.12823 0.2386386
vt 0.1385635 0.2377253
vt 0.1480423 0.2365548
vt 0.1635763 0.2334521
vt 0.1563733 0.2351109
vt 0.1285289 0.245898
vt 0.1388601 0.2449888
vt 0.148337 0.2438359
vt 0.156666 0.2424245
vt 0.1638634 0.2408099
vt 0.1700229 0.2390649
vt 0.128821 0.2528158
vt 0.1391512 0.2519148
vt 0.1486274 0.2507852
vt 0.1569558 0.249414
vt 0.1641515 0.2478535
vt 0.1291104 0.2595733
vt 0.1394405 0.2586887
vt 0.148917 0.2575936
vt 0.1572462 0.256277
vt 0.1294016 0.2663518
vt 0.1397323 0.2654948
vt 0.1492102 0.2644492
vt 0.1297017 0.2733315
vt 0.1400338 0.272512
vt 0.1300185 0.2806928
vt 0.164443 0.2547877
vt 0.1575416 0.2632062
vt 0.1495138 0.2715287
vt 0.1403523 0.2799177
vt 0.1303595 0.2886156
vt 0.1647412 0.2618103
vt 0.1578484 0.2703751
vt 0.149835 0.2790057
vt 0.1406953 0.2878895
vt 0.1307324 0.2972804
vt 0.1650532 0.26909
vt 0.158174 0.2779523
vt 0.1501812 0.2870541
vt 0.1410704 0.296605
vt 0.1311448 0.3068673
vt 0.1653871 0.2767886
vt 0.1585255 0.2861066
vt 0.1505596 0.2958476
vt 0.1414851 0.3062415
vt 0.1316044 0.3175563
vt 0.1657507 0.2850679
vt 0.15891 0.2950067
vt 0.1509776 0.30556
vt 0.1419468 0.3169766
vt 0.1321189 0.3295278
vt 0.1661515 0.2940905
vt 0.1593343 0.3048218
vt 0.1514425 0.316365
vt 0.1424632 0.328988
vt 0.1326922 0.3428524
vt 0.1665944 0.304022
vt 0.1598053 0.3157213
vt 0.1519615 0.3284364
vt 0.1430374 0.3423448
vt 0.1333128 0.3571631
vt 0.1670835 0.3150291
vt 0.1603296 0.3278744
vt 0.1525378 0.3418409
vt 0.1436557 0.3566841
vt 0.1339656 0.3719832
vt 0.1676231 0.3272784
vt 0.1609097 0.3413442
vt 0.1531573 0.3562165
vt 0.1443003 0.3715346
vt 0.1346356 0.3868361
vt 0.1682139 0.3408307
vt 0.1615319 0.35577
vt 0.1538017 0.3710945
vt 0.1449531 0.386425
vt 0.1353054 0.4012476
vt 0.1688425 0.3553243
vt 0.1621781 0.3706844
vt 0.1544527 0.3860059
vt 0.1455959 0.4008844
vt 0.1694921 0.3702919
vt 0.1628302 0.3856206
vt 0.1550921 0.4004816
vt 0.1701459 0.3852663
vt 0.1634703 0.4001114
vt 0.1707868 0.3997807
vt 0.1462094 0.4144431
vt 0.1557016 0.4140528
vt 0.16408 0.4136904
vt 0.1713971 0.4133717
vt 0.1359486 0.4147519
vt 0.1253639 0.414847
vt 0.1148999 0.4145956
vt 0.1049761 0.4139305
vt 0.09591213 0.4130465
vt 0.08799091 0.4122506
vt 0.1467739 0.4266313
vt 0.1365367 0.4268862
vt 0.1260161 0.4268373
vt 0.115677 0.4263067
vt 0.1059653 0.4251858
vt 0.09725261 0.4236425
vt 0.1562628 0.4262506
vt 0.1646414 0.425891
vt 0.1719586 0.4255769
vt 0.1265435 0.4370091
vt 0.1162491 0.4362279
vt 0.1066163 0.4346825
vt 0.1370411 0.4371869
vt 0.1472698 0.4369797
vt 0.1567575 0.4366059
vt 0.1651361 0.4362468
vt 0.1724534 0.4359332
vt 0.1269097 0.4450396
vt 0.1374415 0.4453158
vt 0.1476828 0.4451448
vt 0.1571723 0.4447763
vt 0.1655509 0.4444171
vt 0.1728682 0.4441036
vt 0.1165489 0.4440667
vt 0.1377506 0.4514344
vt 0.1271443 0.4510886
vt 0.1480194 0.451289
vt 0.1575128 0.4509242
vt 0.1658915 0.450565
vt 0.1732087 0.4502515
vt 0.1166382 0.4499801
vt 0.1796164 0.449977
vt 0.1067998 0.442183
vt 0.1066425 0.4478514
vt 0.1792758 0.4438291
vt 0.1852662 0.4497353
vt 0.09802213 0.4393166
vt 0.09745753 0.4445012
vt 0.09804893 0.432444
vt 0.1788611 0.4356588
vt 0.1849256 0.4435873
vt 0.1903098 0.4495196
vt 0.09053659 0.4353854
vt 0.08934033 0.4397131
vt 0.08988091 0.4220304
vt 0.09098107 0.4297144
vt 0.1783662 0.4253014
vt 0.1899692 0.4433717
vt 0.194899 0.4493236
vt 0.1845108 0.435417
vt 0.08144861 0.4120398
vt 0.08413061 0.4213018
vt 0.1778045 0.4130895
vt 0.1945585 0.4431757
vt 0.1991856 0.4491407
vt 0.184016 0.4250581
vt 0.1895545 0.4352013
vt 0.1771936 0.3994797
vt 0.198845 0.4429928
vt 0.2033212 0.4489646
vt 0.1834539 0.412836
vt 0.1890596 0.4248406
vt 0.1941437 0.4350053
vt 0.1765514 0.3849289
vt 0.2029806 0.4428167
vt 0.2074387 0.4488021
vt 0.1828422 0.3991988
vt 0.1884972 0.4126054
vt 0.1936488 0.4246429
vt 0.1984303 0.4348225
vt 0.1758951 0.3698964
vt 0.2070981 0.4426541
vt 0.2115952 0.4487132
vt 0.1821984 0.3845944
vt 0.1878844 0.3989325
vt 0.1930861 0.4123963
vt 0.1979354 0.4244596
vt 0.2025659 0.4346463
vt 0.2112543 0.4425654
vt 0.215829 0.4487717
vt 0.2066833 0.4344838
vt 0.2020711 0.4242848
vt 0.1973728 0.4122089
vt 0.1924728 0.3986924
vt 0.2154872 0.442624
vt 0.2201783 0.449051
vt 0.210839 0.4343951
vt 0.2061886 0.4241259
vt 0.2015092 0.4120433
vt 0.2198347 0.4429037
vt 0.2246814 0.4496245
vt 0.2150708 0.4344541
vt 0.210344 0.4240426
vt 0.2243349 0.4434779
vt 0.2293764 0.4505659
vt 0.219416 0.4347343
vt 0.2290256 0.4444203
vt 0.2343016 0.4519488
vt 0.1967597 0.3984941
vt 0.2056279 0.4119103
vt 0.2145745 0.4241075
vt 0.2239123 0.4353094
vt 0.2339448 0.4458045
vt 0.2394953 0.4538465
vt 0.200898 0.3983534
vt 0.2097845 0.4118637
vt 0.218917 0.4243931
vt 0.2285973 0.4362531
vt 0.2391305 0.4477041
vt 0.2449768 0.4563023
vt 0.2050203 0.3982905
vt 0.2140151 0.4119681
vt 0.2234086 0.4249724
vt 0.2335085 0.4376392
vt 0.2446018 0.450162
vt 0.2506896 0.4592385
vt 0.209181 0.3983434
vt 0.2183557 0.4122879
vt 0.2280864 0.4259194
vt 0.2386836 0.4395412
vt 0.2503022 0.4530985
vt 0.2565586 0.4625471
vt 0.2134147 0.3985542
vt 0.2228426 0.4128899
vt 0.2329875 0.4273083
vt 0.2441412 0.4420017
vt 0.2561567 0.4564035
vt 0.2625083 0.4661197
vt 0.2177557 0.3989656
vt 0.2275124 0.4138499
vt 0.2498252 0.4449387
vt 0.2620898 0.4599666
vt 0.2684636 0.4698485
vt 0.2222391 0.3996273
vt 0.2556603 0.4482389
vt 0.2680266 0.4636776
vt 0.2743491 0.4736253
vt 0.2615713 0.4517893
vt 0.2738916 0.4674262
vt 0.2800895 0.477342
vt 0.2674834 0.4554767
vt 0.2796097 0.4711022
vt 0.2856096 0.4808906
vt 0.2733212 0.4591878
vt 0.2851057 0.4745952
vt 0.2908557 0.4841792
vt 0.2790098 0.4628095
vt 0.2903263 0.4778127
vt 0.2958619 0.4871814
vt 0.2844737 0.4662286
vt 0.295306 0.4807325
vt 0.3006837 0.489887
vt 0.2896603 0.4693514
vt 0.3001012 0.4833504
vt 0.3053767 0.4922858
vt 0.2946047 0.4721617
vt 0.3047682 0.4856618
vt 0.3099966 0.4943677
vt 0.2993645 0.4746627
vt 0.3093635 0.4876624
vt 0.3145989 0.4961224
vt 0.3039969 0.4768579
vt 0.3139435 0.4893477
vt 0.3192394 0.4975398
vt 0.3085595 0.4787503
vt 0.3185645 0.4907134
vt 0.3239737 0.4986097
vt 0.3131096 0.4803433
vt 0.323283 0.4917549
vt 0.32884 0.4993273
vt 0.3177048 0.4816402
vt 0.3281379 0.4924724
vt 0.333807 0.4997099
vt 0.3224025 0.4826442
vt 0.333098 0.4928825
vt 0.3388261 0.4997805
vt 0.3272422 0.4833612
vt 0.3381146 0.4930066
vt 0.3438487 0.4995617
vt 0.3321931 0.4838079
vt 0.343139 0.492866
vt 0.3488262 0.4990762
vt 0.3372062 0.4840033
vt 0.3481225 0.4924819
vt 0.3537099 0.498347
vt 0.3422329 0.4839668
vt 0.3530163 0.4918756
vt 0.3584512 0.4973969
vt 0.3472243 0.4837175
vt 0.3577718 0.4910682
vt 0.3630015 0.4962484
vt 0.3521317 0.4832746
vt 0.3623403 0.4900812
vt 0.3673105 0.4949005
vt 0.3569061 0.4826575
vt 0.3666707 0.4889142
vt 0.3713216 0.4932568
vt 0.361499 0.4818851
vt 0.370702 0.4874817
vt 0.3749769 0.4911969
vt 0.3658586 0.4809586
vt 0.3743709 0.4856767
vt 0.3782182 0.4886005
vt 0.3776142 0.4833922
vt 0.3699228 0.4798052
vt 0.3736263 0.4783338
vt 0.376904 0.4764537
vt 0.3803748 0.4805405
vt 0.3796972 0.4741106
vt 0.3604651 0.4715156
vt 0.3648628 0.4708931
vt 0.3689744 0.4700908
vt 0.3727379 0.4690363
vt 0.3760908 0.467657
vt 0.3789798 0.4659256
vt 0.3813869 0.4639953
vt 0.3819729 0.4713968
vt 0.3807951 0.4551943
vt 0.3782083 0.4563273
vt 0.3751866 0.457372
vt 0.3717327 0.4581748
vt 0.3678925 0.458747
vt 0.3637227 0.4591407
vt 0.3801088 0.4454165
vt 0.3773614 0.445778
vt 0.3742055 0.4460932
vt 0.3706456 0.4462709
vt 0.3824539 0.4451293
vt 0.382962 0.4542037
vt 0.38173 0.4354717
vt 0.3792816 0.4351329
vt 0.3807824 0.4257847
vt 0.3764232 0.434746
vt 0.378304 0.4248303
vt 0.379715 0.4166376
vt 0.377273 0.4150101
vt 0.3731618 0.4343152
vt 0.3753985 0.4237039
vt 0.3743685 0.413135
vt 0.3763212 0.406168
vt 0.37208 0.422534
vt 0.3695115 0.4338459
vt 0.3734357 0.4035239
vt 0.3756186 0.3987625
vt 0.3727066 0.3953505
vt 0.3710263 0.4112511
vt 0.3667237 0.4463177
vt 0.3683699 0.4214219
vt 0.3700773 0.4009698
vt 0.3655148 0.4333472
vt 0.3624913 0.4462648
vt 0.3672773 0.4095233
vt 0.3643138 0.4203799
vt 0.3592804 0.4594081
vt 0.3612207 0.4328292
vt 0.3558415 0.472016
vt 0.358 0.4461434
vt 0.351043 0.4723924
vt 0.3546208 0.4595907
vt 0.3461186 0.4726281
vt 0.3497943 0.4596859
vt 0.353301 0.4459777
vt 0.356679 0.432302
vt 0.3411171 0.4727068
vt 0.3448499 0.4596798
vt 0.3484437 0.4457645
vt 0.3360876 0.4726115
vt 0.3398367 0.4595589
vt 0.3310787 0.4723257
vt 0.3599639 0.4193976
vt 0.3519388 0.4317729
vt 0.3434775 0.4454934
vt 0.3348037 0.4593098
vt 0.3261395 0.4718329
vt 0.363174 0.4079608
vt 0.3470495 0.4312379
vt 0.3384514 0.445154
vt 0.3297999 0.4589185
vt 0.3213189 0.4711162
vt 0.3662952 0.3986752
vt 0.3420605 0.4306901
vt 0.3334146 0.4447361
vt 0.3248744 0.4583717
vt 0.3166477 0.4701599
vt 0.3693096 0.3921931
vt 0.3687788 0.3852971
vt 0.3722585 0.3889692
vt 0.364891 0.3820986
vt 0.3654847 0.3894026
vt 0.3606534 0.3793088
vt 0.36215 0.3966351
vt 0.3200761 0.4576555
vt 0.3612963 0.3869483
vt 0.3587742 0.4065337
vt 0.357705 0.3948012
vt 0.3553725 0.4184647
vt 0.3541357 0.4052122
vt 0.3505912 0.4175721
vt 0.3456698 0.4167153
vt 0.3493149 0.4039713
vt 0.3530236 0.393125
vt 0.3568099 0.3847641
vt 0.3561288 0.376845
vt 0.3556466 0.3709024
vt 0.3602052 0.3735793
vt 0.3508746 0.3685006
vt 0.3513802 0.3746243
vt 0.3459445 0.366294
vt 0.3520914 0.3827839
vt 0.3464683 0.3725791
vt 0.3409072 0.3642737
vt 0.3481669 0.3915665
vt 0.3414453 0.3707017
vt 0.3358128 0.3624488
vt 0.3472039 0.3809534
vt 0.3443629 0.4028062
vt 0.3363611 0.3689997
vt 0.3307113 0.3608284
vt 0.3431868 0.3901201
vt 0.3421999 0.3792662
vt 0.3406579 0.4158908
vt 0.3312655 0.3674805
vt 0.3256526 0.3594214
vt 0.3393291 0.4017166
vt 0.3381331 0.3887886
vt 0.3371291 0.3777277
vt 0.3370209 0.4301226
vt 0.3262086 0.3661518
vt 0.3206868 0.358237
vt 0.335605 0.4150952
vt 0.3342633 0.4007024
vt 0.3330555 0.3875749
vt 0.3320414 0.3763434
vt 0.3319803 0.4295285
vt 0.3212402 0.3650209
vt 0.3158639 0.3572841
vt 0.3305604 0.4143249
vt 0.329215 0.3997634
vt 0.3280038 0.386482
vt 0.3269868 0.3751187
vt 0.3284164 0.4442292
vt 0.3164103 0.3640955
vt 0.3112339 0.3565718
vt 0.322015 0.3740591
vt 0.3230277 0.3855128
vt 0.3269879 0.428901
vt 0.3235058 0.4436232
vt 0.3117689 0.3633829
vt 0.3068264 0.3560893
vt 0.317176 0.3731702
vt 0.3255737 0.4135768
vt 0.3220929 0.4282332
vt 0.3187321 0.4429077
vt 0.3073458 0.3628721
vt 0.3025901 0.3557466
vt 0.3242338 0.3988997
vt 0.3206944 0.4128472
vt 0.3193694 0.3981109
vt 0.3173447 0.4275182
vt 0.3154359 0.4567548
vt 0.30309 0.3624778
vt 0.2984534 0.355434
vt 0.318177 0.3846701
vt 0.3159718 0.4121328
vt 0.3141258 0.4420679
vt 0.3146714 0.3973971
vt 0.3135012 0.3839567
vt 0.3127739 0.426742
vt 0.3114364 0.4114203
vt 0.3125194 0.3724573
vt 0.3101698 0.3967455
vt 0.3090307 0.3833607
vt 0.3080753 0.3719089
vt 0.3096436 0.4410714
vt 0.3083354 0.425862
vt 0.3070417 0.4106567
vt 0.3058172 0.3960935
vt 0.3047163 0.3828104
vt 0.3037937 0.3714458
vt 0.3109118 0.4556468
vt 0.2989309 0.3620958
vt 0.2943444 0.3550416
vt 0.2947974 0.3616221
vt 0.2901917 0.3544596
vt 0.2996047 0.3709714
vt 0.3004896 0.3822193
vt 0.2906187 0.3609527
vt 0.2859235 0.3535784
vt 0.2954385 0.3703896
vt 0.2863237 0.3599837
vt 0.281468 0.3522879
vt 0.3015464 0.3953657
vt 0.296282 0.3815005
vt 0.2912252 0.3696039
vt 0.2818418 0.3586109
vt 0.2767538 0.3504786
vt 0.2972904 0.3944869
vt 0.3027226 0.4097792
vt 0.2920249 0.3805676
vt 0.2868949 0.3685181
vt 0.277102 0.3567304
vt 0.2717331 0.3480844
vt 0.2929821 0.393382
vt 0.2984136 0.4087251
vt 0.2876497 0.3793338
vt 0.2823777 0.3670358
vt 0.2720574 0.3542808
vt 0.2664558 0.3452151
vt 0.2885545 0.3919755
vt 0.2940493 0.4074315
vt 0.2830878 0.3777127
vt 0.2776038 0.3650606
vt 0.2667577 0.3513706
vt 0.2609954 0.342024
vt 0.2839405 0.3901923
vt 0.2895642 0.4058357
vt 0.2782708 0.3756176
vt 0.2725272 0.362537
vt 0.2612769 0.3481514
vt 0.2554258 0.3386647
vt 0.284893 0.4038749
vt 0.2790731 0.387957
vt 0.2731537 0.3730004
vt 0.2671979 0.3595726
vt 0.2556887 0.3447743
vt 0.2498206 0.3352907
vt 0.2799704 0.4014862
vt 0.2739087 0.3852306
vt 0.2677869 0.3699673
vt 0.2616899 0.3563159
vt 0.2500669 0.3413907
vt 0.2442536 0.3320554
vt 0.2747543 0.3986398
vt 0.2684981 0.3821173
vt 0.2622444 0.3666632
vt 0.256077 0.3529151
vt 0.2444854 0.3381519
vt 0.2387986 0.3291125
vt 0.2692955 0.3954386
vt 0.2629153 0.3787576
vt 0.2566003 0.3632325
vt 0.2504331 0.3495188
vt 0.239018 0.3352093
vt 0.2335293 0.3266153
vt 0.2636687 0.3920181
vt 0.2572346 0.3752919
vt 0.2509285 0.3598201
vt 0.2448323 0.3462754
vt 0.2337386 0.3327141
vt 0.228506 0.3246523
vt 0.2579479 0.3885141
vt 0.2515302 0.3718607
vt 0.2453032 0.3565707
vt 0.2393484 0.3433332
vt 0.2287053 0.3307531
vt 0.2237346 0.3230512
vt 0.2522078 0.3850623
vt 0.2458764 0.3686044
vt 0.2397984 0.3536291
vt 0.2340554 0.3408407
vt 0.2239141 0.329154
vt 0.2192077 0.3215745
vt 0.2344882 0.3511399
vt 0.2290099 0.3388839
vt 0.2403471 0.3656634
vt 0.2465226 0.3817984
vt 0.2193455 0.3276803
vt 0.2149176 0.3199849
vt 0.2242 0.3372996
vt 0.2294283 0.3491902
vt 0.2350168 0.3631781
vt 0.2409666 0.3788581
vt 0.2149799 0.3260951
vt 0.2108657 0.3180345
vt 0.2195963 0.3358622
vt 0.2246023 0.3476364
vt 0.229941 0.3612375
vt 0.2356142 0.376377
vt 0.2107983 0.3241422
vt 0.2070886 0.315433
vt 0.2067837 0.3214867
vt 0.2151697 0.3343461
vt 0.2199752 0.3462771
vt 0.2251011 0.3597241
vt 0.2305212 0.374446
vt 0.2362533 0.3901584
vt 0.2108839 0.3325089
vt 0.2155122 0.344911
vt 0.2204602 0.3584693
vt 0.2256688 0.3729752
vt 0.2066745 0.3300412
vt 0.2029535 0.3177114
vt 0.2111727 0.3433447
vt 0.215981 0.3573041
vt 0.2024394 0.3265458
vt 0.1995435 0.3120496
vt 0.1976312 0.3207359
vt 0.206893 0.3414172
vt 0.2311424 0.3882363
vt 0.2210199 0.3718298
vt 0.2116258 0.3560914
vt 0.2026069 0.3391073
vt 0.2262779 0.386802
vt 0.216537 0.3708749
vt 0.2073531 0.3548208
vt 0.2216229 0.3857497
vt 0.212184 0.3700072
vt 0.2171407 0.3849732
vt 0.2317781 0.4020289
vt 0.2269011 0.4006192
vt 0.2127954 0.3843844
vt 0.2324019 0.4152456
vt 0.2369069 0.4039438
vt 0.207929 0.3692477
vt 0.208554 0.3839664
vt 0.2381491 0.4292135
vt 0.2375478 0.417155
vt 0.2416286 0.3926349
vt 0.2043845 0.3837202
vt 0.2435896 0.4316774
vt 0.2429682 0.4196227
vt 0.2423052 0.4064158
vt 0.2472125 0.3955745
vt 0.2492526 0.4346149
vt 0.2486068 0.4225609
vt 0.247917 0.4093547
vt 0.2529305 0.3988464
vt 0.2550632 0.4379092
vt 0.2543888 0.4258482
vt 0.2536677 0.4126345
vt 0.258708 0.4023197
vt 0.2609464 0.4414436
vt 0.2602394 0.4293638
vt 0.2594825 0.4161294
vt 0.2644704 0.4058638
vt 0.2668272 0.4451009
vt 0.2660837 0.4329862
vt 0.2652867 0.4197134
vt 0.2701434 0.4093477
vt 0.2726305 0.4487646
vt 0.2718467 0.4365944
vt 0.2710057 0.4232608
vt 0.2756522 0.4126407
vt 0.2782815 0.4523176
vt 0.2774539 0.4400671
vt 0.2765648 0.4266456
vt 0.2809225 0.4156121
vt 0.2837051 0.4556431
vt 0.2818892 0.4297421
vt 0.2859028 0.4181611
vt 0.2828301 0.4432834
vt 0.2888485 0.458646
vt 0.2906336 0.4203074
vt 0.2869271 0.4324513
vt 0.2879232 0.4461461
vt 0.2937483 0.4613175
vt 0.2951786 0.4221009
vt 0.2917175 0.4347831
vt 0.2927708 0.4486556
vt 0.2984631 0.4636707
vt 0.2996015 0.4235912
vt 0.2963225 0.4367742
vt 0.2974333 0.450836
vt 0.3030517 0.4657186
vt 0.3039659 0.4248284
vt 0.300804 0.4384614
vt 0.3019707 0.4527118
vt 0.3052237 0.4398816
vt 0.3064435 0.4543073
vt 0.3075729 0.467474
vt 0.3120853 0.4689502
vt 0.8087486 0.04291523
vt 0.8098062 0.04498133
vt 0.7999566 0.04448913
vt 0.8018576 0.04624454
vt 0.7925499 0.04673418
vt 0.8103197 0.04754133
vt 0.8189799 0.04695394
vt 0.8188608 0.04419532
vt 0.8282394 0.04673811
vt 0.8284781 0.04392241
vt 0.837516 0.04696172
vt 0.8381035 0.04419931
vt 0.8462219 0.04755576
vt 0.8471743 0.0449889
vt 0.828024 0.05015961
vt 0.8373109 0.05032285
vt 0.8187624 0.05031139
vt 0.8461288 0.05071402
vt 0.8028905 0.04837562
vt 0.8100191 0.05069293
vt 0.7955012 0.04806934
vt 0.8537157 0.04839455
vt 0.8540046 0.05116283
vt 0.8551294 0.0462551
vt 0.8487188 0.04291522
vt 0.857476 0.04448957
vt 0.8614374 0.04808341
vt 0.8647979 0.04673617
vt 0.8587537 0.04917235
vt 0.8605896 0.05129081
vt 0.8658671 0.05069415
vt 0.8703759 0.04969529
vt 0.8743818 0.04861461
vt 0.8680877 0.04543708
vt 0.8790287 0.05245658
vt 0.8744302 0.05334272
vt 0.8822911 0.05689976
vt 0.8690438 0.05410708
vt 0.8772858 0.05763363
vt 0.8844175 0.06187861
vt 0.8626561 0.05458197
vt 0.8713642 0.05825062
vt 0.8791593 0.06250481
vt 0.8856496 0.06731847
vt 0.8551124 0.05465295
vt 0.8643774 0.05866975
vt 0.8729383 0.06303393
vt 0.8802411 0.06787845
vt 0.8862138 0.07311051
vt 0.8465933 0.05447815
vt 0.85625 0.05883957
vt 0.8656188 0.0634236
vt 0.8738485 0.06835604
vt 0.8807282 0.07363649
vt 0.8863328 0.0791373
vt 0.837381 0.05426727
vt 0.8472123 0.05883444
vt 0.8571406 0.06364716
vt 0.8663385 0.06872919
vt 0.8742474 0.07408762
vt 0.8808187 0.07965077
vt 0.8862291 0.08528151
vt 0.880711 0.08579317
vt 0.8743054 0.08009215
vt 0.8741931 0.08623315
vt 0.8666396 0.07445224
vt 0.8666616 0.08045365
vt 0.8665441 0.08659422
vt 0.8576542 0.06898326
vt 0.8578493 0.07472201
vt 0.8578324 0.08072918
vt 0.8577092 0.08687057
vt 0.8477466 0.06374031
vt 0.8480425 0.06913351
vt 0.848126 0.07490155
vt 0.8480678 0.08091953
vt 0.8479388 0.08706247
vt 0.8375733 0.05875802
vt 0.8377555 0.06375443
vt 0.837827 0.06920259
vt 0.8377951 0.0749989
vt 0.8376945 0.08102726
vt 0.8375595 0.08717167
vt 0.8278291 0.0541637
vt 0.827651 0.05870569
vt 0.8183094 0.05425239
vt 0.827486 0.06374083
vt 0.8273308 0.06921322
vt 0.8271825 0.07502194
vt 0.817766 0.05874017
vt 0.8091958 0.05445078
vt 0.8172573 0.06373431
vt 0.827039 0.0810549
vt 0.8268978 0.08719998
vt 0.8168774 0.06918105
vt 0.8082413 0.0588016
vt 0.802269 0.05113576
vt 0.8166137 0.07497663
vt 0.8164277 0.08100471
vt 0.8162804 0.0871491
vt 0.8073898 0.06370327
vt 0.8008462 0.05461796
vt 0.7979124 0.04915156
vt 0.7958832 0.05126357
vt 0.8067907 0.0690938
vt 0.8064146 0.07486051
vt 0.7993987 0.05879749
vt 0.7909161 0.05067449
vt 0.7935552 0.05454672
vt 0.7982042 0.06359954
vt 0.7868183 0.04969015
vt 0.7897511 0.04545162
vt 0.7833022 0.04862963
vt 0.7875129 0.05408075
vt 0.7915517 0.05862704
vt 0.7973951 0.06893217
vt 0.7825556 0.05333349
vt 0.7849329 0.05821792
vt 0.7900214 0.063375
vt 0.7784566 0.05247087
vt 0.7803369 0.04761847
vt 0.77509 0.05159913
vt 0.7794572 0.05762023
vt 0.7830839 0.0629961
vt 0.7890145 0.06867685
vt 0.7749634 0.05691272
vt 0.7773212 0.06248793
vt 0.7713031 0.05616672
vt 0.7723523 0.05078941
vt 0.7683337 0.05543724
vt 0.7725845 0.06189022
vt 0.7687252 0.06124268
vt 0.7655966 0.06057731
vt 0.7818949 0.06831498
vt 0.7969111 0.07466912
vt 0.7759681 0.06785934
vt 0.7671073 0.06674374
vt 0.7638814 0.0661189
vt 0.7710878 0.0673292
vt 0.788429 0.074398
vt 0.8061872 0.08087798
vt 0.806034 0.08702084
vt 0.7966439 0.08067563
vt 0.796485 0.08681693
vt 0.7881244 0.08039871
vt 0.7879602 0.08653917
vt 0.7812158 0.07404488
vt 0.7808768 0.08004878
vt 0.7807077 0.08618971
vt 0.7752048 0.07361623
vt 0.7748346 0.07963009
vt 0.7746611 0.08577243
vt 0.7702506 0.07312077
vt 0.7698533 0.0791474
vt 0.7696759 0.08529157
vt 0.766208 0.07256716
vt 0.7629321 0.07196318
vt 0.7657878 0.07860554
vt 0.7656071 0.08475139
vt 0.7624934 0.07800923
vt 0.7623101 0.08415617
vt 0.7767738 0.8480323
vt 0.7750446 0.8448068
vt 0.7850236 0.8449546
vt 0.7863514 0.8481493
vt 0.7942343 0.8450196
vt 0.7953573 0.8481984
vt 0.8029019 0.8450267
vt 0.8039522 0.8481954
vt 0.8111282 0.8449913
vt 0.8121955 0.8481535
vt 0.818984 0.844927
vt 0.8201215 0.8480846
vt 0.8265405 0.8448468
vt 0.827764 0.8480011
vt 0.833893 0.8447611
vt 0.8351849 0.8479118
vt 0.8412355 0.8446666
vt 0.8425565 0.8478136
vt 0.8487863 0.8445572
vt 0.8500785 0.8476999
vt 0.8567637 0.8444263
vt 0.8579509 0.8475645
vt 0.8654199 0.8442667
vt 0.8664092 0.8474006
vt 0.8751426 0.8440664
vt 0.875832 0.8472006
vt 0.8863851 0.8437998
vt 0.8867757 0.8469541
vt 0.8361631 0.8517042
vt 0.8435377 0.8516065
vt 0.8509832 0.8514993
vt 0.8586676 0.851379
vt 0.8667668 0.8512465
vt 0.8754874 0.8511202
vt 0.8849511 0.8510571
vt 0.8286909 0.8517956
vt 0.8946366 0.8513276
vt 0.901633 0.8466073
vt 0.8209829 0.8518825
vt 0.8130202 0.8519586
vt 0.8048139 0.8520161
vt 0.7963747 0.852047
vt 0.7877173 0.852048
vt 0.7788693 0.8520336
vt 0.7663329 0.8478263
vt 0.7699809 0.8520603
vt 0.7533272 0.8474494
vt 0.7619784 0.8524141
vt 0.8215888 0.8562685
vt 0.8136154 0.8563536
vt 0.8054828 0.8564324
vt 0.7972504 0.8565032
vt 0.7890081 0.856573
vt 0.7809668 0.8566849
vt 0.77344 0.8569093
vt 0.8293436 0.8561788
vt 0.7670289 0.8573925
vt 0.7564629 0.8534852
vt 0.7622257 0.8582422
vt 0.7703308 0.8626754
vt 0.7660034 0.8634371
vt 0.7759658 0.8621494
vt 0.7826653 0.8618146
vt 0.7900919 0.8616058
vt 0.7723815 0.8682379
vt 0.768346 0.8689595
vt 0.7776067 0.8676955
vt 0.7838537 0.8673071
vt 0.7735386 0.8740349
vt 0.7696759 0.8747353
vt 0.7785334 0.8734845
vt 0.7740468 0.8800098
vt 0.7702727 0.8806993
vt 0.7979442 0.8614675
vt 0.7908732 0.8670347
vt 0.7845227 0.873067
vt 0.7789233 0.8794554
vt 0.7741223 0.8861035
vt 0.7703808 0.8867889
vt 0.7739815 0.8922564
vt 0.7702447 0.8929413
vt 0.7788081 0.8917003
vt 0.7789552 0.8855475
vt 0.7846093 0.8912614
vt 0.7847633 0.8851095
vt 0.7912031 0.8909227
vt 0.7847802 0.8790229
vt 0.7913638 0.8847718
vt 0.7984076 0.8906669
vt 0.7914273 0.8786924
vt 0.7985736 0.884517
vt 0.8060408 0.8904768
vt 0.7912961 0.8727562
vt 0.798674 0.8784444
vt 0.8062099 0.8843275
vt 0.8139207 0.8903353
vt 0.7986434 0.8725264
vt 0.8063324 0.8782594
vt 0.8140912 0.8841863
vt 0.8218654 0.890225
vt 0.7984161 0.8668404
vt 0.8063616 0.8723534
vt 0.8142232 0.8781204
vt 0.8220361 0.8840761
vt 0.829693 0.8901289
vt 0.8062509 0.8666908
vt 0.8142784 0.8722208
vt 0.8221695 0.8780112
vt 0.8298634 0.88398
vt 0.8372549 0.8900354
vt 0.8059611 0.8613542
vt 0.8142181 0.8665704
vt 0.8140063 0.8612529
vt 0.8222286 0.872114
vt 0.837425 0.8838866
vt 0.8445364 0.889957
vt 0.8299945 0.8779153
vt 0.8219746 0.8611586
vt 0.8221759 0.8664685
vt 0.8447069 0.8838081
vt 0.8515561 0.8899118
vt 0.8375545 0.8778219
vt 0.8300473 0.8720187
vt 0.829761 0.8610663
vt 0.8299825 0.8663744
vt 0.8517284 0.8837626
vt 0.8583329 0.8899177
vt 0.8448395 0.8777428
vt 0.8376027 0.8719254
vt 0.8375292 0.866281
vt 0.8372928 0.8609732
vt 0.8585086 0.883768
vt 0.8648853 0.889993
vt 0.844896 0.8718446
vt 0.8518727 0.8776954
vt 0.8650668 0.8838425
vt 0.8712322 0.8901557
vt 0.8448384 0.8661972
vt 0.8368516 0.8560861
vt 0.8519612 0.8717923
vt 0.8586775 0.8776972
vt 0.8714207 0.8840043
vt 0.8773921 0.8904239
vt 0.8446265 0.8608844
vt 0.8442104 0.8559922
vt 0.851966 0.8661352
vt 0.8588327 0.8717841
vt 0.8652753 0.877766
vt 0.8775885 0.8842719
vt 0.8833838 0.8908158
vt 0.8515487 0.8558987
vt 0.851851 0.8608076
vt 0.8589672 0.8661076
vt 0.865538 0.8718375
vt 0.8716795 0.8779218
vt 0.8835877 0.8846638
vt 0.8891855 0.8913504
vt 0.8589956 0.8558073
vt 0.8590553 0.86075
vt 0.8658821 0.866131
vt 0.8720786 0.871977
vt 0.8779019 0.8781853
vt 0.889396 0.8851992
vt 0.8946133 0.8920509
vt 0.866657 0.8557279
vt 0.8663014 0.8607265
vt 0.8726882 0.8662388
vt 0.8784493 0.8722291
vt 0.8839539 0.8785768
vt 0.8948292 0.8859009
vt 0.899443 0.8929413
vt 0.899663 0.8867927
vt 0.8735446 0.8607818
vt 0.8793476 0.8664687
vt 0.8846446 0.8726199
vt 0.8898079 0.8791173
vt 0.8952787 0.8798277
vt 0.9001415 0.8807293
vt 0.8745485 0.8557035
vt 0.8807056 0.8609701
vt 0.8825986 0.8558028
vt 0.8858222 0.8668581
vt 0.8906229 0.873174
vt 0.8961955 0.873908
vt 0.9011371 0.8748365
vt 0.8904787 0.8561645
vt 0.8876727 0.8613545
vt 0.8920425 0.8674389
vt 0.8978134 0.8682187
vt 0.9029083 0.8691995
vt 0.8943089 0.8619844
vt 0.8978283 0.8568964
vt 0.903187 0.8522996
vt 0.9004072 0.862846
vt 0.9057441 0.8639128
vt 0.9044173 0.8579144
vt 0.9103789 0.8535781
vt 0.9100549 0.8591074
vt 0.1931325 0.2970332
vt 0.194876 0.3075741
vt 0.1904087 0.2987089
vt 0.1917466 0.3098504
vt 0.1870143 0.3000391
vt 0.1861571 0.2898602
vt 0.1893256 0.2886642
vt 0.1854417 0.2805251
vt 0.1884872 0.2794024
vt 0.1848734 0.2718242
vt 0.1878473 0.2706954
vt 0.1844248 0.2636341
vt 0.1873597 0.2624386
vt 0.1840601 0.2558527
vt 0.1869782 0.2545585
vt 0.1837436 0.2483782
vt 0.1866567 0.2469814
vt 0.1834512 0.2410884
vt 0.1796025 0.2354752
vt 0.1798646 0.2427208
vt 0.1752382 0.2372622
vt 0.1801576 0.249921
vt 0.1755137 0.2444384
vt 0.1804689 0.2572827
vt 0.1703067 0.2461721
vt 0.1758067 0.251546
vt 0.1705992 0.2531895
vt 0.180816 0.264946
vt 0.176113 0.2587907
vt 0.1709011 0.2603192
vt 0.1812242 0.2730344
vt 0.1764446 0.2663254
vt 0.171221 0.2677234
vt 0.1817185 0.2816715
vt 0.1768177 0.27429
vt 0.1715698 0.2755545
vt 0.1823152 0.2909932
vt 0.1772487 0.2828243
vt 0.1719581 0.2839649
vt 0.1777487 0.2920746
vt 0.1723944 0.2931096
vt 0.1829954 0.3011857
vt 0.1728788 0.3031544
vt 0.1783086 0.3022128
vt 0.187978 0.3113023
vt 0.1734092 0.314268
vt 0.1789142 0.3134173
vt 0.1837289 0.3124487
vt 0.193108 0.3226187
vt 0.1739834 0.3266189
vt 0.1795513 0.3258663
vt 0.1889246 0.3239289
vt 0.1844743 0.3249868
vt 0.198297 0.337236
vt 0.1745973 0.3402689
vt 0.180207 0.3396277
vt 0.1851962 0.3388841
vt 0.1897444 0.3380486
vt 0.1940435 0.3372421
vt 0.2031277 0.3535874
vt 0.1752392 0.3548522
vt 0.1989412 0.3527815
vt 0.2037425 0.3686586
vt 0.1947658 0.3527232
vt 0.1995978 0.3683385
vt 0.180872 0.3543265
vt 0.1815385 0.3694772
vt 0.1904699 0.3531578
vt 0.185894 0.3537388
vt 0.2002551 0.3836466
vt 0.1954478 0.3683566
vt 0.1961133 0.3837387
vt 0.1911585 0.368627
vt 0.1865743 0.3690313
vt 0.1918258 0.3839581
vt 0.1872387 0.3842587
vt 0.5001675 0.8441821
vt 0.5017565 0.8493412
vt 0.4954931 0.8439842
vt 0.4969829 0.8490496
vt 0.4910914 0.8438518
vt 0.492446 0.8487686
vt 0.4870086 0.8437998
vt 0.4881764 0.8484944
vt 0.4933836 0.8539903
vt 0.4889462 0.8535253
vt 0.4980406 0.8544006
vt 0.5028973 0.8547712
vt 0.4939981 0.8594901
vt 0.4894301 0.8588802
vt 0.4987485 0.8599998
vt 0.4943771 0.865235
vt 0.489727 0.8645343
vt 0.507926 0.8551012
vt 0.5067286 0.8496265
vt 0.5036676 0.8604298
vt 0.4991865 0.8658071
vt 0.4945842 0.8711682
vt 0.4898918 0.8704209
vt 0.5087368 0.8607922
vt 0.5130994 0.8553898
vt 0.511861 0.8498888
vt 0.5041444 0.8662742
vt 0.4994237 0.8717723
vt 0.4946766 0.8772269
vt 0.4899687 0.8764625
vt 0.4947116 0.8833483
vt 0.4900014 0.8825815
vt 0.4995639 0.8839659
vt 0.4995272 0.8778428
vt 0.5045502 0.8844602
vt 0.5045124 0.8783361
vt 0.5096624 0.8848572
vt 0.5044016 0.8722585
vt 0.5096242 0.8787325
vt 0.5148929 0.885183
vt 0.5095086 0.8726512
vt 0.514854 0.8790579
vt 0.520226 0.8854591
vt 0.5092385 0.8666566
vt 0.5147353 0.8729746
vt 0.5201868 0.8793339
vt 0.5256177 0.8856898
vt 0.5144565 0.8669744
vt 0.5255782 0.8795643
vt 0.5310167 0.8858747
vt 0.5200654 0.8732488
vt 0.5139379 0.8610989
vt 0.5309769 0.8797491
vt 0.5363715 0.8860137
vt 0.5254546 0.8734778
vt 0.5197796 0.8672441
vt 0.5192471 0.8613599
vt 0.5363315 0.8798879
vt 0.5416306 0.8861066
vt 0.5251628 0.8674691
vt 0.5308515 0.8736613
vt 0.5183857 0.8556364
vt 0.5171132 0.8501139
vt 0.5415905 0.8799807
vt 0.5467427 0.886153
vt 0.5246186 0.8615772
vt 0.5237378 0.8558409
vt 0.5224366 0.8502992
vt 0.5305548 0.8676491
vt 0.5362047 0.8737991
vt 0.5467026 0.8800271
vt 0.5516564 0.8861529
vt 0.5291048 0.8560032
vt 0.5277802 0.850445
vt 0.5300011 0.8617505
vt 0.5359043 0.8677841
vt 0.5414628 0.8738911
vt 0.5516163 0.8800269
vt 0.5563203 0.8861059
vt 0.5344355 0.8561234
vt 0.5330933 0.8505516
vt 0.5353435 0.8618799
vt 0.54116 0.8678738
vt 0.5465745 0.8739368
vt 0.5562803 0.8799798
vt 0.5607072 0.8860146
vt 0.5396788 0.8562017
vt 0.5383252 0.8506193
vt 0.5405946 0.8619653
vt 0.5462707 0.8679181
vt 0.5514883 0.8739364
vt 0.5606673 0.8798887
vt 0.5648864 0.8858932
vt 0.5447838 0.856238
vt 0.5434249 0.8506482
vt 0.545703 0.8620066
vt 0.5511848 0.8679168
vt 0.5561529 0.8738893
vt 0.5648468 0.8797672
vt 0.5689517 0.8857583
vt 0.5496992 0.8562325
vt 0.5483417 0.8506387
vt 0.5506176 0.8620036
vt 0.5605411 0.8737983
vt 0.555851 0.8678697
vt 0.5689124 0.8796325
vt 0.5729967 0.8856271
vt 0.5543742 0.856185
vt 0.5530246 0.8505909
vt 0.5552872 0.8619564
vt 0.5647222 0.8736774
vt 0.5602422 0.8677794
vt 0.5729576 0.8795013
vt 0.577115 0.8855162
vt 0.5587813 0.8560984
vt 0.5574466 0.8505078
vt 0.5596845 0.8618675
vt 0.5644276 0.8676599
vt 0.5687897 0.8735434
vt 0.5770763 0.8793907
vt 0.5814003 0.8854427
vt 0.5629888 0.8559859
vt 0.5616745 0.8504018
vt 0.5638781 0.8617507
vt 0.5685003 0.8675277
vt 0.5728371 0.873413
vt 0.5813619 0.8793173
vt 0.5859461 0.8854234
vt 0.5670882 0.8558632
vt 0.5657989 0.8502879
vt 0.5679609 0.861622
vt 0.5725536 0.8673995
vt 0.5769581 0.8733032
vt 0.5859081 0.8792981
vt 0.5908462 0.8854752
vt 0.5711717 0.8557463
vt 0.5699103 0.8501813
vt 0.5720256 0.8614981
vt 0.5766807 0.867292
vt 0.581246 0.8732307
vt 0.5908085 0.8793499
vt 0.5961617 0.8856074
vt 0.5753309 0.8556508
vt 0.5740994 0.8500971
vt 0.5761649 0.8613951
vt 0.580975 0.8672218
vt 0.5857944 0.8732123
vt 0.5961242 0.8794822
vt 0.6018237 0.8857992
vt 0.5796578 0.8555927
vt 0.5784566 0.8500502
vt 0.5804715 0.8613295
vt 0.5855296 0.8672056
vt 0.5906969 0.8732648
vt 0.6017864 0.8796741
vt 0.607731 0.8860223
vt 0.5842442 0.8555878
vt 0.5830724 0.8500558
vt 0.585038 0.8613176
vt 0.5904378 0.86726
vt 0.5960144 0.8733976
vt 0.607694 0.8798972
vt 0.6137825 0.8862483
vt 0.5891818 0.8556519
vt 0.5880375 0.8501289
vt 0.5899574 0.8613757
vt 0.6016783 0.8735899
vt 0.5957604 0.8673943
vt 0.6137456 0.8801232
vt 0.6198767 0.8864489
vt 0.5945306 0.8557935
vt 0.5934104 0.8502774
vt 0.5952898 0.8615127
vt 0.6014287 0.8675875
vt 0.6075873 0.8738132
vt 0.61984 0.8803238
vt 0.6259124 0.8865958
vt 0.6002215 0.8559921
vt 0.5991225 0.8504809
vt 0.6009667 0.861708
vt 0.6073414 0.8678116
vt 0.6136401 0.8740394
vt 0.6258758 0.8804708
vt 0.6317885 0.8866606
vt 0.6061538 0.8562197
vt 0.6050728 0.8507118
vt 0.6068867 0.8619334
vt 0.6133974 0.8680382
vt 0.6197354 0.8742401
vt 0.631752 0.8805355
vt 0.6374035 0.886615
vt 0.6122264 0.8564484
vt 0.6111608 0.8509423
vt 0.6129491 0.8621607
vt 0.6194955 0.868239
vt 0.6257721 0.874387
vt 0.637367 0.8804899
vt 0.6426755 0.8864438
vt 0.6183383 0.8566501
vt 0.6172857 0.8511449
vt 0.6190524 0.8623619
vt 0.6255344 0.8683859
vt 0.6316489 0.8744518
vt 0.6426391 0.8803187
vt 0.6475995 0.8861848
vt 0.6243888 0.8567971
vt 0.6233469 0.851292
vt 0.6250957 0.8625088
vt 0.631413 0.8684506
vt 0.6372645 0.8744061
vt 0.6475634 0.8800597
vt 0.6521897 0.885889
vt 0.6302768 0.8568614
vt 0.6292436 0.8513558
vt 0.6309778 0.8625734
vt 0.6370301 0.8684049
vt 0.6425373 0.8742348
vt 0.6521542 0.8797636
vt 0.6564602 0.8856073
vt 0.6359013 0.8568149
vt 0.634875 0.8513089
vt 0.6365977 0.8625274
vt 0.6474634 0.873975
vt 0.6423046 0.8682331
vt 0.656426 0.8794814
vt 0.6604254 0.8853906
vt 0.6411846 0.8566415
vt 0.6401658 0.851134
vt 0.6418755 0.862355
vt 0.6472358 0.8679716
vt 0.6520587 0.8736772
vt 0.6603931 0.8792639
vt 0.6640995 0.88529
vt 0.6461415 0.8563707
vt 0.6451415 0.8508564
vt 0.6468167 0.8620898
vt 0.6518433 0.8676689
vt 0.656339 0.8733915
vt 0.6640695 0.8791626
vt 0.6674967 0.8853563
vt 0.6674694 0.8792287
vt 0.6508096 0.8560436
vt 0.6498528 0.8505115
vt 0.651448 0.8617776
vt 0.6561465 0.8673738
vt 0.6603193 0.8731689
vt 0.6640126 0.8730627
vt 0.6674311 0.8731266
vt 0.6552269 0.8557016
vt 0.6543503 0.850135
vt 0.6557959 0.8614642
vt 0.6601629 0.8671371
vt 0.6639019 0.8670176
vt 0.6673707 0.8670759
vt 0.6598824 0.8612002
vt 0.6594232 0.8553941
vt 0.6586784 0.8497722
vt 0.6637102 0.8610548
vt 0.6672775 0.8611022
vt 0.6633956 0.8552045
vt 0.6671311 0.8552269
vt 0.6628549 0.8495071
vt 0.6668741 0.8494551
vt 0.6619411 0.8440183
vt 0.666381 0.8437998
vt 0.7874595 0.7175879
vt 0.7888373 0.7228701
vt 0.7843224 0.7180945
vt 0.7857407 0.7234535
vt 0.7807508 0.7186292
vt 0.789838 0.7284246
vt 0.7822123 0.7240305
vt 0.7768262 0.7191715
vt 0.786764 0.7290663
vt 0.7905303 0.734207
vt 0.7783297 0.7245967
vt 0.7726238 0.7197025
vt 0.7832629 0.7296742
vt 0.7874693 0.7348852
vt 0.7909902 0.7401624
vt 0.7741646 0.7251471
vt 0.7681928 0.7202126
vt 0.7794082 0.7302569
vt 0.7839846 0.7355123
vt 0.7879359 0.7408593
vt 0.791295 0.746233
vt 0.7697653 0.7256745
vt 0.7635759 0.7206944
vt 0.775268 0.7308202
vt 0.7801467 0.736105
vt 0.7844594 0.7414961
vt 0.7882431 0.7469368
vt 0.7915223 0.7523612
vt 0.7884707 0.7530661
vt 0.7847697 0.7475773
vt 0.7849978 0.7537071
vt 0.765174 0.7261711
vt 0.7588159 0.72114
vt 0.7708899 0.7313591
vt 0.7806302 0.7420941
vt 0.7809438 0.7481771
vt 0.7811723 0.7543072
vt 0.7760218 0.7366762
vt 0.7604335 0.7266292
vt 0.7539552 0.7215423
vt 0.776513 0.7426693
vt 0.7768294 0.7487538
vt 0.7770584 0.7548841
vt 0.766316 0.7318657
vt 0.7716565 0.7372221
vt 0.755586 0.7270411
vt 0.7490368 0.7218935
vt 0.7721544 0.7432188
vt 0.7724732 0.7493047
vt 0.7727025 0.755435
vt 0.7615885 0.7323322
vt 0.767093 0.7377347
vt 0.7506739 0.7273992
vt 0.7441033 0.7221863
vt 0.7675962 0.7437345
vt 0.767917 0.7498215
vt 0.7681466 0.7559521
vt 0.7567498 0.7327507
vt 0.7623735 0.7382063
vt 0.7457397 0.7276958
vt 0.7391974 0.7224129
vt 0.7628808 0.7442086
vt 0.7632031 0.7502966
vt 0.7634329 0.7564273
vt 0.751842 0.7331133
vt 0.75754 0.7386287
vt 0.7408258 0.727923
vt 0.7343459 0.7225678
vt 0.7580501 0.7446331
vt 0.7583734 0.7507219
vt 0.7586033 0.7568527
vt 0.7469073 0.7334124
vt 0.7526348 0.7389942
vt 0.735959 0.7280751
vt 0.7295125 0.7226518
vt 0.7531462 0.7450001
vt 0.75347 0.7510893
vt 0.7537 0.7572202
vt 0.7476999 0.7392948
vt 0.7419879 0.7336401
vt 0.7311041 0.7281538
vt 0.7246448 0.722668
vt 0.748211 0.7453015
vt 0.7485348 0.751391
vt 0.7487648 0.7575219
vt 0.7427773 0.7395227
vt 0.737111 0.7337903
vt 0.7262102 0.7281623
vt 0.7196906 0.722619
vt 0.74361 0.751619
vt 0.7438399 0.75775
vt 0.7432868 0.7455295
vt 0.7322417 0.7338653
vt 0.737894 0.7396718
vt 0.7212266 0.7281044
vt 0.7145978 0.7225077
vt 0.7387223 0.7517674
vt 0.738952 0.7578983
vt 0.7384004 0.7456781
vt 0.7273303 0.7338688
vt 0.7330161 0.7397445
vt 0.7161023 0.7279834
vt 0.7093141 0.7223367
vt 0.7338382 0.7518385
vt 0.7340677 0.7579694
vt 0.7335179 0.7457496
vt 0.7223268 0.7338049
vt 0.7280939 0.739745
vt 0.7107866 0.7278029
vt 0.7037871 0.7221091
vt 0.7289087 0.7518368
vt 0.7291378 0.7579676
vt 0.7285904 0.7457485
vt 0.7171815 0.7336774
vt 0.7230785 0.7396774
vt 0.7052287 0.7275662
vt 0.6979648 0.7218275
vt 0.7238848 0.7517667
vt 0.7241136 0.7578974
vt 0.7235688 0.745679
vt 0.7118444 0.7334904
vt 0.7179204 0.7395461
vt 0.6993776 0.727277
vt 0.6918196 0.7214963
vt 0.7187176 0.7516326
vt 0.7189462 0.7577631
vt 0.7184041 0.7455457
vt 0.7062656 0.7332478
vt 0.7125703 0.7393551
vt 0.6932071 0.7269401
vt 0.6854231 0.7211261
vt 0.7133585 0.7514389
vt 0.7135866 0.7575694
vt 0.7130473 0.7453527
vt 0.7069789 0.7391089
vt 0.7003953 0.7329534
vt 0.6867889 0.726566
vt 0.6788718 0.7207292
vt 0.7077582 0.7511901
vt 0.7079861 0.7573204
vt 0.7074495 0.7451046
vt 0.694208 0.7326127
vt 0.701097 0.7388114
vt 0.680219 0.7261666
vt 0.672262 0.7203178
vt 0.7018681 0.7508904
vt 0.7020956 0.7570207
vt 0.7015615 0.7448055
vt 0.6877751 0.7322359
vt 0.6948993 0.7384683
vt 0.6735936 0.7257538
vt 0.6656902 0.7199039
vt 0.6956632 0.7505457
vt 0.6958904 0.756676
vt 0.6953586 0.7444612
vt 0.6811927 0.7318349
vt 0.6884576 0.73809
vt 0.6670087 0.7253397
vt 0.6592528 0.7194998
vt 0.6892153 0.7501662
vt 0.6894423 0.7562964
vt 0.6889124 0.744082
vt 0.6745568 0.7314213
vt 0.6818677 0.7376879
vt 0.6605605 0.7249359
vt 0.6530461 0.7191178
vt 0.68262 0.7497634
vt 0.6828468 0.7558936
vt 0.6823186 0.7436795
vt 0.6679631 0.7310068
vt 0.6752253 0.7372738
vt 0.6543452 0.7245545
vt 0.6471666 0.7187699
vt 0.6759732 0.7493489
vt 0.6761999 0.7554791
vt 0.6756729 0.7432651
vt 0.6615078 0.7306033
vt 0.6686264 0.7368592
vt 0.6484589 0.7242074
vt 0.6416858 0.7184663
vt 0.6693706 0.7489343
vt 0.669597 0.7550644
vt 0.6690713 0.7428505
vt 0.6552867 0.7302224
vt 0.6621668 0.7364558
vt 0.6429728 0.7239044
vt 0.6365758 0.7182085
vt 0.6629078 0.748531
vt 0.6631342 0.7546611
vt 0.6626094 0.7424471
vt 0.6559421 0.7360752
vt 0.6493958 0.7298758
vt 0.6378588 0.7236472
vt 0.6317839 0.717996
vt 0.6566808 0.7481505
vt 0.656907 0.7542807
vt 0.656383 0.7420666
vt 0.6439062 0.7295732
vt 0.6500484 0.7357289
vt 0.633064 0.723435
vt 0.6272573 0.7178283
vt 0.6507851 0.7478045
vt 0.6510113 0.7539347
vt 0.6504878 0.7417205
vt 0.6387895 0.7293163
vt 0.6445566 0.7354266
vt 0.6285355 0.7232675
vt 0.6229432 0.7177047
vt 0.6452917 0.7475024
vt 0.6455179 0.7536325
vt 0.6449949 0.7414184
vt 0.6339928 0.7291044
vt 0.6394383 0.7351698
vt 0.6242202 0.7231441
vt 0.6187888 0.7176248
vt 0.6401724 0.7472458
vt 0.6403984 0.7533759
vt 0.6398758 0.7411617
vt 0.629463 0.728937
vt 0.6346405 0.7349581
vt 0.6200653 0.7230642
vt 0.6147415 0.717588
vt 0.6353737 0.7470341
vt 0.6355997 0.7531643
vt 0.6350774 0.74095
vt 0.6251469 0.7288137
vt 0.6301098 0.7347908
vt 0.6160177 0.7230275
vt 0.6107484 0.7175937
vt 0.6308425 0.7468669
vt 0.6310685 0.752997
vt 0.6305463 0.7407828
vt 0.6209916 0.7287339
vt 0.6257933 0.7346675
vt 0.6120245 0.7230332
vt 0.606741 0.7176424
vt 0.6265256 0.7467437
vt 0.6267517 0.7528738
vt 0.6262295 0.7406595
vt 0.6169438 0.7286972
vt 0.6216378 0.7345878
vt 0.6080172 0.7230818
vt 0.6025882 0.7177378
vt 0.6223699 0.7466639
vt 0.6225959 0.7527941
vt 0.6220738 0.7405798
vt 0.61759 0.7345511
vt 0.6129507 0.7287029
vt 0.6038644 0.7231773
vt 0.5981428 0.7178848
vt 0.618322 0.7466272
vt 0.618548 0.7527574
vt 0.618026 0.7405431
vt 0.6135968 0.7345568
vt 0.6089433 0.7287515
vt 0.599419 0.7233243
vt 0.593258 0.7180883
vt 0.6143288 0.7466329
vt 0.6145549 0.7527631
vt 0.6140328 0.7405488
vt 0.6047904 0.728847
vt 0.6095894 0.7346054
vt 0.5945342 0.7235277
vt 0.5877867 0.7183529
vt 0.6103215 0.7466816
vt 0.6105475 0.7528118
vt 0.6100255 0.7405975
vt 0.6003451 0.728994
vt 0.6054366 0.7347009
vt 0.5890629 0.7237923
vt 0.581582 0.7186834
vt 0.6061686 0.7467771
vt 0.6063946 0.7529072
vt 0.6058726 0.7406929
vt 0.5954603 0.7291974
vt 0.6009912 0.7348479
vt 0.5828582 0.7241228
vt 0.5744969 0.7190846
vt 0.6017233 0.746924
vt 0.6019493 0.7530543
vt 0.6014272 0.74084
vt 0.589989 0.729462
vt 0.5961064 0.7350513
vt 0.5757731 0.7245241
vt 0.5663844 0.7195614
vt 0.5968384 0.7471275
vt 0.5970644 0.7532576
vt 0.5965424 0.7410433
vt 0.5837843 0.7297925
vt 0.5906351 0.7353159
vt 0.5676606 0.7250009
vt 0.5571839 0.7201121
vt 0.5913672 0.7473921
vt 0.5915931 0.7535222
vt 0.5910711 0.7413079
vt 0.5766992 0.7301938
vt 0.5844304 0.7356464
vt 0.5584549 0.725549
vt 0.5471799 0.7207094
vt 0.5851625 0.7477226
vt 0.5853885 0.7538527
vt 0.5848665 0.7416384
vt 0.5773453 0.7360477
vt 0.5685867 0.7306706
vt 0.5484145 0.7261288
vt 0.5367434 0.7213194
vt 0.5780774 0.7481238
vt 0.5783034 0.754254
vt 0.5777813 0.7420397
vt 0.5593765 0.7312168
vt 0.5692328 0.7365245
vt 0.5378793 0.7266911
vt 0.5262452 0.7219084
vt 0.5699649 0.7486007
vt 0.5701909 0.7547308
vt 0.5696688 0.7425165
vt 0.5493045 0.731783
vt 0.5600197 0.7370695
vt 0.527189 0.7271874
vt 0.5160322 0.7224253
vt 0.5607497 0.7491448
vt 0.5609756 0.755275
vt 0.5604542 0.7430609
vt 0.5386834 0.7323087
vt 0.5499272 0.7376272
vt 0.5166615 0.7275553
vt 0.5063538 0.7227494
vt 0.550643 0.7496966
vt 0.5508683 0.7558265
vt 0.5503513 0.7436143
vt 0.5278258 0.7327335
vt 0.5392508 0.7381299
vt 0.5065269 0.7276787
vt 0.4974142 0.722723
vt 0.5399276 0.750183
vt 0.5401515 0.7563123
vt 0.5396464 0.7441051
vt 0.517032 0.7329897
vt 0.5282854 0.7385098
vt 0.4969912 0.7274257
vt 0.4893313 0.7221093
vt 0.4882492 0.7266543
vt 0.5288864 0.7505315
vt 0.5291074 0.7566596
vt 0.5286257 0.744462
vt 0.506553 0.73298
vt 0.4966276 0.7325998
vt 0.4874944 0.7317445
vt 0.517321 0.7386963
vt 0.5178021 0.7506689
vt 0.5180185 0.7567952
vt 0.5175737 0.7446127
vt 0.5066267 0.7386061
vt 0.4964666 0.7381529
vt 0.4871045 0.7372503
vt 0.5067689 0.7444811
vt 0.5069566 0.7505222
vt 0.5071671 0.7566462
vt 0.4964882 0.7439904
vt 0.4870086 0.7430635
vt 0.4966315 0.7500176
vt 0.4968357 0.7561396
vt 0.4871086 0.7490818
vt 0.4873066 0.7552025
vt 0.6052618 0.6210448
vt 0.5978538 0.6195881
vt 0.5980343 0.6134392
vt 0.6054378 0.6148961
vt 0.5988073 0.6073856
vt 0.6139485 0.6224071
vt 0.6061788 0.6088438
vt 0.600765 0.6015228
vt 0.6141186 0.6162588
vt 0.6239781 0.6236627
vt 0.6080499 0.6029846
vt 0.6045001 0.5959461
vt 0.611616 0.5974148
vt 0.6148185 0.6102101
vt 0.6241407 0.6175154
vt 0.635415 0.6247994
vt 0.6165778 0.6043602
vt 0.6247883 0.6114733
vt 0.6355684 0.6186535
vt 0.6483233 0.6258051
vt 0.6199265 0.5988088
vt 0.6174434 0.5922305
vt 0.6253982 0.5936537
vt 0.626406 0.6056417
vt 0.6294786 0.6001258
vt 0.6345007 0.595027
vt 0.6361518 0.6126218
vt 0.6484663 0.6196609
vt 0.6627675 0.6266676
vt 0.6375952 0.6068181
vt 0.6403286 0.6013564
vt 0.6489768 0.61364
vt 0.6628994 0.6205245
vt 0.6788117 0.6273746
vt 0.6502221 0.6078661
vt 0.6447975 0.596344
vt 0.6420049 0.590431
vt 0.6515106 0.5918601
vt 0.6633323 0.6145117
vt 0.6789325 0.6212317
vt 0.6964366 0.6279162
vt 0.6525697 0.6024625
vt 0.656396 0.5975449
vt 0.6621132 0.5931976
vt 0.664367 0.6087598
vt 0.6965467 0.6217723
vt 0.7152876 0.6282911
vt 0.6792874 0.6152206
vt 0.6663044 0.603399
vt 0.6694249 0.598555
vt 0.7153873 0.6221456
vt 0.7349262 0.6285001
vt 0.6968264 0.6157542
vt 0.6801103 0.609473
vt 0.7350159 0.622353
vt 0.7549142 0.6285442
vt 0.6816353 0.6041206
vt 0.6739259 0.5943349
vt 0.6701995 0.5894944
vt 0.6800818 0.5908421
vt 0.7155948 0.6161158
vt 0.6974453 0.6099876
vt 0.754994 0.6223964
vt 0.774813 0.6284242
vt 0.6840389 0.5992924
vt 0.687268 0.5951058
vt 0.6985732 0.6045983
vt 0.7160175 0.6103175
vt 0.735153 0.6163123
vt 0.7748829 0.6222771
vt 0.7941844 0.628141
vt 0.7002982 0.599705
vt 0.6911063 0.5916993
vt 0.6887706 0.5881811
vt 0.6945097 0.5894804
vt 0.7167633 0.6048664
vt 0.7353849 0.6104844
vt 0.7550619 0.6163509
vt 0.7942444 0.6219955
vt 0.81259 0.6276954
vt 0.7043154 0.5917518
vt 0.7045472 0.5887801
vt 0.7748818 0.6162367
vt 0.7551059 0.6105101
vt 0.735759 0.6049756
vt 0.81264 0.6215517
vt 0.8295914 0.6270885
vt 0.7941739 0.6159663
vt 0.7747387 0.6104095
vt 0.829631 0.6209458
vt 0.8448362 0.6263228
vt 0.8124988 0.6155344
vt 0.8448652 0.6201799
vt 0.8583158 0.6254084
vt 0.7178596 0.5998664
vt 0.7551142 0.6049762
vt 0.7938423 0.6101695
vt 0.8294175 0.6149358
vt 0.8583344 0.6192644
vt 0.8701076 0.6243571
vt 0.7023843 0.5953982
vt 0.7190142 0.5953733
vt 0.8119756 0.60977
vt 0.8445774 0.6141685
vt 0.8701163 0.6182116
vt 0.8802888 0.6231808
vt 0.8802888 0.6170338
vt 0.8579732 0.6132452
vt 0.8696863 0.6121817
vt 0.879798 0.6109939
vt 0.8286975 0.6091911
vt 0.8436558 0.6084203
vt 0.8568526 0.6074758
vt 0.8683789 0.6063831
vt 0.8783258 0.6051682
vt 0.8657556 0.6009316
vt 0.8753811 0.5996636
vt 0.8545929 0.6020809
vt 0.8417836 0.6030668
vt 0.8272181 0.6038445
vt 0.8108792 0.604385
vt 0.8613656 0.595936
vt 0.8704659 0.5945835
vt 0.8508107 0.5971778
vt 0.8386703 0.5982348
vt 0.8247881 0.5990256
vt 0.8451078 0.5928522
vt 0.854711 0.5914773
vt 0.8341296 0.5940319
vt 0.7931191 0.6047212
vt 0.8091026 0.5994984
vt 0.8214644 0.5948516
vt 0.8279138 0.5905626
vt 0.8370293 0.5891796
vt 0.8174772 0.5914601
vt 0.8068755 0.5952001
vt 0.7919551 0.5997257
vt 0.7743825 0.6049021
vt 0.8139248 0.5892546
vt 0.8192174 0.5879346
vt 0.8041106 0.5885917
vt 0.8047066 0.5915616
vt 0.7895495 0.5878856
vt 0.7895716 0.5912906
vt 0.7726359 0.5873994
vt 0.7737914 0.5998088
vt 0.7906265 0.5952374
vt 0.7726638 0.5910286
vt 0.7545654 0.5872409
vt 0.7731404 0.595174
vt 0.7548113 0.5909374
vt 0.7364319 0.587468
vt 0.755075 0.5998403
vt 0.7549776 0.595149
vt 0.7368858 0.5910965
vt 0.7193485 0.5880184
vt 0.7362742 0.5998802
vt 0.7367346 0.5952431
vt 0.719772 0.5914229
vt 0.5074482 0.5872409
vt 0.5091065 0.593297
vt 0.4998898 0.5895425
vt 0.5015815 0.5956196
vt 0.4916365 0.591741
vt 0.510324 0.5993722
vt 0.4933551 0.5978332
vt 0.4827883 0.5938199
vt 0.5028161 0.6017056
vt 0.5112472 0.6054602
vt 0.4845257 0.5999227
vt 0.4734448 0.5957628
vt 0.5037456 0.6077976
vt 0.5120233 0.6115546
vt 0.5045227 0.6138925
vt 0.4946032 0.6039269
vt 0.4955378 0.6100217
vt 0.4963157 0.616117
vt 0.4751936 0.601872
vt 0.4637062 0.5975536
vt 0.4857837 0.6060219
vt 0.4867218 0.6121188
vt 0.4875002 0.6182144
vt 0.4654585 0.6036648
vt 0.4536722 0.599176
vt 0.4764574 0.6079745
vt 0.4773977 0.6140725
vt 0.4781763 0.6201683
vt 0.4554204 0.6052848
vt 0.443443 0.6006139
vt 0.4667242 0.6097683
vt 0.4676652 0.6158667
vt 0.4684439 0.6219625
vt 0.4566839 0.6113871
vt 0.4576241 0.617485
vt 0.4584028 0.6235808
vt 0.4451792 0.6067158
vt 0.4464365 0.6128145
vt 0.4473745 0.6189112
vt 0.4481528 0.6250068
vt 0.4370161 0.620129
vt 0.4377939 0.6262243
vt 0.4360819 0.6140345
vt 0.4348348 0.6079415
vt 0.4331183 0.6018509
vt 0.426649 0.6211221
vt 0.427426 0.627217
vt 0.42572 0.6150306
vt 0.4307761 0.5957633
vt 0.4410681 0.5945077
vt 0.4205016 0.5968093
vt 0.4227983 0.6028708
vt 0.4103334 0.5976382
vt 0.4244871 0.6089457
vt 0.412572 0.6036667
vt 0.4003146 0.5982782
vt 0.4142255 0.6097215
vt 0.4024853 0.6042681
vt 0.3904768 0.5987661
vt 0.4154404 0.6157961
vt 0.3925735 0.6047138
vt 0.380852 0.599139
vt 0.4040978 0.6102995
vt 0.4163627 0.6218838
vt 0.4171388 0.6279781
vt 0.3828714 0.6050428
vt 0.3714718 0.5994337
vt 0.3941409 0.6107196
vt 0.4052915 0.616362
vt 0.406206 0.6224453
vt 0.406981 0.628539
vt 0.3734144 0.6052937
vt 0.362368 0.5996872
vt 0.3843921 0.6110219
vt 0.3953116 0.616769
vt 0.3962176 0.6228475
vt 0.3969913 0.6289405
vt 0.3642374 0.6055055
vt 0.3535723 0.5999362
vt 0.3748884 0.6112463
vt 0.3855386 0.6170577
vt 0.3864359 0.623131
vt 0.3872083 0.6292233
vt 0.3760111 0.6172684
vt 0.3768994 0.6233369
vt 0.3776707 0.6294284
vt 0.3656671 0.6114329
vt 0.3667669 0.617442
vt 0.3676469 0.6235056
vt 0.3684169 0.6295965
vt 0.3553756 0.6057169
vt 0.3567652 0.6116214
vt 0.3578444 0.6176188
vt 0.3587167 0.6236781
vt 0.3594857 0.6297684
vt 0.3501477 0.6238952
vt 0.3509157 0.6299849
vt 0.3492817 0.6178395
vt 0.3482198 0.611852
vt 0.3468642 0.6059668
vt 0.3451167 0.6002179
vt 0.3419525 0.6241847
vt 0.3427199 0.630274
vt 0.3410915 0.6181319
vt 0.3400431 0.612152
vt 0.3428794 0.5946395
vt 0.3512518 0.5943103
vt 0.334836 0.5950152
vt 0.337009 0.6005572
vt 0.3270361 0.5954154
vt 0.3387135 0.6062816
vt 0.3291624 0.6009312
vt 0.319372 0.5958065
vt 0.3308354 0.6066381
vt 0.3214658 0.6013052
vt 0.311736 0.596155
vt 0.332146 0.6124978
vt 0.3138088 0.6016443
vt 0.3040203 0.5964276
vt 0.3231172 0.6070005
vt 0.3331847 0.6184722
vt 0.3060805 0.6019139
vt 0.2961171 0.5965906
vt 0.3154461 0.6073334
vt 0.3244146 0.6128533
vt 0.3340421 0.624523
vt 0.3348088 0.6306121
vt 0.2981701 0.6020792
vt 0.2879188 0.5966107
vt 0.3077094 0.6076011
vt 0.316735 0.6131824
vt 0.3254465 0.6188241
vt 0.3263014 0.6248736
vt 0.3270679 0.6309625
vt 0.289967 0.6021054
vt 0.2793176 0.5964542
vt 0.2997942 0.6077679
vt 0.3089931 0.6134489
vt 0.3177625 0.6191512
vt 0.3186158 0.6252
vt 0.319382 0.6312888
vt 0.2813603 0.6019577
vt 0.2702183 0.5960989
vt 0.2915878 0.6077982
vt 0.301075 0.6136166
vt 0.310018 0.6194171
vt 0.3108703 0.6254657
vt 0.3116364 0.6315544
vt 0.2722525 0.6016126
vt 0.2605769 0.5955667
vt 0.2829774 0.6076564
vt 0.2928666 0.6136494
vt 0.3020984 0.6195853
vt 0.3029501 0.6256341
vt 0.3037162 0.6317228
vt 0.2625992 0.6010906
vt 0.2503621 0.5948904
vt 0.2738639 0.607318
vt 0.293889 0.6196194
vt 0.2947404 0.6256686
vt 0.2955064 0.6317574
vt 0.2842541 0.6135111
vt 0.2523691 0.6004239
vt 0.2395423 0.5941033
vt 0.2861263 0.6255329
vt 0.2868921 0.6316218
vt 0.2852753 0.619483
vt 0.2642025 0.606803
vt 0.275137 0.6131768
vt 0.2415311 0.5996444
vt 0.2280862 0.5932381
vt 0.2770069 0.6252014
vt 0.2777726 0.6312904
vt 0.2761565 0.6191508
vt 0.2539623 0.6061427
vt 0.2654709 0.6126661
vt 0.2300539 0.5987839
vt 0.2159624 0.5923279
vt 0.2673372 0.6246936
vt 0.2681029 0.6307828
vt 0.2664878 0.6186422
vt 0.2431121 0.6053683
vt 0.2552244 0.6120096
vt 0.2179065 0.5978744
vt 0.2031394 0.5914057
vt 0.2570865 0.6240399
vt 0.2578519 0.6301292
vt 0.2562382 0.6179878
vt 0.2316208 0.6045109
vt 0.2443668 0.6112383
vt 0.2050574 0.5969478
vt 0.1895859 0.5905046
vt 0.2462236 0.6232708
vt 0.2469889 0.6293601
vt 0.2453768 0.617218
vt 0.2194575 0.6036018
vt 0.232867 0.6103829
vt 0.1914756 0.596036
vt 0.1753246 0.5896567
vt 0.2347178 0.6224167
vt 0.2354829 0.628506
vt 0.2338726 0.6163635
vt 0.2065909 0.6026723
vt 0.220694 0.6094741
vt 0.1771841 0.5951708
vt 0.160595 0.5888917
vt 0.2225381 0.6215081
vt 0.2233029 0.6275975
vt 0.2216947 0.6154549
vt 0.2078168 0.6085427
vt 0.1929901 0.6017534
vt 0.1624236 0.5943832
vt 0.1456907 0.5882387
vt 0.2096534 0.6205754
vt 0.2104179 0.6266648
vt 0.208812 0.6145226
vt 0.1942044 0.6076195
vt 0.1786784 0.6008766
vt 0.1474888 0.593704
vt 0.1309053 0.5877266
vt 0.1960329 0.6196492
vt 0.1967971 0.6257384
vt 0.1951937 0.6135972
vt 0.1638971 0.6000738
vt 0.1798805 0.6067356
vt 0.1326749 0.5931641
vt 0.1165323 0.5873843
vt 0.1817004 0.6187604
vt 0.1824642 0.6248494
vt 0.1808635 0.6127097
vt 0.148942 0.599377
vt 0.1650866 0.6059236
vt 0.1182765 0.5927944
vt 0.1028654 0.5872409
vt 0.1668976 0.6179419
vt 0.1676612 0.6240306
vt 0.1660631 0.6118929
vt 0.1341089 0.5988185
vt 0.1501191 0.6052163
vt 0.1045887 0.5926255
vt 0.09019832 0.5873252
vt 0.1519215 0.6172271
vt 0.1526847 0.6233156
vt 0.1510894 0.6111801
vt 0.1196935 0.5984303
vt 0.1352745 0.6046464
vt 0.09190632 0.5926884
vt 0.0788245 0.5876663
vt 0.1370686 0.6166493
vt 0.1378315 0.6227375
vt 0.1362387 0.6106045
vt 0.1059916 0.5982444
vt 0.1208488 0.604247
vt 0.0805243 0.5930141
vt 0.06896778 0.588281
vt 0.1226357 0.6162421
vt 0.1233983 0.6223299
vt 0.1218077 0.6101993
vt 0.09329907 0.5982931
vt 0.1071384 0.6040509
vt 0.07066854 0.5936205
vt 0.06057275 0.5891375
vt 0.1089193 0.6160386
vt 0.1096817 0.6221262
vt 0.1080929 0.6099979
vt 0.09443955 0.6040908
vt 0.08191153 0.5986083
vt 0.06228924 0.5944756
vt 0.05351402 0.5901917
vt 0.09621618 0.6160724
vt 0.09697836 0.6221598
vt 0.09539092 0.6100333
vt 0.08304869 0.6043997
vt 0.07205661 0.5992092
vt 0.05526746 0.5955346
vt 0.04766635 0.5913997
vt 0.08482298 0.6163769
vt 0.08558506 0.6224641
vt 0.08399835 0.610339
vt 0.0636888 0.6000636
vt 0.07319427 0.6049973
vt 0.04948438 0.5967527
vt 0.04291524 0.5927225
vt 0.04483075 0.598089
vt 0.07496886 0.6169721
vt 0.07573098 0.6230593
vt 0.07414416 0.6109349
vt 0.05669454 0.6011263
vt 0.05096007 0.6023519
vt 0.04637714 0.6036975
vt 0.06483367 0.6058513
vt 0.06661331 0.6178259
vt 0.06737561 0.6239129
vt 0.06578726 0.6117886
vt 0.05785648 0.6069162
vt 0.0521524 0.6081465
vt 0.04761326 0.6094978
vt 0.05881887 0.6128547
vt 0.05964818 0.6188923
vt 0.06041095 0.6249795
vt 0.05313037 0.6140875
vt 0.04861371 0.6154417
vt 0.05396542 0.620126
vt 0.05472901 0.6262133
vt 0.04945703 0.6214813
vt 0.05022181 0.6275687
vt 0.658478 0.1276623
vt 0.6645126 0.1375605
vt 0.6642942 0.1456704
vt 0.6585314 0.1371458
vt 0.6644887 0.15684
vt 0.6690495 0.1550175
vt 0.6596386 0.166426
vt 0.6588926 0.1499663
vt 0.6539898 0.1825551
vt 0.6530328 0.1615213
vt 0.6475327 0.2043382
vt 0.6464798 0.1796675
vt 0.6404229 0.2304502
vt 0.6392951 0.2032618
vt 0.6327978 0.2592312
vt 0.6316131 0.2308254
vt 0.6247072 0.2887985
vt 0.6235174 0.2606254
vt 0.6150382 0.2907344
vt 0.606195 0.3191294
vt 0.5959934 0.3205328
vt 0.6050453 0.2922582
vt 0.613818 0.2618182
vt 0.6222911 0.2312229
vt 0.5856663 0.321336
vt 0.5948318 0.2933744
vt 0.6038034 0.2628124
vt 0.5753171 0.3215423
vt 0.5845007 0.2940875
vt 0.5650491 0.3211552
vt 0.6304413 0.2024238
vt 0.61256 0.2316399
vt 0.5935767 0.2636139
vt 0.5741554 0.2944021
vt 0.5549654 0.320178
vt 0.6382209 0.1772207
vt 0.6025225 0.2320814
vt 0.5832412 0.2642283
vt 0.563899 0.2943225
vt 0.5451692 0.3186142
vt 0.6455315 0.1571776
vt 0.5922821 0.2325543
vt 0.5729001 0.2646614
vt 0.5538349 0.2938534
vt 0.5357416 0.3164886
vt 0.6522819 0.1435784
vt 0.581942 0.2330657
vt 0.5626566 0.264919
vt 0.5440662 0.2929992
vt 0.5266736 0.3139108
vt 0.6518143 0.1294927
vt 0.5716053 0.2336226
vt 0.5526139 0.2650066
vt 0.5346735 0.291777
vt 0.5179343 0.3110123
vt 0.6515881 0.1189864
vt 0.651531 0.1115205
vt 0.6586079 0.1209665
vt 0.643702 0.1033815
vt 0.6438806 0.1114753
vt 0.6352077 0.09649062
vt 0.6442183 0.1228152
vt 0.6354564 0.1050937
vt 0.6261483 0.09080236
vt 0.6447603 0.1379556
vt 0.635862 0.1171223
vt 0.6264319 0.09981215
vt 0.6166244 0.08627097
vt 0.6372563 0.1534697
vt 0.6364564 0.1331514
vt 0.6268752 0.1124002
vt 0.6169236 0.09560089
vt 0.6067363 0.08286072
vt 0.6293324 0.1752182
vt 0.6283368 0.1504008
vt 0.6275054 0.1291635
vt 0.6173872 0.1086346
vt 0.6070457 0.09243748
vt 0.5965868 0.08057499
vt 0.6210793 0.2018245
vt 0.6199331 0.1736637
vt 0.6113162 0.2014657
vt 0.6189039 0.1479741
vt 0.6180425 0.1259893
vt 0.6075232 0.1058156
vt 0.6012562 0.2013544
vt 0.6101397 0.1725617
vt 0.6090825 0.146194
vt 0.5910021 0.2014988
vt 0.6000577 0.1719208
vt 0.6081975 0.1236288
vt 0.5969033 0.09032756
vt 0.5806574 0.2019072
vt 0.5897906 0.1717504
vt 0.5989807 0.1450699
vt 0.597391 0.1039512
vt 0.5980787 0.1220911
vt 0.5887017 0.1446124
vt 0.5794414 0.1720601
vt 0.570325 0.2025878
vt 0.5613753 0.234232
vt 0.5865998 0.08928421
vt 0.5870937 0.1030537
vt 0.5877893 0.1213877
vt 0.5783484 0.144832
vt 0.5691133 0.1728594
vt 0.5601084 0.2035491
vt 0.5513549 0.2349008
vt 0.5862789 0.07942705
vt 0.5861021 0.07283023
vt 0.5964128 0.07404822
vt 0.5757382 0.07281144
vt 0.5759159 0.07943025
vt 0.5654241 0.0740054
vt 0.5762383 0.08932018
vt 0.565601 0.08059783
vt 0.555263 0.0764257
vt 0.5767342 0.1031354
vt 0.5659219 0.09044835
vt 0.5554371 0.08294307
vt 0.5453581 0.08008583
vt 0.5774326 0.1215303
vt 0.5664158 0.1042086
vt 0.5557537 0.09268163
vt 0.5455273 0.08647923
vt 0.5358124 0.08499937
vt 0.5680242 0.1457395
vt 0.5671116 0.1225304
vt 0.5562418 0.1062857
vt 0.5458369 0.09603289
vt 0.5359749 0.09121957
vt 0.5267038 0.09112042
vt 0.5589095 0.1741577
vt 0.5578321 0.1473453
vt 0.5569295 0.1243995
vt 0.5463149 0.1093789
vt 0.5268578 0.09712026
vt 0.518008 0.09816571
vt 0.518152 0.1039083
vt 0.5362746 0.100515
vt 0.5501105 0.2047991
vt 0.5489331 0.1759645
vt 0.5478752 0.1496602
vt 0.5271447 0.1060867
vt 0.5469895 0.1271493
vt 0.5367386 0.1135005
vt 0.518424 0.112491
vt 0.5098088 0.1112535
vt 0.5275909 0.1186133
vt 0.5373947 0.1307912
vt 0.5382569 0.1526947
vt 0.5392873 0.1782894
vt 0.5100647 0.1194166
vt 0.5017794 0.118826
vt 0.5188496 0.124482
vt 0.5282233 0.1352933
vt 0.5290556 0.1564234
vt 0.5020183 0.1265523
vt 0.4940146 0.1262955
vt 0.5104676 0.1308219
vt 0.5194545 0.1404493
vt 0.4942367 0.1335868
vt 0.4864656 0.133332
vt 0.5023977 0.1373479
vt 0.4866717 0.140209
vt 0.4790834 0.1396052
vt 0.5300511 0.1811147
vt 0.5202519 0.1606771
vt 0.5110424 0.1460097
vt 0.4945926 0.1437754
vt 0.479275 0.1461076
vt 0.471819 0.1447852
vt 0.5212067 0.1843141
vt 0.5118016 0.1652504
vt 0.5029411 0.1517246
vt 0.4870052 0.1498195
vt 0.4719985 0.1509715
vt 0.4646296 0.1485924
vt 0.5127117 0.1877344
vt 0.5036606 0.1699381
vt 0.4951047 0.1573443
vt 0.4795883 0.1551953
vt 0.4647995 0.1545354
vt 0.4574963 0.1509503
vt 0.5045242 0.1912221
vt 0.4957847 0.1745349
vt 0.4874877 0.162619
vt 0.4722948 0.1596181
vt 0.4576587 0.1567181
vt 0.4504061 0.1518327
vt 0.4505621 0.1574844
vt 0.4650827 0.1628423
vt 0.4800439 0.1672991
vt 0.4881299 0.1788355
vt 0.4579315 0.1647806
vt 0.4727276 0.1711348
vt 0.4806521 0.1826346
vt 0.450826 0.1653848
vt 0.443496 0.1567991
vt 0.4654979 0.1739071
vt 0.4733071 0.185727
vt 0.4437512 0.1646069
vt 0.4364464 0.1546269
vt 0.4583328 0.1755202
vt 0.4660551 0.187927
vt 0.4366919 0.1623988
vt 0.4293995 0.1509327
vt 0.4512156 0.1759087
vt 0.4588726 0.1891282
vt 0.4296328 0.1587125
vt 0.4223416 0.1456813
vt 0.4441293 0.1750077
vt 0.4517405 0.1892437
vt 0.4225587 0.1534998
vt 0.4152586 0.1388373
vt 0.4370569 0.1727518
vt 0.4446396 0.1881866
vt 0.4299815 0.1690758
vt 0.4154545 0.1467127
vt 0.4081182 0.1304348
vt 0.4375507 0.1858702
vt 0.422886 0.1639147
vt 0.4082871 0.1383731
vt 0.4008134 0.1207837
vt 0.4304546 0.1822075
vt 0.4157538 0.1572033
vt 0.400951 0.1287827
vt 0.3932189 0.1102634
vt 0.4233322 0.1771117
vt 0.4085504 0.1489474
vt 0.4161642 0.170496
vt 0.3933226 0.1183133
vt 0.3852091 0.09925286
vt 0.4011724 0.1394378
vt 0.4089152 0.1623463
vt 0.4166668 0.1860314
vt 0.4238764 0.1925352
vt 0.3852785 0.1073365
vt 0.393499 0.1290362
vt 0.3854094 0.1181042
vt 0.4014842 0.1529389
vt 0.4093646 0.1780055
vt 0.3937538 0.1426231
vt 0.3856066 0.1317479
vt 0.4018716 0.1687177
vt 0.4172357 0.2030632
vt 0.3769254 0.1206626
vt 0.3940746 0.1585021
vt 0.4098751 0.1951732
vt 0.3858602 0.1476933
vt 0.3771151 0.1366257
vt 0.3861561 0.1651745
vt 0.4023142 0.1860162
vt 0.3944442 0.1759105
vt 0.3948455 0.1940857
vt 0.4027918 0.2040766
vt 0.4032838 0.2221412
vt 0.4104235 0.213097
vt 0.4115405 0.2482047
vt 0.4109864 0.2310248
vt 0.417845 0.2208452
vt 0.4196565 0.2712311
vt 0.4184688 0.2386314
vt 0.4190812 0.2556754
vt 0.424491 0.2094444
vt 0.4270943 0.2771218
vt 0.4264775 0.2616779
vt 0.4258193 0.2447565
vt 0.4251479 0.2270984
vt 0.4310304 0.1975546
vt 0.4344213 0.281723
vt 0.4337728 0.2663555
vt 0.4316795 0.2143802
vt 0.4381506 0.2012019
vt 0.4323725 0.2319469
vt 0.4330801 0.2495177
vt 0.4416736 0.2852856
vt 0.4452588 0.2035891
vt 0.4388261 0.2180105
vt 0.441001 0.2699336
vt 0.4395467 0.2355596
vt 0.4402819 0.2531128
vt 0.4488874 0.2880605
vt 0.4459555 0.2204753
vt 0.4481955 0.2726377
vt 0.446698 0.2381053
vt 0.4474553 0.2557394
vt 0.4560987 0.2902985
vt 0.4523767 0.2048284
vt 0.4553898 0.2746934
vt 0.4530921 0.2219143
vt 0.4595263 0.205032
vt 0.4538542 0.2397528
vt 0.4546309 0.2575954
vt 0.4667293 0.2043119
vt 0.4602607 0.2224675
vt 0.4610428 0.240671
vt 0.4618394 0.2588785
vt 0.4740074 0.2027804
vt 0.4674861 0.2222748
vt 0.4813859 0.2005564
vt 0.4682916 0.2410287
vt 0.4747928 0.221476
vt 0.4626174 0.2763263
vt 0.4889035 0.1977865
vt 0.482208 0.2202038
vt 0.4691115 0.2597866
vt 0.4756281 0.2409947
vt 0.4633437 0.2922503
vt 0.4966022 0.1946239
vt 0.4897693 0.2185618
vt 0.4830817 0.2407159
vt 0.4699119 0.2777617
vt 0.4706587 0.2941669
vt 0.4764779 0.2605174
vt 0.4975162 0.2166465
vt 0.4773068 0.2792252
vt 0.4780797 0.296299
vt 0.4906884 0.2402513
vt 0.4839698 0.261232
vt 0.5054889 0.2145543
vt 0.4856419 0.2988337
vt 0.4848357 0.2808916
vt 0.4916221 0.2619448
vt 0.4984856 0.2396379
vt 0.5137272 0.2123818
vt 0.4933775 0.3017036
vt 0.4925312 0.2827323
vt 0.4994696 0.2626334
vt 0.5065112 0.2389128
vt 0.5222709 0.2102253
vt 0.5013173 0.3047775
vt 0.5004272 0.2846681
vt 0.5075481 0.2632754
vt 0.5148026 0.238113
vt 0.5311601 0.2081813
vt 0.5094926 0.3079241
vt 0.5085562 0.2866198
vt 0.5158925 0.2638484
vt 0.5233974 0.2372757
vt 0.5169516 0.288508
vt 0.5404347 0.2063463
vt 0.5245383 0.2643301
vt 0.5256463 0.2902535
vt 0.5323333 0.2364377
vt 0.5416478 0.2356362
vt 0.5335209 0.2646981
vt 0.5428753 0.2649302
vt 0.774936 0.2044181
vt 0.7653235 0.203306
vt 0.7650964 0.1971807
vt 0.7747055 0.1982903
vt 0.7647759 0.1910732
vt 0.7848353 0.2052262
vt 0.7743624 0.192166
vt 0.7642689 0.1850015
vt 0.7846027 0.1990969
vt 0.7949675 0.2057491
vt 0.7737942 0.1860484
vt 0.7634822 0.1789834
vt 0.7842447 0.1929612
vt 0.7947337 0.1996187
vt 0.8052791 0.206005
vt 0.7728881 0.1799412
vt 0.7623101 0.1730304
vt 0.7715265 0.1738449
vt 0.7836361 0.1868131
vt 0.7826513 0.1806462
vt 0.7811636 0.1744535
vt 0.7943664 0.1934758
vt 0.8050443 0.1998739
vt 0.8157076 0.2060103
vt 0.7926981 0.181103
vt 0.7911304 0.174848
vt 0.7937323 0.1873081
vt 0.804671 0.1937264
vt 0.8154723 0.1998787
vt 0.8261578 0.2057718
vt 0.8029552 0.181316
vt 0.8013356 0.1750201
vt 0.8040209 0.1875459
vt 0.8259221 0.1996399
vt 0.8365256 0.2052942
vt 0.8150948 0.1937277
vt 0.8133439 0.1812897
vt 0.8116864 0.1749637
vt 0.8144327 0.1875378
vt 0.8362895 0.1991621
vt 0.8467073 0.2045821
vt 0.8255412 0.1934864
vt 0.8237657 0.1810287
vt 0.8220811 0.1746813
vt 0.8248708 0.1872899
vt 0.8464711 0.1984499
vt 0.8565989 0.20364
vt 0.835907 0.1930071
vt 0.8352314 0.1868066
vt 0.8341165 0.1805377
vt 0.8563629 0.1975078
vt 0.8660967 0.2024726
vt 0.8460879 0.1922945
vt 0.8454108 0.1860927
vt 0.8442928 0.1798214
vt 0.8658611 0.1963407
vt 0.8750969 0.2010844
vt 0.8559804 0.191353
vt 0.8553051 0.1851527
vt 0.8541906 0.1788843
vt 0.8748616 0.1949529
vt 0.8834957 0.1994802
vt 0.8654804 0.1901874
vt 0.8648105 0.1839914
vt 0.8637064 0.1777312
vt 0.883261 0.1933492
vt 0.8912256 0.1976728
vt 0.8909918 0.1915425
vt 0.8744844 0.1888022
vt 0.8738232 0.1826132
vt 0.872736 0.1763668
vt 0.8828882 0.1872021
vt 0.8906247 0.1854
vt 0.8822392 0.181023
vt 0.8811761 0.1747956
vt 0.8899915 0.1792334
vt 0.8889586 0.1730304
vt 0.9187553 0.7175879
vt 0.9235935 0.7232291
vt 0.907867 0.717686
vt 0.9126985 0.723322
vt 0.8970891 0.7176514
vt 0.9264587 0.7290076
vt 0.9018963 0.7232789
vt 0.8867936 0.7175879
vt 0.9155591 0.7290971
vt 0.9277453 0.734896
vt 0.8915645 0.7232049
vt 0.8773528 0.7175994
vt 0.8820806 0.7232047
vt 0.9047408 0.7290483
vt 0.9168431 0.7349834
vt 0.9278482 0.7408668
vt 0.8943846 0.7289671
vt 0.8848717 0.7289591
vt 0.9060149 0.7349312
vt 0.9169445 0.7409531
vt 0.9271619 0.7468925
vt 0.8956439 0.7348456
vt 0.8861135 0.7348329
vt 0.9061112 0.7408991
vt 0.9162576 0.7469785
vt 0.9260809 0.7529457
vt 0.9151766 0.7530316
vt 0.8957328 0.7408113
vt 0.8861933 0.7407963
vt 0.9054225 0.7469238
vt 0.9043412 0.7529768
vt 0.8950412 0.7468352
vt 0.8854985 0.7468193
vt 0.8939595 0.7528881
vt 0.8844163 0.752872
vt 0.05485573 0.8807036
vt 0.04393939 0.8791398
vt 0.04421409 0.8730178
vt 0.05513065 0.8745815
vt 0.04441236 0.8669149
vt 0.06643922 0.8820423
vt 0.05533076 0.8684789
vt 0.04445801 0.8608502
vt 0.06671447 0.8759204
vt 0.07874928 0.8830642
vt 0.05538117 0.862415
vt 0.04427458 0.8548429
vt 0.06691641 0.8698184
vt 0.07902476 0.8769424
vt 0.09179162 0.8837026
vt 0.05520721 0.8564091
vt 0.0437858 0.8489121
vt 0.0669718 0.8637564
vt 0.09206733 0.8775811
vt 0.1053575 0.8839939
vt 0.07922859 0.8708416
vt 0.05473389 0.8504807
vt 0.04291521 0.8430769
vt 0.05388651 0.8446491
vt 0.1056335 0.8778728
vt 0.1191846 0.8839997
vt 0.0668076 0.8577543
vt 0.06635047 0.851832
vt 0.06552709 0.8460096
vt 0.09227302 0.8714822
vt 0.07928913 0.8647829
vt 0.1194609 0.8778788
vt 0.1330107 0.8837817
vt 0.07869397 0.8528756
vt 0.07789503 0.847069
vt 0.07913481 0.8587872
vt 0.105841 0.871776
vt 0.09233862 0.8654283
vt 0.1332871 0.8776612
vt 0.1465734 0.8834015
vt 0.09176958 0.8535458
vt 0.09099481 0.8477622
vt 0.09219417 0.8594419
vt 0.1059115 0.8657281
vt 0.11967 0.8717846
vt 0.14685 0.8772814
vt 0.1596105 0.8829209
vt 0.1053675 0.8538764
vt 0.1046161 0.8481215
vt 0.1057765 0.8597534
vt 0.119745 0.8657433
vt 0.1334978 0.8715695
vt 0.1598872 0.8768011
vt 0.1718596 0.8824017
vt 0.1192246 0.8539263
vt 0.118495 0.8482035
vt 0.1196189 0.8597817
vt 0.133577 0.8655352
vt 0.147062 0.8711922
vt 0.1721364 0.8762822
vt 0.1830584 0.8819054
vt 0.1330775 0.8537542
vt 0.1323674 0.8480648
vt 0.1334587 0.8595872
vt 0.1471445 0.8651648
vt 0.1601001 0.8707142
vt 0.1833353 0.8757861
vt 0.1930091 0.8814792
vt 0.146663 0.8534188
vt 0.1459694 0.847762
vt 0.1470331 0.85923
vt 0.1601854 0.864693
vt 0.17235 0.8701971
vt 0.1932859 0.87536
vt 0.2017715 0.881111
vt 0.1597177 0.8529789
vt 0.1590371 0.8473518
vt 0.1600792 0.8587703
vt 0.1724371 0.864181
vt 0.1835491 0.8697024
vt 0.2020483 0.8749918
vt 0.20947 0.8807744
vt 0.1719785 0.8524934
vt 0.1713064 0.8468909
vt 0.1723343 0.8582683
vt 0.1836369 0.8636899
vt 0.1934996 0.8692769
vt 0.2097467 0.8746551
vt 0.2162289 0.8804427
vt 0.183182 0.8520209
vt 0.1825133 0.8464357
vt 0.1835355 0.8577842
vt 0.2022615 0.8689088
vt 0.193587 0.8632662
vt 0.2165054 0.8743234
vt 0.2221724 0.8800893
vt 0.1931299 0.8516065
vt 0.1924592 0.8460298
vt 0.1934848 0.857364
vt 0.2023475 0.8628983
vt 0.2099592 0.8685718
vt 0.2224488 0.8739699
vt 0.2274248 0.8796877
vt 0.2018836 0.8512399
vt 0.2012064 0.8456643
vt 0.2022427 0.8569966
vt 0.2100432 0.8625604
vt 0.216717 0.8682394
vt 0.2277012 0.8735681
vt 0.2321106 0.8792112
vt 0.2095692 0.850897
vt 0.2088827 0.8453169
vt 0.2099346 0.8566568
vt 0.2167988 0.8622262
vt 0.2226596 0.8678851
vt 0.2323869 0.8730915
vt 0.2363539 0.8786332
vt 0.2366302 0.8725135
vt 0.2163131 0.8505539
vt 0.2156157 0.8449655
vt 0.2166858 0.8563192
vt 0.2227391 0.8618698
vt 0.2279112 0.8674826
vt 0.2325964 0.8670053
vt 0.2368395 0.8664269
vt 0.2222415 0.8501865
vt 0.2215332 0.8445879
vt 0.2226216 0.8559587
vt 0.2279887 0.8614652
vt 0.2326724 0.8609862
vt 0.236915 0.8604068
vt 0.2278673 0.8555499
vt 0.2274808 0.8497708
vt 0.2267628 0.8441621
vt 0.2325482 0.8550676
vt 0.2367896 0.8544863
vt 0.2321571 0.8492829
vt 0.2314321 0.8436658
vt 0.2363967 0.8486986
vt 0.235669 0.8430769
vt 0.8338621 0.4167332
vt 0.834893 0.4225326
vt 0.8253474 0.4155722
vt 0.8263894 0.4213625
vt 0.8171642 0.4147142
vt 0.8355194 0.4284406
vt 0.818214 0.4204965
vt 0.8092868 0.4141626
vt 0.8270233 0.4272645
vt 0.8358222 0.4344355
vt 0.810343 0.4199393
vt 0.8016953 0.4139032
vt 0.8273305 0.4332558
vt 0.8358823 0.4404955
vt 0.818853 0.426393
vt 0.8027592 0.4196789
vt 0.7943701 0.4139221
vt 0.8273929 0.4393139
vt 0.8357806 0.446599
vt 0.8109863 0.4258322
vt 0.8191635 0.432381
vt 0.7954453 0.4197028
vt 0.7872913 0.414205
vt 0.7883843 0.4199987
vt 0.8272921 0.4454167
vt 0.8355979 0.4527242
vt 0.8271096 0.4515419
vt 0.8034076 0.425571
vt 0.8112994 0.4318179
vt 0.8192275 0.4384375
vt 0.8191273 0.4445397
vt 0.8189449 0.4506647
vt 0.7961015 0.4255982
vt 0.8037238 0.4315562
vt 0.8113648 0.4378732
vt 0.8112649 0.443975
vt 0.8110826 0.4501
vt 0.7890524 0.4259029
vt 0.7815589 0.4205544
vt 0.7964222 0.4315855
vt 0.8037907 0.4376113
vt 0.8036916 0.443713
vt 0.8035093 0.449838
vt 0.782245 0.4264739
vt 0.7749521 0.4213575
vt 0.7893805 0.4318955
vt 0.7964916 0.4376417
vt 0.7963933 0.4437437
vt 0.7962112 0.4498688
vt 0.7756636 0.4273001
vt 0.7685464 0.4223958
vt 0.7825839 0.4324758
vt 0.7894536 0.4379544
vt 0.7893566 0.4440574
vt 0.7891747 0.4501826
vt 0.7692931 0.4283705
vt 0.76231 0.4236494
vt 0.7631021 0.4296658
vt 0.7760181 0.433316
vt 0.7826625 0.4385394
vt 0.7825677 0.4446443
vt 0.782386 0.4507697
vt 0.7696688 0.4344059
vt 0.7635053 0.4357265
vt 0.7761047 0.4393869
vt 0.7760128 0.4454944
vt 0.7758316 0.4516202
vt 0.7697664 0.4404868
vt 0.7636171 0.4418203
vt 0.7696784 0.4465979
vt 0.7694978 0.4527242
vt 0.3633538 0.7182863
vt 0.3643862 0.7227071
vt 0.3505476 0.7180226
vt 0.3512869 0.7226194
vt 0.3367187 0.7178525
vt 0.3372827 0.7225561
vt 0.3224618 0.7177662
vt 0.3229337 0.7225254
vt 0.3084035 0.717735
vt 0.3088381 0.7225161
vt 0.2951704 0.71773
vt 0.2955944 0.7225164
vt 0.2832546 0.7177273
vt 0.2836709 0.7225168
vt 0.2726091 0.7177224
vt 0.2730163 0.7225156
vt 0.2630526 0.7177155
vt 0.2634493 0.7225129
vt 0.2544035 0.717707
vt 0.2547888 0.7225091
vt 0.2464803 0.7176973
vt 0.2468533 0.7225044
vt 0.2391017 0.7176865
vt 0.2394616 0.722499
vt 0.2320859 0.7176752
vt 0.2324325 0.7224931
vt 0.2252517 0.7176635
vt 0.2255846 0.7224869
vt 0.2184191 0.7176518
vt 0.2187384 0.7224808
vt 0.2114152 0.7176403
vt 0.2117211 0.7224748
vt 0.2040685 0.7176293
vt 0.2043613 0.7224691
vt 0.1962076 0.7176189
vt 0.1964881 0.722464
vt 0.1876611 0.7176093
vt 0.1879301 0.7224594
vt 0.1782578 0.7176009
vt 0.1785162 0.7224558
vt 0.1678261 0.7175937
vt 0.1680753 0.7224531
vt 0.1561946 0.717588
vt 0.1564361 0.7224516
vt 0.1433155 0.717588
vt 0.1435459 0.7224525
vt 0.1296345 0.7176137
vt 0.1298257 0.722461
vt 0.1157208 0.7176891
vt 0.115815 0.7224839
vt 0.1021435 0.7178381
vt 0.1020532 0.7225273
vt 0.08944637 0.7180664
vt 0.08904529 0.7225781
vt 0.07807133 0.7183058
vt 0.07715774 0.7225438
vt 0.06841303 0.7184255
vt 0.06670341 0.7222931
vt 0.1565772 0.7276853
vt 0.1436765 0.7276862
vt 0.129911 0.7276785
vt 0.1157841 0.7276528
vt 0.1017989 0.7275994
vt 0.08843007 0.7274938
vt 0.07603604 0.7272511
vt 0.168222 0.7276838
vt 0.06494411 0.7267691
vt 0.05791925 0.7216178
vt 0.1786695 0.7276832
vt 0.05547193 0.7259361
vt 0.05091711 0.7203646
vt 0.04782626 0.7246777
vt 0.05360204 0.7308646
vt 0.04560708 0.7295986
vt 0.06349265 0.7317838
vt 0.07502263 0.7324006
vt 0.05239192 0.7362813
vt 0.04419857 0.7350099
vt 0.06252933 0.7372496
vt 0.05171579 0.7420641
vt 0.04342057 0.7407899
vt 0.08781763 0.7327864
vt 0.07432676 0.7379448
vt 0.06197994 0.7430575
vt 0.05139558 0.748091
vt 0.04306285 0.7468157
vt 0.05125337 0.7542399
vt 0.04291526 0.7529645
vt 0.06157087 0.7552438
vt 0.06170643 0.7490937
vt 0.07356349 0.7559963
vt 0.07369181 0.749844
vt 0.08679669 0.7565333
vt 0.07391471 0.743793
vt 0.08691815 0.7503786
vt 0.1008359 0.7568908
vt 0.08709311 0.7443111
vt 0.1009519 0.750734
vt 0.1152467 0.7571048
vt 0.08737511 0.738418
vt 0.1010882 0.7446522
vt 0.1153591 0.7509467
vt 0.1295944 0.7572114
vt 0.1012652 0.7387201
vt 0.1154708 0.7448557
vt 0.1297051 0.7510526
vt 0.1434447 0.7572466
vt 0.1015033 0.7330127
vt 0.115581 0.7388988
vt 0.115689 0.7331429
vt 0.129804 0.744957
vt 0.1435546 0.7510876
vt 0.1563628 0.7572464
vt 0.1299201 0.7332072
vt 0.1298796 0.7389875
vt 0.1436486 0.7449904
vt 0.1564726 0.7510874
vt 0.1680153 0.7572408
vt 0.1437256 0.733228
vt 0.1437109 0.7390166
vt 0.1565656 0.7449901
vt 0.168125 0.7510819
vt 0.1784719 0.7572358
vt 0.1566347 0.7332274
vt 0.1566252 0.7390162
vt 0.1785816 0.7510769
vt 0.1879037 0.7572313
vt 0.1682176 0.7449849
vt 0.1682832 0.7332239
vt 0.168276 0.7390116
vt 0.1880132 0.7510725
vt 0.1964813 0.7572272
vt 0.1786737 0.7449802
vt 0.1787352 0.7332212
vt 0.1787307 0.7390075
vt 0.1965907 0.7510684
vt 0.2043756 0.7572234
vt 0.1881047 0.7449759
vt 0.1881602 0.7390041
vt 0.1881616 0.7332191
vt 0.2044849 0.7510647
vt 0.2117574 0.7572199
vt 0.1966816 0.7449722
vt 0.2118666 0.7510612
vt 0.2187976 0.7572166
vt 0.1967354 0.739001
vt 0.2045751 0.7449687
vt 0.1880909 0.7276835
vt 0.2189067 0.7510579
vt 0.2256669 0.7572133
vt 0.1967334 0.7332176
vt 0.1966572 0.7276844
vt 0.204627 0.7389984
vt 0.2119561 0.7449656
vt 0.225776 0.7510546
vt 0.2325379 0.75721
vt 0.2045393 0.7276857
vt 0.2046215 0.7332165
vt 0.2120061 0.738996
vt 0.2189955 0.7449625
vt 0.2326469 0.7510514
vt 0.2395899 0.7572066
vt 0.2119083 0.7276875
vt 0.2119967 0.7332157
vt 0.2190434 0.7389938
vt 0.2258639 0.7449596
vt 0.2396987 0.7510481
vt 0.2470036 0.7572031
vt 0.2189353 0.7276896
vt 0.2190302 0.7332151
vt 0.2259099 0.7389917
vt 0.2327341 0.7449567
vt 0.2471124 0.7510446
vt 0.2549601 0.7571993
vt 0.2257912 0.7276918
vt 0.2258926 0.7332146
vt 0.2397852 0.7449536
vt 0.232778 0.7389897
vt 0.2550687 0.7510408
vt 0.2636403 0.7571952
vt 0.2326488 0.727694
vt 0.2327568 0.7332141
vt 0.2398271 0.7389874
vt 0.2471981 0.7449505
vt 0.2637488 0.7510367
vt 0.2732249 0.7571906
vt 0.2396876 0.7276959
vt 0.239802 0.7332135
vt 0.2472381 0.738985
vt 0.2551539 0.744947
vt 0.2733334 0.7510322
vt 0.283895 0.7571855
vt 0.2470886 0.7276976
vt 0.2472092 0.7332126
vt 0.2551919 0.7389823
vt 0.2638333 0.7449431
vt 0.2840034 0.7510271
vt 0.2958316 0.7571798
vt 0.2550329 0.7276987
vt 0.2551595 0.7332113
vt 0.2638696 0.7389791
vt 0.2734173 0.7449388
vt 0.2959399 0.7510214
vt 0.309103 0.7571684
vt 0.2637017 0.7276992
vt 0.2638338 0.7332096
vt 0.2734521 0.7389755
vt 0.2840869 0.744934
vt 0.3092112 0.7510101
vt 0.3233286 0.7571257
vt 0.2732762 0.7276988
vt 0.2734132 0.7332071
vt 0.2841203 0.7389712
vt 0.2960229 0.7449285
vt 0.323436 0.7509677
vt 0.3380151 0.7570214
vt 0.2839373 0.7276974
vt 0.2840787 0.7332039
vt 0.3092932 0.7449175
vt 0.2960551 0.7389661
vt 0.3381207 0.7508641
vt 0.3526694 0.756825
vt 0.2958663 0.7276947
vt 0.2960114 0.7331998
vt 0.3235131 0.7448769
vt 0.3093227 0.7389562
vt 0.3527715 0.7506689
vt 0.3667984 0.7565058
vt 0.3091202 0.72769
vt 0.3092737 0.7331918
vt 0.3235293 0.7389206
vt 0.3381849 0.7447781
vt 0.3668949 0.7503518
vt 0.3799089 0.7560336
vt 0.3232606 0.7276797
vt 0.3234542 0.733166
vt 0.3381662 0.7388349
vt 0.3528108 0.7445922
vt 0.3799986 0.749882
vt 0.3915077 0.7553777
vt 0.3377248 0.7276595
vt 0.3380232 0.7331056
vt 0.3527248 0.738674
vt 0.3668954 0.7442895
vt 0.3915904 0.7492282
vt 0.4011017 0.7545077
vt 0.4011781 0.7483594
vt 0.3519504 0.7276251
vt 0.3524505 0.7329938
vt 0.3667036 0.7384101
vt 0.3799513 0.7438359
vt 0.3914938 0.7431965
vt 0.401038 0.7423365
vt 0.3654056 0.7275571
vt 0.3662235 0.7328055
vt 0.3796301 0.7380009
vt 0.3910388 0.7374009
vt 0.4004646 0.7365645
vt 0.3788978 0.7324827
vt 0.3776829 0.7273757
vt 0.3761742 0.7227305
vt 0.3900462 0.7319592
vt 0.3992413 0.7311687
vt 0.3884077 0.7269835
vt 0.3862992 0.7225621
vt 0.3972135 0.7262737
vt 0.3944745 0.7219998
vt 0.07271698 0.4141037
vt 0.06939781 0.402041
vt 0.07642454 0.4127775
vt 0.07700446 0.4245666
vt 0.08002633 0.42248
vt 0.08248648 0.4331545
vt 0.0845581 0.4300076
vt 0.08637175 0.4272776
vt 0.8507506 0.2936909
vt 0.8523813 0.2984861
vt 0.8438474 0.293824
vt 0.8450707 0.2988559
vt 0.8355792 0.2935865
vt 0.8534797 0.3037156
vt 0.836453 0.2988245
vt 0.8262637 0.293163
vt 0.8458704 0.3042166
vt 0.8539282 0.3092875
vt 0.826874 0.2985532
vt 0.8162613 0.2927015
vt 0.8369607 0.3043201
vt 0.8461335 0.3098636
vt 0.8538449 0.3151154
vt 0.8167061 0.2981881
vt 0.8060634 0.2922837
vt 0.8271427 0.3041618
vt 0.8370372 0.3100485
vt 0.845955 0.3157301
vt 0.8534071 0.3211139
vt 0.8064231 0.2978228
vt 0.7961945 0.2919751
vt 0.8168223 0.3038699
vt 0.827064 0.3099604
vt 0.8367629 0.3159567
vt 0.8454821 0.3217428
vt 0.8527921 0.3271977
vt 0.8448621 0.3278286
vt 0.8362548 0.3219848
vt 0.8356297 0.3280728
vt 0.7965238 0.2975384
vt 0.7871789 0.2918408
vt 0.8064607 0.3035443
vt 0.8166441 0.3097144
vt 0.82671 0.3159046
vt 0.8261725 0.321946
vt 0.8255432 0.328036
vt 0.7875072 0.2974157
vt 0.7794186 0.2919276
vt 0.7965332 0.3032778
vt 0.8062314 0.3094136
vt 0.8162391 0.3156822
vt 0.8156828 0.3217323
vt 0.8150508 0.3278235
vt 0.7797539 0.2975141
vt 0.7728267 0.2922076
vt 0.7875147 0.303163
vt 0.7962854 0.3091583
vt 0.8058001 0.3153942
vt 0.8052341 0.321449
vt 0.8046008 0.3275408
vt 0.7731718 0.2978074
vt 0.7671937 0.2926343
vt 0.7797662 0.3032692
vt 0.7958446 0.3151446
vt 0.7952752 0.3212014
vt 0.7946414 0.3272936
vt 0.7872657 0.3090484
vt 0.7675502 0.298248
vt 0.76231 0.2931612
vt 0.7626784 0.2987884
vt 0.7862546 0.321095
vt 0.7856207 0.3271872
vt 0.7868243 0.3150372
vt 0.7731906 0.3035714
vt 0.7675766 0.3040214
vt 0.762713 0.3045708
vt 0.77952 0.3091592
vt 0.7729484 0.3094668
vt 0.7673391 0.3099225
vt 0.7790801 0.3151504
vt 0.7725105 0.3154608
vt 0.7669036 0.3159194
vt 0.7785109 0.3212091
vt 0.7778771 0.3273015
vt 0.7719421 0.3215205
vt 0.766336 0.3219801
vt 0.7713084 0.3276131
vt 0.7657025 0.3280728
vt 0.378308 0.84348
vt 0.3746778 0.8492709
vt 0.3714454 0.8434142
vt 0.3675683 0.8492419
vt 0.3638082 0.8433875
vt 0.3727906 0.8551905
vt 0.3596579 0.849256
vt 0.3557188 0.8433535
vt 0.3655311 0.8551839
vt 0.3722105 0.8612068
vt 0.3512816 0.8492647
vt 0.3474993 0.8432655
vt 0.357455 0.8552227
vt 0.3427741 0.8492197
vt 0.3394722 0.8430769
vt 0.3344701 0.8490723
vt 0.3489048 0.8552574
vt 0.3648741 0.8612116
vt 0.3402225 0.8552384
vt 0.356713 0.8612631
vt 0.3317507 0.8551161
vt 0.3267045 0.8487743
vt 0.3238317 0.8548409
vt 0.3480733 0.8613111
vt 0.3307433 0.861196
vt 0.3227454 0.8609326
vt 0.3393013 0.8613055
vt 0.3308772 0.8673002
vt 0.3228503 0.8670411
vt 0.339467 0.8674048
vt 0.3315818 0.8734164
vt 0.3235507 0.8731579
vt 0.3401761 0.8735204
vt 0.3489859 0.8735204
vt 0.348272 0.8674055
vt 0.3576631 0.8734667
vt 0.3569446 0.8673527
vt 0.3658601 0.8734099
vt 0.3651371 0.8672965
vt 0.3732289 0.8734003
vt 0.3725019 0.8672875
vt 0.3794217 0.8734882
vt 0.3786913 0.8673759
vt 0.378376 0.8612988
vt 0.9570848 0.4391623
vt 0.9515907 0.4354507
vt 0.9570269 0.4342879
vt 0.9515223 0.4305214
vt 0.9569326 0.4295262
vt 0.9459034 0.4333094
vt 0.9514197 0.4257173
vt 0.9568583 0.4250167
vt 0.945828 0.4283434
vt 0.9513404 0.421183
vt 0.9568604 0.4208994
vt 0.9513417 0.4170634
vt 0.9457198 0.4235109
vt 0.9456372 0.41896
vt 0.9456381 0.4148388
vt 0.9397858 0.4180255
vt 0.9397863 0.4139033
vt 0.9398705 0.4225865
vt 0.9399819 0.4274362
vt 0.9400617 0.4324246
vt 0.9338232 0.4180574
vt 0.9338236 0.4139347
vt 0.9339089 0.4226236
vt 0.9400512 0.4374013
vt 0.9458881 0.4382608
vt 0.934096 0.4374717
vt 0.9341041 0.4324819
vt 0.9280621 0.438162
vt 0.9340221 0.4274822
vt 0.9280692 0.4331674
vt 0.9219887 0.4391623
vt 0.9219957 0.434167
vt 0.9279864 0.4281634
vt 0.9219128 0.4291624
vt 0.9278727 0.4233016
vt 0.9217989 0.4243001
vt 0.9277865 0.4187335
vt 0.9217128 0.4197317
vt 0.9277869 0.4146106
vt 0.9217131 0.4156088
g level_2Envipt2
f 1/1 2/2 3/3
f 4/4 1/1 3/3
f 5/5 1/1 4/4
f 4/4 3/3 6/6
f 3/3 7/7 6/6
f 7/7 8/8 6/6
f 9/9 5/5 4/4
f 10/10 5/5 9/9
f 11/11 4/4 6/6
f 9/9 4/4 11/11
f 6/6 8/8 12/12
f 11/11 6/6 12/12
f 13/13 10/10 9/9
f 14/14 10/10 13/13
f 15/15 9/9 11/11
f 13/13 9/9 15/15
f 16/16 14/14 13/13
f 17/17 14/14 16/16
f 8/8 18/18 12/12
f 8/8 19/19 18/18
f 19/19 20/20 18/18
f 21/21 11/11 12/12
f 15/15 11/11 21/21
f 22/22 13/13 15/15
f 16/16 13/13 22/22
f 23/23 17/17 16/16
f 24/24 17/17 23/23
f 18/18 20/20 25/25
f 20/20 26/26 25/25
f 12/12 18/18 27/27
f 21/21 12/12 27/27
f 18/18 25/25 27/27
f 28/28 15/15 21/21
f 22/22 15/15 28/28
f 29/29 16/16 22/22
f 23/23 16/16 29/29
f 30/30 24/24 23/23
f 31/31 24/24 30/30
f 32/32 21/21 27/27
f 28/28 21/21 32/32
f 27/27 25/25 33/33
f 32/32 27/27 33/33
f 34/34 22/22 28/28
f 29/29 22/22 34/34
f 35/35 23/23 29/29
f 30/30 23/23 35/35
f 36/36 31/31 30/30
f 37/37 31/31 36/36
f 38/38 37/37 36/36
f 39/39 28/28 32/32
f 34/34 28/28 39/39
f 40/40 29/29 34/34
f 35/35 29/29 40/40
f 41/41 30/30 35/35
f 36/36 30/30 41/41
f 38/38 36/36 42/42
f 42/42 36/36 41/41
f 41/41 35/35 43/43
f 43/43 35/35 40/40
f 40/40 34/34 44/44
f 44/44 34/34 39/39
f 39/39 32/32 45/45
f 45/45 32/32 33/33
f 42/42 41/41 46/46
f 46/46 41/41 43/43
f 43/43 40/40 47/47
f 47/47 40/40 44/44
f 44/44 39/39 48/48
f 48/48 39/39 45/45
f 46/46 43/43 49/49
f 49/49 43/43 47/47
f 47/47 44/44 50/50
f 50/50 44/44 48/48
f 49/49 47/47 51/51
f 51/51 47/47 50/50
f 45/45 33/33 52/52
f 48/48 45/45 53/53
f 53/53 45/45 52/52
f 50/50 48/48 54/54
f 54/54 48/48 53/53
f 51/51 50/50 55/55
f 55/55 50/50 54/54
f 33/33 56/56 52/52
f 25/25 56/56 33/33
f 25/25 26/26 56/56
f 26/26 57/57 56/56
f 26/26 58/58 57/57
f 58/58 59/59 57/57
f 56/56 60/60 52/52
f 56/56 57/57 60/60
f 57/57 59/59 61/61
f 57/57 61/61 60/60
f 59/59 62/62 61/61
f 52/52 60/60 63/63
f 53/53 52/52 63/63
f 54/54 53/53 64/64
f 64/64 53/53 63/63
f 60/60 61/61 65/65
f 60/60 65/65 63/63
f 61/61 62/62 66/66
f 61/61 66/66 65/65
f 63/63 65/65 67/67
f 64/64 63/63 67/67
f 68/68 54/54 64/64
f 55/55 54/54 68/68
f 62/62 69/69 66/66
f 62/62 70/70 69/69
f 70/70 71/71 69/69
f 65/65 66/66 72/72
f 65/65 72/72 67/67
f 73/73 64/64 67/67
f 68/68 64/64 73/73
f 69/69 71/71 74/74
f 71/71 75/75 74/74
f 66/66 69/69 76/76
f 66/66 76/76 72/72
f 69/69 74/74 76/76
f 67/67 72/72 77/77
f 73/73 67/67 77/77
f 74/74 75/75 78/78
f 75/75 79/79 78/78
f 72/72 76/76 80/80
f 72/72 80/80 77/77
f 76/76 74/74 81/81
f 74/74 78/78 81/81
f 76/76 81/81 80/80
f 78/78 79/79 82/82
f 79/79 83/83 82/82
f 81/81 78/78 84/84
f 78/78 82/82 84/84
f 80/80 81/81 85/85
f 81/81 84/84 85/85
f 77/77 80/80 86/86
f 80/80 85/85 86/86
f 87/87 73/73 77/77
f 87/87 77/77 86/86
f 82/82 83/83 88/88
f 83/83 89/89 88/88
f 84/84 82/82 90/90
f 82/82 88/88 90/90
f 85/85 84/84 91/91
f 84/84 90/90 91/91
f 86/86 85/85 92/92
f 85/85 91/91 92/92
f 88/88 89/89 93/93
f 89/89 94/94 93/93
f 90/90 88/88 95/95
f 88/88 93/93 95/95
f 91/91 90/90 96/96
f 90/90 95/95 96/96
f 93/93 94/94 97/97
f 94/94 98/98 97/97
f 95/95 93/93 99/99
f 93/93 97/97 99/99
f 97/97 98/98 100/100
f 98/98 101/101 100/100
f 97/97 100/100 102/102
f 99/99 97/97 102/102
f 95/95 99/99 103/103
f 96/96 95/95 103/103
f 91/91 96/96 104/104
f 92/92 91/91 104/104
f 102/102 100/100 105/105
f 100/100 106/106 105/105
f 99/99 102/102 107/107
f 103/103 99/99 107/107
f 96/96 103/103 108/108
f 104/104 96/96 108/108
f 102/102 105/105 109/109
f 107/107 102/102 109/109
f 105/105 106/106 110/110
f 106/106 111/111 110/110
f 103/103 107/107 112/112
f 108/108 103/103 112/112
f 107/107 109/109 113/113
f 112/112 107/107 113/113
f 109/109 105/105 114/114
f 105/105 110/110 114/114
f 110/110 111/111 115/115
f 111/111 116/116 115/115
f 113/113 109/109 117/117
f 109/109 114/114 117/117
f 114/114 110/110 118/118
f 110/110 115/115 118/118
f 115/115 116/116 119/119
f 116/116 120/120 119/119
f 117/117 114/114 121/121
f 114/114 118/118 121/121
f 118/118 115/115 122/122
f 115/115 119/119 122/122
f 119/119 120/120 123/123
f 120/120 124/124 123/123
f 121/121 118/118 125/125
f 118/118 122/122 125/125
f 122/122 119/119 126/126
f 119/119 123/123 126/126
f 123/123 124/124 127/127
f 124/124 128/128 127/127
f 125/125 122/122 129/129
f 122/122 126/126 129/129
f 126/126 123/123 130/130
f 123/123 127/127 130/130
f 127/127 128/128 131/131
f 128/128 132/132 131/131
f 129/129 126/126 133/133
f 126/126 130/130 133/133
f 130/130 127/127 134/134
f 127/127 131/131 134/134
f 131/131 132/132 135/135
f 132/132 136/136 135/135
f 133/133 130/130 137/137
f 130/130 134/134 137/137
f 134/134 131/131 138/138
f 131/131 135/135 138/138
f 135/135 136/136 139/139
f 136/136 140/140 139/139
f 135/135 139/139 141/141
f 138/138 135/135 141/141
f 134/134 138/138 142/142
f 137/137 134/134 142/142
f 141/141 139/139 143/143
f 139/139 144/144 143/143
f 138/138 141/141 145/145
f 142/142 138/138 145/145
f 143/143 144/144 146/146
f 144/144 147/147 146/146
f 141/141 143/143 148/148
f 145/145 141/141 148/148
f 146/146 147/147 149/149
f 147/147 150/150 149/149
f 143/143 146/146 151/151
f 148/148 143/143 151/151
f 149/149 150/150 152/152
f 150/150 153/153 152/152
f 146/146 149/149 154/154
f 151/151 146/146 154/154
f 152/152 153/153 155/155
f 153/153 156/156 155/155
f 149/149 152/152 157/157
f 154/154 149/149 157/157
f 155/155 156/156 158/158
f 156/156 159/159 158/158
f 152/152 155/155 160/160
f 157/157 152/152 160/160
f 158/158 159/159 161/161
f 159/159 162/162 161/161
f 155/155 158/158 163/163
f 160/160 155/155 163/163
f 161/161 162/162 164/164
f 162/162 165/165 164/164
f 158/158 161/161 166/166
f 163/163 158/158 166/166
f 161/161 164/164 167/167
f 166/166 161/161 167/167
f 164/164 165/165 168/168
f 165/165 169/169 168/168
f 167/167 164/164 170/170
f 164/164 168/168 170/170
f 168/168 169/169 171/171
f 169/169 172/172 171/171
f 170/170 168/168 173/173
f 168/168 171/171 173/173
f 171/171 172/172 174/174
f 172/172 175/175 174/174
f 173/173 171/171 176/176
f 171/171 174/174 176/176
f 174/174 175/175 177/177
f 175/175 178/178 177/177
f 176/176 174/174 179/179
f 174/174 177/177 179/179
f 177/177 178/178 180/180
f 178/178 181/181 180/180
f 179/179 177/177 182/182
f 177/177 180/180 182/182
f 180/180 181/181 183/183
f 181/181 184/184 183/183
f 182/182 180/180 185/185
f 180/180 183/183 185/185
f 183/183 184/184 186/186
f 184/184 187/187 186/186
f 185/185 183/183 188/188
f 183/183 186/186 188/188
f 186/186 187/187 189/189
f 187/187 190/190 189/189
f 188/188 186/186 191/191
f 186/186 189/189 191/191
f 189/189 190/190 192/192
f 190/190 193/193 192/192
f 191/191 189/189 194/194
f 189/189 192/192 194/194
f 192/192 193/193 195/195
f 193/193 196/196 195/195
f 194/194 192/192 197/197
f 192/192 195/195 197/197
f 195/195 196/196 198/198
f 196/196 199/199 198/198
f 197/197 195/195 200/200
f 195/195 198/198 200/200
f 198/198 199/199 201/201
f 199/199 202/202 201/201
f 200/200 198/198 203/203
f 198/198 201/201 203/203
f 201/201 202/202 204/204
f 202/202 205/205 204/204
f 203/203 201/201 206/206
f 201/201 204/204 206/206
f 204/204 205/205 207/207
f 205/205 208/208 207/207
f 206/206 204/204 209/209
f 204/204 207/207 209/209
f 207/207 208/208 210/210
f 208/208 211/211 210/210
f 209/209 207/207 212/212
f 207/207 210/210 212/212
f 210/210 211/211 213/213
f 211/211 214/214 213/213
f 212/212 210/210 215/215
f 210/210 213/213 215/215
f 213/213 214/214 216/216
f 214/214 217/217 216/216
f 215/215 213/213 218/218
f 213/213 216/216 218/218
f 216/216 217/217 219/219
f 217/217 220/220 219/219
f 218/218 216/216 221/221
f 216/216 219/219 221/221
f 219/219 220/220 222/222
f 220/220 223/223 222/222
f 221/221 219/219 224/224
f 219/219 222/222 224/224
f 222/222 223/223 225/225
f 223/223 226/226 225/225
f 224/224 222/222 227/227
f 222/222 225/225 227/227
f 225/225 226/226 228/228
f 226/226 229/229 228/228
f 227/227 225/225 230/230
f 225/225 228/228 230/230
f 228/228 229/229 231/231
f 229/229 232/232 231/231
f 230/230 228/228 233/233
f 228/228 231/231 233/233
f 231/231 232/232 234/234
f 232/232 235/235 234/234
f 231/231 234/234 236/236
f 233/233 231/231 236/236
f 236/236 234/234 237/237
f 234/234 238/238 237/237
f 237/237 238/238 239/239
f 238/238 240/240 239/239
f 230/230 241/241 227/227
f 233/233 242/242 230/230
f 242/242 241/241 230/230
f 236/236 243/243 233/233
f 243/243 242/242 233/233
f 237/237 244/244 236/236
f 244/244 243/243 236/236
f 239/239 245/245 237/237
f 245/245 244/244 237/237
f 241/241 246/246 227/227
f 227/227 246/246 224/224
f 246/246 247/247 224/224
f 224/224 247/247 221/221
f 247/247 248/248 221/221
f 221/221 248/248 218/218
f 248/248 249/249 218/218
f 215/215 218/218 249/249
f 250/250 215/215 249/249
f 212/212 215/215 250/250
f 251/251 212/212 250/250
f 209/209 212/212 251/251
f 252/252 209/209 251/251
f 206/206 209/209 252/252
f 253/253 206/206 252/252
f 203/203 206/206 253/253
f 254/254 203/203 253/253
f 200/200 203/203 254/254
f 255/255 200/200 254/254
f 197/197 200/200 255/255
f 256/256 197/197 255/255
f 194/194 197/197 256/256
f 257/257 194/194 256/256
f 194/194 257/257 191/191
f 257/257 258/258 191/191
f 191/191 258/258 188/188
f 258/258 259/259 188/188
f 188/188 259/259 185/185
f 259/259 260/260 185/185
f 185/185 260/260 182/182
f 260/260 261/261 182/182
f 182/182 261/261 179/179
f 261/261 262/262 179/179
f 179/179 262/262 176/176
f 262/262 263/263 176/176
f 176/176 263/263 173/173
f 263/263 264/264 173/173
f 173/173 264/264 170/170
f 257/257 265/265 258/258
f 258/258 266/266 259/259
f 265/265 266/266 258/258
f 259/259 267/267 260/260
f 266/266 267/267 259/259
f 260/260 268/268 261/261
f 267/267 268/268 260/260
f 261/261 269/269 262/262
f 268/268 269/269 261/261
f 262/262 270/270 263/263
f 269/269 270/270 262/262
f 263/263 271/271 264/264
f 270/270 271/271 263/263
f 265/265 257/257 272/272
f 257/257 256/256 272/272
f 272/272 256/256 273/273
f 256/256 255/255 273/273
f 273/273 255/255 274/274
f 255/255 254/254 274/274
f 274/274 254/254 275/275
f 254/254 253/253 275/275
f 275/275 253/253 276/276
f 253/253 252/252 276/276
f 276/276 252/252 277/277
f 252/252 251/251 277/277
f 277/277 251/251 278/278
f 251/251 250/250 278/278
f 278/278 250/250 279/279
f 250/250 249/249 279/279
f 280/280 279/279 249/249
f 248/248 280/280 249/249
f 281/281 280/280 248/248
f 247/247 281/281 248/248
f 282/282 281/281 247/247
f 246/246 282/282 247/247
f 283/283 282/282 246/246
f 241/241 283/283 246/246
f 284/284 283/283 241/241
f 242/242 284/284 241/241
f 285/285 284/284 242/242
f 243/243 285/285 242/242
f 286/286 285/285 243/243
f 244/244 286/286 243/243
f 287/287 286/286 244/244
f 245/245 287/287 244/244
f 281/281 288/288 280/280
f 282/282 289/289 281/281
f 289/289 288/288 281/281
f 283/283 290/290 282/282
f 290/290 289/289 282/282
f 284/284 291/291 283/283
f 291/291 290/290 283/283
f 285/285 292/292 284/284
f 292/292 291/291 284/284
f 286/286 293/293 285/285
f 293/293 292/292 285/285
f 287/287 294/294 286/286
f 294/294 293/293 286/286
f 288/288 295/295 280/280
f 280/280 295/295 279/279
f 295/295 296/296 279/279
f 278/278 279/279 296/296
f 297/297 278/278 296/296
f 277/277 278/278 297/297
f 298/298 277/277 297/297
f 276/276 277/277 298/298
f 299/299 276/276 298/298
f 275/275 276/276 299/299
f 300/300 275/275 299/299
f 274/274 275/275 300/300
f 301/301 274/274 300/300
f 273/273 274/274 301/301
f 302/302 273/273 301/301
f 272/272 273/273 302/302
f 303/303 272/272 302/302
f 265/265 272/272 303/303
f 304/304 265/265 303/303
f 265/265 304/304 266/266
f 304/304 305/305 266/266
f 266/266 305/305 267/267
f 305/305 306/306 267/267
f 267/267 306/306 268/268
f 306/306 307/307 268/268
f 268/268 307/307 269/269
f 307/307 308/308 269/269
f 269/269 308/308 270/270
f 308/308 309/309 270/270
f 270/270 309/309 271/271
f 303/303 302/302 310/310
f 304/304 303/303 311/311
f 311/311 303/303 310/310
f 304/304 312/312 305/305
f 312/312 304/304 311/311
f 305/305 313/313 306/306
f 312/312 313/313 305/305
f 306/306 314/314 307/307
f 313/313 314/314 306/306
f 307/307 315/315 308/308
f 314/314 315/315 307/307
f 308/308 316/316 309/309
f 315/315 316/316 308/308
f 310/310 302/302 317/317
f 302/302 301/301 317/317
f 317/317 301/301 318/318
f 301/301 300/300 318/318
f 318/318 300/300 319/319
f 300/300 299/299 319/319
f 319/319 299/299 320/320
f 299/299 298/298 320/320
f 320/320 298/298 321/321
f 298/298 297/297 321/321
f 321/321 297/297 322/322
f 297/297 296/296 322/322
f 323/323 322/322 296/296
f 295/295 323/323 296/296
f 324/324 323/323 295/295
f 288/288 324/324 295/295
f 325/325 324/324 288/288
f 289/289 325/325 288/288
f 326/326 325/325 289/289
f 290/290 326/326 289/289
f 327/327 326/326 290/290
f 291/291 327/327 290/290
f 328/328 327/327 291/291
f 292/292 328/328 291/291
f 329/329 328/328 292/292
f 293/293 329/329 292/292
f 330/330 329/329 293/293
f 294/294 330/330 293/293
f 324/324 331/331 323/323
f 325/325 332/332 324/324
f 332/332 331/331 324/324
f 326/326 333/333 325/325
f 333/333 332/332 325/325
f 327/327 334/334 326/326
f 334/334 333/333 326/326
f 328/328 335/335 327/327
f 335/335 334/334 327/327
f 329/329 336/336 328/328
f 336/336 335/335 328/328
f 330/330 337/337 329/329
f 337/337 336/336 329/329
f 331/331 338/338 323/323
f 323/323 338/338 322/322
f 338/338 339/339 322/322
f 321/321 322/322 339/339
f 340/340 321/321 339/339
f 320/320 321/321 340/340
f 341/341 320/320 340/340
f 319/319 320/320 341/341
f 342/342 319/319 341/341
f 318/318 319/319 342/342
f 343/343 318/318 342/342
f 317/317 318/318 343/343
f 344/344 317/317 343/343
f 310/310 317/317 344/344
f 345/345 310/310 344/344
f 311/311 310/310 345/345
f 346/346 311/311 345/345
f 312/312 311/311 346/346
f 347/347 312/312 346/346
f 312/312 347/347 313/313
f 347/347 348/348 313/313
f 313/313 348/348 314/314
f 348/348 349/349 314/314
f 314/314 349/349 315/315
f 349/349 350/350 315/315
f 315/315 350/350 316/316
f 344/344 343/343 351/351
f 345/345 344/344 352/352
f 352/352 344/344 351/351
f 346/346 345/345 353/353
f 353/353 345/345 352/352
f 347/347 346/346 354/354
f 354/354 346/346 353/353
f 347/347 355/355 348/348
f 355/355 347/347 354/354
f 348/348 356/356 349/349
f 355/355 356/356 348/348
f 349/349 357/357 350/350
f 356/356 357/357 349/349
f 351/351 343/343 358/358
f 343/343 342/342 358/358
f 358/358 342/342 359/359
f 342/342 341/341 359/359
f 359/359 341/341 360/360
f 341/341 340/340 360/360
f 360/360 340/340 361/361
f 340/340 339/339 361/361
f 362/362 361/361 339/339
f 338/338 362/362 339/339
f 363/363 362/362 338/338
f 331/331 363/363 338/338
f 364/364 363/363 331/331
f 332/332 364/364 331/331
f 365/365 364/364 332/332
f 333/333 365/365 332/332
f 366/366 365/365 333/333
f 334/334 366/366 333/333
f 367/367 366/366 334/334
f 335/335 367/367 334/334
f 368/368 367/367 335/335
f 336/336 368/368 335/335
f 369/369 368/368 336/336
f 337/337 369/369 336/336
f 363/363 370/370 362/362
f 364/364 371/371 363/363
f 371/371 370/370 363/363
f 365/365 372/372 364/364
f 372/372 371/371 364/364
f 366/366 373/373 365/365
f 373/373 372/372 365/365
f 367/367 374/374 366/366
f 374/374 373/373 366/366
f 368/368 375/375 367/367
f 375/375 374/374 367/367
f 369/369 376/376 368/368
f 376/376 375/375 368/368
f 370/370 377/377 362/362
f 362/362 377/377 361/361
f 377/377 378/378 361/361
f 360/360 361/361 378/378
f 379/379 360/360 378/378
f 359/359 360/360 379/379
f 380/380 359/359 379/379
f 358/358 359/359 380/380
f 381/381 358/358 380/380
f 351/351 358/358 381/381
f 382/382 351/351 381/381
f 352/352 351/351 382/382
f 383/383 352/352 382/382
f 353/353 352/352 383/383
f 384/384 353/353 383/383
f 354/354 353/353 384/384
f 385/385 354/354 384/384
f 355/355 354/354 385/385
f 386/386 355/355 385/385
f 355/355 386/386 356/356
f 386/386 387/387 356/356
f 356/356 387/387 357/357
f 381/381 380/380 388/388
f 382/382 381/381 389/389
f 389/389 381/381 388/388
f 383/383 382/382 390/390
f 390/390 382/382 389/389
f 384/384 383/383 391/391
f 391/391 383/383 390/390
f 385/385 384/384 392/392
f 392/392 384/384 391/391
f 386/386 385/385 393/393
f 393/393 385/385 392/392
f 386/386 394/394 387/387
f 394/394 386/386 393/393
f 388/388 380/380 395/395
f 380/380 379/379 395/395
f 395/395 379/379 396/396
f 379/379 378/378 396/396
f 397/397 396/396 378/378
f 377/377 397/397 378/378
f 398/398 397/397 377/377
f 370/370 398/398 377/377
f 399/399 398/398 370/370
f 371/371 399/399 370/370
f 400/400 399/399 371/371
f 372/372 400/400 371/371
f 401/401 400/400 372/372
f 373/373 401/401 372/372
f 402/402 401/401 373/373
f 374/374 402/402 373/373
f 403/403 402/402 374/374
f 375/375 403/403 374/374
f 404/404 403/403 375/375
f 376/376 404/404 375/375
f 398/398 405/405 397/397
f 399/399 406/406 398/398
f 406/406 405/405 398/398
f 400/400 407/407 399/399
f 407/407 406/406 399/399
f 401/401 408/408 400/400
f 408/408 407/407 400/400
f 402/402 409/409 401/401
f 409/409 408/408 401/401
f 403/403 410/410 402/402
f 410/410 409/409 402/402
f 404/404 411/411 403/403
f 411/411 410/410 403/403
f 405/405 412/412 397/397
f 397/397 412/412 396/396
f 412/412 413/413 396/396
f 396/396 413/413 395/395
f 413/413 414/414 395/395
f 395/395 414/414 388/388
f 414/414 415/415 388/388
f 388/388 415/415 389/389
f 415/415 416/416 389/389
f 389/389 416/416 390/390
f 416/416 417/417 390/390
f 390/390 417/417 391/391
f 417/417 418/418 391/391
f 391/391 418/418 392/392
f 418/418 419/419 392/392
f 392/392 419/419 393/393
f 419/419 420/420 393/393
f 393/393 420/420 394/394
f 413/413 421/421 414/414
f 421/421 422/422 414/414
f 414/414 422/422 415/415
f 423/423 421/421 413/413
f 422/422 424/424 415/415
f 412/412 423/423 413/413
f 415/415 424/424 416/416
f 425/425 423/423 412/412
f 424/424 426/426 416/416
f 405/405 425/425 412/412
f 416/416 426/426 417/417
f 427/427 425/425 405/405
f 426/426 428/428 417/417
f 406/406 427/427 405/405
f 417/417 428/428 418/418
f 429/429 427/427 406/406
f 428/428 430/430 418/418
f 407/407 429/429 406/406
f 418/418 430/430 419/419
f 431/431 429/429 407/407
f 430/430 432/432 419/419
f 408/408 431/431 407/407
f 433/433 431/431 408/408
f 409/409 433/433 408/408
f 434/434 433/433 409/409
f 410/410 434/434 409/409
f 435/435 434/434 410/410
f 419/419 432/432 420/420
f 411/411 435/435 410/410
f 432/432 436/436 420/420
f 437/437 435/435 411/411
f 420/420 436/436 438/438
f 420/420 438/438 394/394
f 436/436 439/439 438/438
f 440/440 437/437 411/411
f 440/440 411/411 404/404
f 441/441 437/437 440/440
f 394/394 438/438 442/442
f 394/394 442/442 387/387
f 438/438 439/439 443/443
f 438/438 443/443 442/442
f 439/439 444/444 443/443
f 445/445 440/440 404/404
f 445/445 404/404 376/376
f 446/446 441/441 440/440
f 446/446 440/440 445/445
f 447/447 441/441 446/446
f 387/387 442/442 448/448
f 387/387 448/448 357/357
f 443/443 444/444 449/449
f 444/444 450/450 449/449
f 442/442 443/443 451/451
f 442/442 451/451 448/448
f 443/443 449/449 451/451
f 452/452 445/445 376/376
f 452/452 376/376 369/369
f 453/453 447/447 446/446
f 454/454 447/447 453/453
f 455/455 446/446 445/445
f 455/455 445/445 452/452
f 453/453 446/446 455/455
f 449/449 450/450 456/456
f 450/450 457/457 456/456
f 451/451 449/449 458/458
f 449/449 456/456 458/458
f 459/459 452/452 369/369
f 459/459 369/369 337/337
f 460/460 454/454 453/453
f 461/461 454/454 460/460
f 462/462 455/455 452/452
f 462/462 452/452 459/459
f 463/463 453/453 455/455
f 460/460 453/453 463/463
f 463/463 455/455 462/462
f 464/464 459/459 337/337
f 464/464 337/337 330/330
f 465/465 461/461 460/460
f 466/466 461/461 465/465
f 467/467 462/462 459/459
f 467/467 459/459 464/464
f 468/468 463/463 462/462
f 468/468 462/462 467/467
f 469/469 460/460 463/463
f 465/465 460/460 469/469
f 469/469 463/463 468/468
f 470/470 464/464 330/330
f 470/470 330/330 294/294
f 471/471 466/466 465/465
f 472/472 466/466 471/471
f 473/473 467/467 464/464
f 473/473 464/464 470/470
f 474/474 468/468 467/467
f 474/474 467/467 473/473
f 475/475 469/469 468/468
f 475/475 468/468 474/474
f 476/476 465/465 469/469
f 471/471 465/465 476/476
f 476/476 469/469 475/475
f 477/477 470/470 294/294
f 477/477 294/294 287/287
f 478/478 472/472 471/471
f 479/479 472/472 478/478
f 480/480 473/473 470/470
f 480/480 470/470 477/477
f 481/481 474/474 473/473
f 481/481 473/473 480/480
f 482/482 475/475 474/474
f 482/482 474/474 481/481
f 483/483 476/476 475/475
f 483/483 475/475 482/482
f 484/484 471/471 476/476
f 478/478 471/471 484/484
f 484/484 476/476 483/483
f 485/485 479/479 478/478
f 486/486 479/479 485/485
f 487/487 478/478 484/484
f 485/485 478/478 487/487
f 488/488 484/484 483/483
f 487/487 484/484 488/488
f 489/489 483/483 482/482
f 488/488 483/483 489/489
f 490/490 482/482 481/481
f 489/489 482/482 490/490
f 491/491 486/486 485/485
f 492/492 486/486 491/491
f 493/493 485/485 487/487
f 491/491 485/485 493/493
f 494/494 487/487 488/488
f 493/493 487/487 494/494
f 495/495 488/488 489/489
f 494/494 488/488 495/495
f 496/496 492/492 491/491
f 497/497 492/492 496/496
f 498/498 491/491 493/493
f 496/496 491/491 498/498
f 499/499 493/493 494/494
f 498/498 493/493 499/499
f 500/500 497/497 496/496
f 501/501 497/497 500/500
f 502/502 496/496 498/498
f 500/500 496/496 502/502
f 503/503 501/501 500/500
f 504/504 501/501 503/503
f 495/495 489/489 505/505
f 505/505 489/489 490/490
f 506/506 494/494 495/495
f 499/499 494/494 506/506
f 507/507 498/498 499/499
f 502/502 498/498 507/507
f 508/508 500/500 502/502
f 503/503 500/500 508/508
f 509/509 504/504 503/503
f 510/510 504/504 509/509
f 511/511 495/495 505/505
f 506/506 495/495 511/511
f 512/512 499/499 506/506
f 507/507 499/499 512/512
f 513/513 502/502 507/507
f 508/508 502/502 513/513
f 514/514 503/503 508/508
f 509/509 503/503 514/514
f 515/515 510/510 509/509
f 516/516 510/510 515/515
f 517/517 506/506 511/511
f 512/512 506/506 517/517
f 518/518 507/507 512/512
f 513/513 507/507 518/518
f 519/519 508/508 513/513
f 514/514 508/508 519/519
f 520/520 509/509 514/514
f 515/515 509/509 520/520
f 521/521 516/516 515/515
f 522/522 516/516 521/521
f 523/523 512/512 517/517
f 518/518 512/512 523/523
f 524/524 513/513 518/518
f 519/519 513/513 524/524
f 525/525 514/514 519/519
f 520/520 514/514 525/525
f 526/526 515/515 520/520
f 521/521 515/515 526/526
f 527/527 522/522 521/521
f 528/528 522/522 527/527
f 529/529 528/528 527/527
f 527/527 521/521 530/530
f 530/530 521/521 526/526
f 526/526 520/520 531/531
f 531/531 520/520 525/525
f 525/525 519/519 532/532
f 532/532 519/519 524/524
f 529/529 527/527 533/533
f 533/533 527/527 530/530
f 530/530 526/526 534/534
f 534/534 526/526 531/531
f 531/531 525/525 535/535
f 535/535 525/525 532/532
f 536/536 529/529 533/533
f 537/537 529/529 536/536
f 533/533 530/530 538/538
f 538/538 530/530 534/534
f 536/536 533/533 538/538
f 534/534 531/531 539/539
f 539/539 531/531 535/535
f 540/540 537/537 536/536
f 541/541 537/537 540/540
f 538/538 534/534 542/542
f 542/542 534/534 539/539
f 536/536 538/538 543/543
f 540/540 536/536 543/543
f 543/543 538/538 542/542
f 544/544 541/541 540/540
f 545/545 541/541 544/544
f 540/540 543/543 546/546
f 544/544 540/540 546/546
f 543/543 542/542 547/547
f 546/546 543/543 547/547
f 542/542 539/539 548/548
f 547/547 542/542 548/548
f 539/539 535/535 549/549
f 548/548 539/539 549/549
f 550/550 545/545 544/544
f 551/551 545/545 550/550
f 544/544 546/546 552/552
f 550/550 544/544 552/552
f 546/546 547/547 553/553
f 552/552 546/546 553/553
f 547/547 548/548 554/554
f 553/553 547/547 554/554
f 555/555 551/551 550/550
f 556/556 551/551 555/555
f 550/550 552/552 557/557
f 555/555 550/550 557/557
f 552/552 553/553 558/558
f 557/557 552/552 558/558
f 559/559 556/556 555/555
f 560/560 556/556 559/559
f 555/555 557/557 561/561
f 559/559 555/555 561/561
f 562/562 560/560 559/559
f 563/563 560/560 562/562
f 554/554 548/548 564/564
f 548/548 549/549 564/564
f 553/553 554/554 565/565
f 558/558 553/553 565/565
f 557/557 558/558 566/566
f 561/561 557/557 566/566
f 559/559 561/561 567/567
f 562/562 559/559 567/567
f 568/568 563/563 562/562
f 569/569 563/563 568/568
f 554/554 564/564 570/570
f 565/565 554/554 570/570
f 558/558 565/565 571/571
f 566/566 558/558 571/571
f 561/561 566/566 572/572
f 567/567 561/561 572/572
f 562/562 567/567 573/573
f 568/568 562/562 573/573
f 574/574 569/569 568/568
f 575/575 569/569 574/574
f 565/565 570/570 576/576
f 571/571 565/565 576/576
f 566/566 571/571 577/577
f 572/572 566/566 577/577
f 567/567 572/572 578/578
f 573/573 567/567 578/578
f 573/573 579/579 568/568
f 579/579 574/574 568/568
f 580/580 575/575 574/574
f 581/581 575/575 580/580
f 571/571 576/576 582/582
f 577/577 571/571 582/582
f 572/572 577/577 583/583
f 578/578 572/572 583/583
f 578/578 584/584 573/573
f 584/584 579/579 573/573
f 579/579 585/585 574/574
f 585/585 580/580 574/574
f 586/586 581/581 580/580
f 587/587 581/581 586/586
f 577/577 582/582 588/588
f 583/583 577/577 588/588
f 583/583 589/589 578/578
f 589/589 584/584 578/578
f 584/584 590/590 579/579
f 590/590 585/585 579/579
f 585/585 591/591 580/580
f 591/591 586/586 580/580
f 592/592 587/587 586/586
f 593/593 587/587 592/592
f 588/588 594/594 583/583
f 594/594 589/589 583/583
f 589/589 595/595 584/584
f 595/595 590/590 584/584
f 590/590 596/596 585/585
f 596/596 591/591 585/585
f 591/591 597/597 586/586
f 597/597 592/592 586/586
f 598/598 593/593 592/592
f 599/599 593/593 598/598
f 594/594 600/600 589/589
f 600/600 595/595 589/589
f 595/595 601/601 590/590
f 601/601 596/596 590/590
f 596/596 602/602 591/591
f 602/602 597/597 591/591
f 597/597 603/603 592/592
f 603/603 598/598 592/592
f 604/604 599/599 598/598
f 605/605 599/599 604/604
f 600/600 606/606 595/595
f 606/606 601/601 595/595
f 601/601 607/607 596/596
f 607/607 602/602 596/596
f 602/602 608/608 597/597
f 608/608 603/603 597/597
f 603/603 609/609 598/598
f 609/609 604/604 598/598
f 610/610 605/605 604/604
f 611/611 605/605 610/610
f 606/606 612/612 601/601
f 612/612 607/607 601/601
f 607/607 613/613 602/602
f 613/613 608/608 602/602
f 608/608 614/614 603/603
f 614/614 609/609 603/603
f 609/609 615/615 604/604
f 615/615 610/610 604/604
f 616/616 611/611 610/610
f 617/617 611/611 616/616
f 612/612 618/618 607/607
f 618/618 613/613 607/607
f 613/613 619/619 608/608
f 619/619 614/614 608/608
f 614/614 620/620 609/609
f 620/620 615/615 609/609
f 615/615 621/621 610/610
f 621/621 616/616 610/610
f 622/622 617/617 616/616
f 623/623 617/617 622/622
f 618/618 624/624 613/613
f 624/624 619/619 613/613
f 619/619 625/625 614/614
f 625/625 620/620 614/614
f 620/620 626/626 615/615
f 626/626 621/621 615/615
f 621/621 627/627 616/616
f 627/627 622/622 616/616
f 628/628 623/623 622/622
f 629/629 623/623 628/628
f 624/624 630/630 619/619
f 630/630 625/625 619/619
f 625/625 631/631 620/620
f 631/631 626/626 620/620
f 626/626 632/632 621/621
f 632/632 627/627 621/621
f 627/627 633/633 622/622
f 633/633 628/628 622/622
f 634/634 629/629 628/628
f 635/635 629/629 634/634
f 630/630 636/636 625/625
f 636/636 631/631 625/625
f 631/631 637/637 626/626
f 637/637 632/632 626/626
f 632/632 638/638 627/627
f 638/638 633/633 627/627
f 633/633 639/639 628/628
f 639/639 634/634 628/628
f 640/640 635/635 634/634
f 641/641 635/635 640/640
f 636/636 642/642 631/631
f 642/642 637/637 631/631
f 637/637 643/643 632/632
f 643/643 638/638 632/632
f 638/638 644/644 633/633
f 644/644 639/639 633/633
f 639/639 645/645 634/634
f 645/645 640/640 634/634
f 646/646 641/641 640/640
f 647/647 641/641 646/646
f 642/642 648/648 637/637
f 648/648 643/643 637/637
f 643/643 649/649 638/638
f 649/649 644/644 638/638
f 644/644 650/650 639/639
f 650/650 645/645 639/639
f 645/645 651/651 640/640
f 651/651 646/646 640/640
f 652/652 647/647 646/646
f 653/653 647/647 652/652
f 648/648 654/654 643/643
f 654/654 649/649 643/643
f 649/649 655/655 644/644
f 655/655 650/650 644/644
f 650/650 656/656 645/645
f 656/656 651/651 645/645
f 651/651 657/657 646/646
f 657/657 652/652 646/646
f 658/658 653/653 652/652
f 659/659 653/653 658/658
f 654/654 660/660 649/649
f 660/660 655/655 649/649
f 655/655 661/661 650/650
f 661/661 656/656 650/650
f 656/656 662/662 651/651
f 662/662 657/657 651/651
f 657/657 663/663 652/652
f 663/663 658/658 652/652
f 664/664 659/659 658/658
f 665/665 659/659 664/664
f 660/660 666/666 655/655
f 666/666 661/661 655/655
f 661/661 667/667 656/656
f 667/667 662/662 656/656
f 662/662 668/668 657/657
f 668/668 663/663 657/657
f 663/663 669/669 658/658
f 669/669 664/664 658/658
f 670/670 665/665 664/664
f 671/671 665/665 670/670
f 666/666 672/672 661/661
f 672/672 667/667 661/661
f 667/667 673/673 662/662
f 673/673 668/668 662/662
f 668/668 674/674 663/663
f 674/674 669/669 663/663
f 669/669 675/675 664/664
f 675/675 670/670 664/664
f 676/676 671/671 670/670
f 677/677 671/671 676/676
f 672/672 678/678 667/667
f 678/678 673/673 667/667
f 673/673 679/679 668/668
f 679/679 674/674 668/668
f 674/674 680/680 669/669
f 680/680 675/675 669/669
f 675/675 681/681 670/670
f 681/681 676/676 670/670
f 682/682 677/677 676/676
f 683/683 677/677 682/682
f 678/678 684/684 673/673
f 684/684 679/679 673/673
f 679/679 685/685 674/674
f 685/685 680/680 674/674
f 680/680 686/686 675/675
f 686/686 681/681 675/675
f 681/681 687/687 676/676
f 687/687 682/682 676/676
f 688/688 683/683 682/682
f 689/689 683/683 688/688
f 684/684 690/690 679/679
f 690/690 685/685 679/679
f 685/685 691/691 680/680
f 691/691 686/686 680/680
f 686/686 692/692 681/681
f 692/692 687/687 681/681
f 687/687 693/693 682/682
f 693/693 688/688 682/682
f 690/690 694/694 685/685
f 694/694 691/691 685/685
f 691/691 695/695 686/686
f 695/695 692/692 686/686
f 692/692 696/696 687/687
f 696/696 693/693 687/687
f 694/694 697/697 691/691
f 697/697 695/695 691/691
f 695/695 698/698 692/692
f 698/698 696/696 692/692
f 697/697 699/699 695/695
f 699/699 698/698 695/695
f 693/693 700/700 688/688
f 696/696 701/701 693/693
f 701/701 700/700 693/693
f 698/698 702/702 696/696
f 702/702 701/701 696/696
f 699/699 703/703 698/698
f 703/703 702/702 698/698
f 700/700 704/704 688/688
f 704/704 689/689 688/688
f 705/705 697/697 694/694
f 706/706 699/699 697/697
f 705/705 706/706 697/697
f 707/707 703/703 699/699
f 706/706 707/707 699/699
f 708/708 705/705 694/694
f 708/708 694/694 690/690
f 709/709 708/708 690/690
f 709/709 690/690 684/684
f 710/710 709/709 684/684
f 710/710 684/684 678/678
f 711/711 710/710 678/678
f 711/711 678/678 672/672
f 712/712 711/711 672/672
f 712/712 672/672 666/666
f 713/713 712/712 666/666
f 713/713 666/666 660/660
f 714/714 713/713 660/660
f 714/714 660/660 654/654
f 715/715 714/714 654/654
f 715/715 654/654 648/648
f 716/716 715/715 648/648
f 716/716 648/648 642/642
f 717/717 716/716 642/642
f 717/717 642/642 636/636
f 718/718 717/717 636/636
f 718/718 636/636 630/630
f 719/719 718/718 630/630
f 719/719 630/630 624/624
f 720/720 719/719 624/624
f 720/720 624/624 618/618
f 721/721 720/720 618/618
f 721/721 618/618 612/612
f 722/722 721/721 612/612
f 722/722 612/612 606/606
f 723/723 722/722 606/606
f 723/723 606/606 600/600
f 724/724 723/723 600/600
f 724/724 600/600 594/594
f 725/725 724/724 594/594
f 725/725 594/594 588/588
f 726/726 725/725 588/588
f 588/588 582/582 726/726
f 582/582 727/727 726/726
f 582/582 576/576 727/727
f 576/576 728/728 727/727
f 576/576 570/570 728/728
f 570/570 729/729 728/728
f 570/570 564/564 729/729
f 564/564 730/730 729/729
f 564/564 549/549 730/730
f 549/549 731/731 730/730
f 549/549 535/535 731/731
f 535/535 532/532 731/731
f 731/731 532/532 732/732
f 532/532 524/524 732/732
f 730/730 731/731 733/733
f 731/731 732/732 733/733
f 729/729 730/730 734/734
f 730/730 733/733 734/734
f 728/728 729/729 735/735
f 729/729 734/734 735/735
f 727/727 728/728 736/736
f 728/728 735/735 736/736
f 732/732 524/524 737/737
f 524/524 518/518 737/737
f 737/737 518/518 523/523
f 733/733 732/732 738/738
f 732/732 737/737 738/738
f 734/734 733/733 739/739
f 733/733 738/738 739/739
f 735/735 734/734 740/740
f 734/734 739/739 740/740
f 737/737 523/523 741/741
f 738/738 737/737 741/741
f 739/739 738/738 742/742
f 738/738 741/741 742/742
f 741/741 523/523 743/743
f 523/523 517/517 743/743
f 735/735 740/740 744/744
f 736/736 735/735 744/744
f 740/740 739/739 745/745
f 739/739 742/742 745/745
f 742/742 741/741 746/746
f 741/741 743/743 746/746
f 743/743 517/517 747/747
f 517/517 511/511 747/747
f 744/744 740/740 748/748
f 740/740 745/745 748/748
f 745/745 742/742 749/749
f 742/742 746/746 749/749
f 746/746 743/743 750/750
f 743/743 747/747 750/750
f 747/747 511/511 751/751
f 511/511 505/505 751/751
f 748/748 745/745 752/752
f 745/745 749/749 752/752
f 749/749 746/746 753/753
f 746/746 750/750 753/753
f 750/750 747/747 754/754
f 747/747 751/751 754/754
f 751/751 505/505 755/755
f 505/505 490/490 755/755
f 752/752 749/749 756/756
f 749/749 753/753 756/756
f 753/753 750/750 757/757
f 750/750 754/754 757/757
f 754/754 751/751 758/758
f 751/751 755/755 758/758
f 755/755 490/490 759/759
f 490/490 481/481 759/759
f 759/759 481/481 480/480
f 755/755 759/759 760/760
f 758/758 755/755 760/760
f 759/759 480/480 761/761
f 760/760 759/759 761/761
f 761/761 480/480 477/477
f 754/754 758/758 762/762
f 757/757 754/754 762/762
f 753/753 757/757 763/763
f 756/756 753/753 763/763
f 758/758 760/760 764/764
f 762/762 758/758 764/764
f 761/761 477/477 765/765
f 765/765 477/477 287/287
f 765/765 287/287 245/245
f 760/760 761/761 766/766
f 766/766 761/761 765/765
f 764/764 760/760 766/766
f 767/767 765/765 245/245
f 766/766 765/765 767/767
f 767/767 245/245 239/239
f 757/757 762/762 768/768
f 763/763 757/757 768/768
f 764/764 766/766 769/769
f 769/769 766/766 767/767
f 770/770 767/767 239/239
f 769/769 767/767 770/770
f 239/239 771/771 770/770
f 771/771 772/772 770/770
f 762/762 764/764 773/773
f 773/773 764/764 769/769
f 768/768 762/762 773/773
f 774/774 769/769 770/770
f 770/770 772/772 774/774
f 773/773 769/769 774/774
f 768/768 773/773 775/775
f 775/775 773/773 774/774
f 772/772 776/776 774/774
f 774/774 776/776 775/775
f 772/772 777/777 776/776
f 763/763 768/768 778/778
f 778/778 768/768 775/775
f 777/777 779/779 776/776
f 777/777 780/780 779/779
f 776/776 781/781 775/775
f 775/775 781/781 778/778
f 776/776 779/779 781/781
f 782/782 763/763 778/778
f 756/756 763/763 782/782
f 780/780 783/783 779/779
f 780/780 784/784 783/783
f 779/779 785/785 781/781
f 779/779 783/783 785/785
f 781/781 786/786 778/778
f 778/778 786/786 782/782
f 781/781 785/785 786/786
f 787/787 756/756 782/782
f 752/752 756/756 787/787
f 784/784 788/788 783/783
f 784/784 789/789 788/788
f 786/786 790/790 782/782
f 782/782 790/790 787/787
f 785/785 791/791 786/786
f 786/786 791/791 790/790
f 783/783 792/792 785/785
f 783/783 788/788 792/792
f 785/785 792/792 791/791
f 793/793 752/752 787/787
f 748/748 752/752 793/793
f 789/789 794/794 788/788
f 789/789 795/795 794/794
f 790/790 796/796 787/787
f 787/787 796/796 793/793
f 791/791 797/797 790/790
f 790/790 797/797 796/796
f 792/792 798/798 791/791
f 791/791 798/798 797/797
f 788/788 799/799 792/792
f 788/788 794/794 799/799
f 792/792 799/799 798/798
f 800/800 748/748 793/793
f 744/744 748/748 800/800
f 795/795 801/801 794/794
f 795/795 802/802 801/801
f 796/796 803/803 793/793
f 793/793 803/803 800/800
f 797/797 804/804 796/796
f 796/796 804/804 803/803
f 798/798 805/805 797/797
f 797/797 805/805 804/804
f 799/799 806/806 798/798
f 798/798 806/806 805/805
f 794/794 807/807 799/799
f 794/794 801/801 807/807
f 799/799 807/807 806/806
f 808/808 744/744 800/800
f 736/736 744/744 808/808
f 803/803 809/809 800/800
f 800/800 809/809 808/808
f 804/804 810/810 803/803
f 803/803 810/810 809/809
f 805/805 811/811 804/804
f 804/804 811/811 810/810
f 806/806 812/812 805/805
f 805/805 812/812 811/811
f 807/807 813/813 806/806
f 806/806 813/813 812/812
f 814/814 736/736 808/808
f 727/727 736/736 814/814
f 726/726 727/727 814/814
f 809/809 815/815 808/808
f 808/808 815/815 814/814
f 814/814 816/816 726/726
f 815/815 816/816 814/814
f 816/816 725/725 726/726
f 809/809 817/817 815/815
f 810/810 817/817 809/809
f 816/816 818/818 725/725
f 818/818 724/724 725/725
f 815/815 819/819 816/816
f 817/817 819/819 815/815
f 819/819 818/818 816/816
f 810/810 820/820 817/817
f 811/811 820/820 810/810
f 818/818 821/821 724/724
f 821/821 723/723 724/724
f 819/819 822/822 818/818
f 822/822 821/821 818/818
f 817/817 823/823 819/819
f 820/820 823/823 817/817
f 823/823 822/822 819/819
f 811/811 824/824 820/820
f 812/812 824/824 811/811
f 821/821 825/825 723/723
f 825/825 722/722 723/723
f 822/822 826/826 821/821
f 826/826 825/825 821/821
f 823/823 827/827 822/822
f 827/827 826/826 822/822
f 820/820 828/828 823/823
f 824/824 828/828 820/820
f 828/828 827/827 823/823
f 812/812 829/829 824/824
f 813/813 829/829 812/812
f 825/825 830/830 722/722
f 830/830 721/721 722/722
f 826/826 831/831 825/825
f 831/831 830/830 825/825
f 827/827 832/832 826/826
f 832/832 831/831 826/826
f 824/824 833/833 828/828
f 829/829 833/833 824/824
f 828/828 834/834 827/827
f 834/834 832/832 827/827
f 833/833 834/834 828/828
f 830/830 835/835 721/721
f 835/835 720/720 721/721
f 831/831 836/836 830/830
f 836/836 835/835 830/830
f 832/832 837/837 831/831
f 837/837 836/836 831/831
f 834/834 838/838 832/832
f 838/838 837/837 832/832
f 833/833 839/839 834/834
f 839/839 838/838 834/834
f 829/829 840/840 833/833
f 840/840 839/839 833/833
f 835/835 841/841 720/720
f 841/841 719/719 720/720
f 836/836 842/842 835/835
f 842/842 841/841 835/835
f 837/837 843/843 836/836
f 843/843 842/842 836/836
f 838/838 844/844 837/837
f 844/844 843/843 837/837
f 839/839 845/845 838/838
f 845/845 844/844 838/838
f 841/841 846/846 719/719
f 846/846 718/718 719/719
f 842/842 847/847 841/841
f 847/847 846/846 841/841
f 843/843 848/848 842/842
f 848/848 847/847 842/842
f 844/844 849/849 843/843
f 849/849 848/848 843/843
f 846/846 850/850 718/718
f 850/850 717/717 718/718
f 847/847 851/851 846/846
f 851/851 850/850 846/846
f 848/848 852/852 847/847
f 852/852 851/851 847/847
f 850/850 853/853 717/717
f 853/853 716/716 717/717
f 851/851 854/854 850/850
f 854/854 853/853 850/850
f 853/853 855/855 716/716
f 855/855 715/715 716/716
f 856/856 849/849 844/844
f 845/845 856/856 844/844
f 849/849 857/857 848/848
f 857/857 852/852 848/848
f 852/852 858/858 851/851
f 858/858 854/854 851/851
f 854/854 859/859 853/853
f 859/859 855/855 853/853
f 855/855 860/860 715/715
f 860/860 714/714 715/715
f 856/856 861/861 849/849
f 861/861 857/857 849/849
f 857/857 862/862 852/852
f 862/862 858/858 852/852
f 858/858 863/863 854/854
f 863/863 859/859 854/854
f 859/859 864/864 855/855
f 864/864 860/860 855/855
f 860/860 865/865 714/714
f 865/865 713/713 714/714
f 861/861 866/866 857/857
f 866/866 862/862 857/857
f 862/862 867/867 858/858
f 867/867 863/863 858/858
f 863/863 868/868 859/859
f 868/868 864/864 859/859
f 864/864 869/869 860/860
f 869/869 865/865 860/860
f 865/865 870/870 713/713
f 870/870 712/712 713/713
f 866/866 871/871 862/862
f 871/871 867/867 862/862
f 867/867 872/872 863/863
f 872/872 868/868 863/863
f 868/868 873/873 864/864
f 873/873 869/869 864/864
f 869/869 874/874 865/865
f 874/874 870/870 865/865
f 870/870 875/875 712/712
f 875/875 711/711 712/712
f 871/871 876/876 867/867
f 876/876 872/872 867/867
f 872/872 877/877 868/868
f 877/877 873/873 868/868
f 873/873 878/878 869/869
f 878/878 874/874 869/869
f 874/874 879/879 870/870
f 879/879 875/875 870/870
f 875/875 880/880 711/711
f 880/880 710/710 711/711
f 876/876 881/881 872/872
f 881/881 877/877 872/872
f 877/877 882/882 873/873
f 882/882 878/878 873/873
f 878/878 883/883 874/874
f 883/883 879/879 874/874
f 879/879 884/884 875/875
f 884/884 880/880 875/875
f 880/880 885/885 710/710
f 885/885 709/709 710/710
f 881/881 886/886 877/877
f 886/886 882/882 877/877
f 882/882 887/887 878/878
f 887/887 883/883 878/878
f 883/883 888/888 879/879
f 888/888 884/884 879/879
f 884/884 889/889 880/880
f 889/889 885/885 880/880
f 885/885 890/890 709/709
f 890/890 708/708 709/709
f 886/886 891/891 882/882
f 891/891 887/887 882/882
f 887/887 892/892 883/883
f 892/892 888/888 883/883
f 888/888 893/893 884/884
f 893/893 889/889 884/884
f 889/889 894/894 885/885
f 894/894 890/890 885/885
f 890/890 895/895 708/708
f 895/895 705/705 708/708
f 891/891 896/896 887/887
f 896/896 892/892 887/887
f 892/892 897/897 888/888
f 897/897 893/893 888/888
f 893/893 898/898 889/889
f 898/898 894/894 889/889
f 894/894 899/899 890/890
f 899/899 895/895 890/890
f 895/895 900/900 705/705
f 900/900 706/706 705/705
f 896/896 901/901 892/892
f 901/901 897/897 892/892
f 897/897 902/902 893/893
f 902/902 898/898 893/893
f 898/898 903/903 894/894
f 903/903 899/899 894/894
f 899/899 904/904 895/895
f 904/904 900/900 895/895
f 900/900 905/905 706/706
f 905/905 707/707 706/706
f 901/901 906/906 897/897
f 906/906 902/902 897/897
f 902/902 907/907 898/898
f 907/907 903/903 898/898
f 903/903 908/908 899/899
f 908/908 904/904 899/899
f 904/904 909/909 900/900
f 909/909 905/905 900/900
f 906/906 910/910 902/902
f 910/910 907/907 902/902
f 907/907 911/911 903/903
f 911/911 908/908 903/903
f 908/908 912/912 904/904
f 912/912 909/909 904/904
f 910/910 913/913 907/907
f 913/913 911/911 907/907
f 911/911 914/914 908/908
f 914/914 912/912 908/908
f 913/913 915/915 911/911
f 915/915 914/914 911/911
f 909/909 916/916 905/905
f 912/912 917/917 909/909
f 917/917 916/916 909/909
f 914/914 918/918 912/912
f 918/918 917/917 912/912
f 915/915 919/919 914/914
f 919/919 918/918 914/914
f 916/916 920/920 905/905
f 905/905 920/920 707/707
f 920/920 921/921 707/707
f 707/707 921/921 703/703
f 921/921 922/922 703/703
f 703/703 922/922 702/702
f 922/922 923/923 702/702
f 702/702 923/923 701/701
f 923/923 924/924 701/701
f 701/701 924/924 700/700
f 924/924 925/925 700/700
f 700/700 925/925 704/704
f 916/916 926/926 920/920
f 920/920 927/927 921/921
f 926/926 927/927 920/920
f 921/921 928/928 922/922
f 927/927 928/928 921/921
f 922/922 929/929 923/923
f 928/928 929/929 922/922
f 923/923 930/930 924/924
f 929/929 930/930 923/923
f 924/924 931/931 925/925
f 930/930 931/931 924/924
f 932/932 926/926 916/916
f 917/917 932/932 916/916
f 933/933 932/932 917/917
f 918/918 933/933 917/917
f 934/934 933/933 918/918
f 919/919 934/934 918/918
f 928/928 935/935 929/929
f 929/929 936/936 930/930
f 935/935 936/936 929/929
f 930/930 937/937 931/931
f 936/936 937/937 930/930
f 938/938 935/935 928/928
f 927/927 938/938 928/928
f 939/939 938/938 927/927
f 926/926 939/939 927/927
f 940/940 939/939 926/926
f 932/932 940/940 926/926
f 941/941 940/940 932/932
f 933/933 941/941 932/932
f 942/942 941/941 933/933
f 934/934 942/942 933/933
f 935/935 943/943 936/936
f 938/938 944/944 935/935
f 944/944 943/943 935/935
f 939/939 945/945 938/938
f 945/945 944/944 938/938
f 940/940 946/946 939/939
f 946/946 945/945 939/939
f 941/941 947/947 940/940
f 947/947 946/946 940/940
f 942/942 948/948 941/941
f 948/948 947/947 941/941
f 943/943 949/949 936/936
f 936/936 949/949 937/937
f 944/944 950/950 943/943
f 950/950 951/951 943/943
f 943/943 951/951 949/949
f 952/952 950/950 944/944
f 945/945 952/952 944/944
f 953/953 952/952 945/945
f 946/946 953/953 945/945
f 954/954 953/953 946/946
f 947/947 954/954 946/946
f 955/955 954/954 947/947
f 948/948 955/955 947/947
f 951/951 956/956 949/949
f 957/957 955/955 948/948
f 949/949 956/956 958/958
f 956/956 959/959 958/958
f 949/949 958/958 937/937
f 960/960 957/957 948/948
f 960/960 948/948 942/942
f 961/961 957/957 960/960
f 958/958 959/959 962/962
f 959/959 963/963 962/962
f 937/937 958/958 964/964
f 958/958 962/962 964/964
f 937/937 964/964 931/931
f 965/965 960/960 942/942
f 965/965 942/942 934/934
f 966/966 961/961 960/960
f 966/966 960/960 965/965
f 967/967 961/961 966/966
f 962/962 963/963 968/968
f 963/963 969/969 968/968
f 931/931 964/964 970/970
f 931/931 970/970 925/925
f 964/964 962/962 971/971
f 962/962 968/968 971/971
f 964/964 971/971 970/970
f 972/972 965/965 934/934
f 972/972 934/934 919/919
f 973/973 967/967 966/966
f 974/974 967/967 973/973
f 975/975 966/966 965/965
f 975/975 965/965 972/972
f 973/973 966/966 975/975
f 925/925 970/970 976/976
f 925/925 976/976 704/704
f 970/970 971/971 977/977
f 970/970 977/977 976/976
f 978/978 972/972 919/919
f 978/978 919/919 915/915
f 979/979 974/974 973/973
f 980/980 974/974 979/979
f 981/981 975/975 972/972
f 981/981 972/972 978/978
f 982/982 973/973 975/975
f 979/979 973/973 982/982
f 982/982 975/975 981/981
f 983/983 978/978 915/915
f 983/983 915/915 913/913
f 984/984 980/980 979/979
f 985/985 980/980 984/984
f 986/986 981/981 978/978
f 986/986 978/978 983/983
f 987/987 982/982 981/981
f 987/987 981/981 986/986
f 988/988 979/979 982/982
f 984/984 979/979 988/988
f 988/988 982/982 987/987
f 989/989 983/983 913/913
f 989/989 913/913 910/910
f 990/990 985/985 984/984
f 991/991 985/985 990/990
f 992/992 986/986 983/983
f 992/992 983/983 989/989
f 993/993 987/987 986/986
f 993/993 986/986 992/992
f 994/994 988/988 987/987
f 994/994 987/987 993/993
f 995/995 984/984 988/988
f 990/990 984/984 995/995
f 995/995 988/988 994/994
f 996/996 989/989 910/910
f 996/996 910/910 906/906
f 997/997 991/991 990/990
f 998/998 991/991 997/997
f 999/999 992/992 989/989
f 999/999 989/989 996/996
f 1000/1000 993/993 992/992
f 1000/1000 992/992 999/999
f 1001/1001 994/994 993/993
f 1001/1001 993/993 1000/1000
f 1002/1002 995/995 994/994
f 1002/1002 994/994 1001/1001
f 1003/1003 990/990 995/995
f 997/997 990/990 1003/1003
f 1003/1003 995/995 1002/1002
f 1004/1004 998/998 997/997
f 1005/1005 998/998 1004/1004
f 1006/1006 997/997 1003/1003
f 1004/1004 997/997 1006/1006
f 1007/1007 1003/1003 1002/1002
f 1006/1006 1003/1003 1007/1007
f 1008/1008 1002/1002 1001/1001
f 1007/1007 1002/1002 1008/1008
f 1009/1009 1001/1001 1000/1000
f 1008/1008 1001/1001 1009/1009
f 1010/1010 1005/1005 1004/1004
f 1011/1011 1005/1005 1010/1010
f 1012/1012 1004/1004 1006/1006
f 1010/1010 1004/1004 1012/1012
f 1013/1013 1006/1006 1007/1007
f 1012/1012 1006/1006 1013/1013
f 1014/1014 1007/1007 1008/1008
f 1013/1013 1007/1007 1014/1014
f 1015/1015 1011/1011 1010/1010
f 1016/1016 1011/1011 1015/1015
f 1017/1017 1010/1010 1012/1012
f 1015/1015 1010/1010 1017/1017
f 1018/1018 1012/1012 1013/1013
f 1017/1017 1012/1012 1018/1018
f 1019/1019 1016/1016 1015/1015
f 1020/1020 1016/1016 1019/1019
f 1021/1021 1015/1015 1017/1017
f 1019/1019 1015/1015 1021/1021
f 1022/1022 1020/1020 1019/1019
f 1023/1023 1020/1020 1022/1022
f 1014/1014 1008/1008 1024/1024
f 1024/1024 1008/1008 1009/1009
f 1025/1025 1013/1013 1014/1014
f 1018/1018 1013/1013 1025/1025
f 1026/1026 1017/1017 1018/1018
f 1021/1021 1017/1017 1026/1026
f 1027/1027 1019/1019 1021/1021
f 1022/1022 1019/1019 1027/1027
f 1028/1028 1023/1023 1022/1022
f 1029/1029 1023/1023 1028/1028
f 1030/1030 1014/1014 1024/1024
f 1025/1025 1014/1014 1030/1030
f 1031/1031 1018/1018 1025/1025
f 1026/1026 1018/1018 1031/1031
f 1032/1032 1021/1021 1026/1026
f 1027/1027 1021/1021 1032/1032
f 1033/1033 1022/1022 1027/1027
f 1028/1028 1022/1022 1033/1033
f 1034/1034 1029/1029 1028/1028
f 1035/1035 1029/1029 1034/1034
f 1036/1036 1025/1025 1030/1030
f 1031/1031 1025/1025 1036/1036
f 1037/1037 1026/1026 1031/1031
f 1032/1032 1026/1026 1037/1037
f 1038/1038 1027/1027 1032/1032
f 1033/1033 1027/1027 1038/1038
f 1039/1039 1028/1028 1033/1033
f 1034/1034 1028/1028 1039/1039
f 1040/1040 1035/1035 1034/1034
f 1041/1041 1035/1035 1040/1040
f 1042/1042 1031/1031 1036/1036
f 1037/1037 1031/1031 1042/1042
f 1043/1043 1032/1032 1037/1037
f 1038/1038 1032/1032 1043/1043
f 1044/1044 1033/1033 1038/1038
f 1039/1039 1033/1033 1044/1044
f 1045/1045 1034/1034 1039/1039
f 1040/1040 1034/1034 1045/1045
f 1046/1046 1041/1041 1040/1040
f 1047/1047 1041/1041 1046/1046
f 1048/1048 1037/1037 1042/1042
f 1043/1043 1037/1037 1048/1048
f 1049/1049 1038/1038 1043/1043
f 1044/1044 1038/1038 1049/1049
f 1050/1050 1039/1039 1044/1044
f 1045/1045 1039/1039 1050/1050
f 1051/1051 1040/1040 1045/1045
f 1046/1046 1040/1040 1051/1051
f 1052/1052 1047/1047 1046/1046
f 1053/1053 1047/1047 1052/1052
f 1054/1054 1043/1043 1048/1048
f 1049/1049 1043/1043 1054/1054
f 1055/1055 1044/1044 1049/1049
f 1050/1050 1044/1044 1055/1055
f 1056/1056 1046/1046 1051/1051
f 1052/1052 1046/1046 1056/1056
f 1057/1057 1053/1053 1052/1052
f 1058/1058 1053/1053 1057/1057
f 1059/1059 1049/1049 1054/1054
f 1055/1055 1049/1049 1059/1059
f 1060/1060 1052/1052 1056/1056
f 1057/1057 1052/1052 1060/1060
f 1061/1061 1058/1058 1057/1057
f 1062/1062 1058/1058 1061/1061
f 1063/1063 1057/1057 1060/1060
f 1061/1061 1057/1057 1063/1063
f 1064/1064 1062/1062 1061/1061
f 1065/1065 1062/1062 1064/1064
f 1066/1066 1061/1061 1063/1063
f 1064/1064 1061/1061 1066/1066
f 1067/1067 1065/1065 1064/1064
f 1068/1068 1065/1065 1067/1067
f 1069/1069 1064/1064 1066/1066
f 1067/1067 1064/1064 1069/1069
f 1070/1070 1068/1068 1067/1067
f 1071/1071 1068/1068 1070/1070
f 1072/1072 1067/1067 1069/1069
f 1070/1070 1067/1067 1072/1072
f 1073/1073 1071/1071 1070/1070
f 1074/1074 1071/1071 1073/1073
f 1075/1075 1070/1070 1072/1072
f 1073/1073 1070/1070 1075/1075
f 1076/1076 1074/1074 1073/1073
f 1077/1077 1074/1074 1076/1076
f 1078/1078 1073/1073 1075/1075
f 1076/1076 1073/1073 1078/1078
f 1079/1079 1077/1077 1076/1076
f 1080/1080 1077/1077 1079/1079
f 1081/1081 1076/1076 1078/1078
f 1079/1079 1076/1076 1081/1081
f 1082/1082 1080/1080 1079/1079
f 1083/1083 1080/1080 1082/1082
f 1084/1084 1079/1079 1081/1081
f 1082/1082 1079/1079 1084/1084
f 1085/1085 1083/1083 1082/1082
f 1086/1086 1083/1083 1085/1085
f 1087/1087 1082/1082 1084/1084
f 1085/1085 1082/1082 1087/1087
f 1088/1088 1086/1086 1085/1085
f 1089/1089 1086/1086 1088/1088
f 1090/1090 1085/1085 1087/1087
f 1088/1088 1085/1085 1090/1090
f 1091/1091 1089/1089 1088/1088
f 1092/1092 1089/1089 1091/1091
f 1093/1093 1088/1088 1090/1090
f 1091/1091 1088/1088 1093/1093
f 1094/1094 1092/1092 1091/1091
f 1095/1095 1092/1092 1094/1094
f 1096/1096 1091/1091 1093/1093
f 1094/1094 1091/1091 1096/1096
f 1097/1097 1095/1095 1094/1094
f 1098/1098 1095/1095 1097/1097
f 1099/1099 1094/1094 1096/1096
f 1097/1097 1094/1094 1099/1099
f 1100/1100 1098/1098 1097/1097
f 1101/1101 1098/1098 1100/1100
f 1102/1102 1097/1097 1099/1099
f 1100/1100 1097/1097 1102/1102
f 1103/1103 1101/1101 1100/1100
f 1104/1104 1101/1101 1103/1103
f 1105/1105 1100/1100 1102/1102
f 1103/1103 1100/1100 1105/1105
f 1106/1106 1104/1104 1103/1103
f 1107/1107 1104/1104 1106/1106
f 1108/1108 1103/1103 1105/1105
f 1106/1106 1103/1103 1108/1108
f 1109/1109 1107/1107 1106/1106
f 1110/1110 1107/1107 1109/1109
f 1111/1111 1106/1106 1108/1108
f 1109/1109 1106/1106 1111/1111
f 1112/1112 1110/1110 1109/1109
f 1113/1113 1110/1110 1112/1112
f 1114/1114 1109/1109 1111/1111
f 1112/1112 1109/1109 1114/1114
f 1115/1115 1113/1113 1112/1112
f 1116/1116 1113/1113 1115/1115
f 1117/1117 1112/1112 1114/1114
f 1115/1115 1112/1112 1117/1117
f 1118/1118 1116/1116 1115/1115
f 1119/1119 1116/1116 1118/1118
f 1120/1120 1115/1115 1117/1117
f 1118/1118 1115/1115 1120/1120
f 1121/1121 1119/1119 1118/1118
f 1122/1122 1119/1119 1121/1121
f 1123/1123 1118/1118 1120/1120
f 1121/1121 1118/1118 1123/1123
f 1124/1124 1122/1122 1121/1121
f 1125/1125 1122/1122 1124/1124
f 1126/1126 1121/1121 1123/1123
f 1124/1124 1121/1121 1126/1126
f 1127/1127 1125/1125 1124/1124
f 1128/1128 1125/1125 1127/1127
f 1129/1129 1128/1128 1127/1127
f 1127/1127 1124/1124 1130/1130
f 1130/1130 1124/1124 1126/1126
f 1129/1129 1127/1127 1131/1131
f 1131/1131 1127/1127 1130/1130
f 1132/1132 1129/1129 1131/1131
f 1133/1133 1129/1129 1132/1132
f 1134/1134 1133/1133 1132/1132
f 1135/1135 1123/1123 1120/1120
f 1136/1136 1126/1126 1123/1123
f 1135/1135 1136/1136 1123/1123
f 1137/1137 1130/1130 1126/1126
f 1136/1136 1137/1137 1126/1126
f 1138/1138 1131/1131 1130/1130
f 1137/1137 1138/1138 1130/1130
f 1139/1139 1132/1132 1131/1131
f 1138/1138 1139/1139 1131/1131
f 1140/1140 1134/1134 1132/1132
f 1139/1139 1140/1140 1132/1132
f 1140/1140 1141/1141 1134/1134
f 1141/1141 1142/1142 1134/1134
f 1143/1143 1141/1141 1140/1140
f 1144/1144 1140/1140 1139/1139
f 1144/1144 1143/1143 1140/1140
f 1145/1145 1139/1139 1138/1138
f 1145/1145 1144/1144 1139/1139
f 1146/1146 1138/1138 1137/1137
f 1146/1146 1145/1145 1138/1138
f 1147/1147 1137/1137 1136/1136
f 1147/1147 1146/1146 1137/1137
f 1148/1148 1147/1147 1136/1136
f 1148/1148 1136/1136 1135/1135
f 1149/1149 1143/1143 1144/1144
f 1150/1150 1144/1144 1145/1145
f 1150/1150 1149/1149 1144/1144
f 1151/1151 1145/1145 1146/1146
f 1151/1151 1150/1150 1145/1145
f 1152/1152 1146/1146 1147/1147
f 1152/1152 1151/1151 1146/1146
f 1149/1149 1153/1153 1143/1143
f 1153/1153 1154/1154 1143/1143
f 1155/1155 1153/1153 1149/1149
f 1156/1156 1155/1155 1149/1149
f 1156/1156 1149/1149 1150/1150
f 1157/1157 1155/1155 1156/1156
f 1158/1158 1150/1150 1151/1151
f 1158/1158 1156/1156 1150/1150
f 1159/1159 1157/1157 1156/1156
f 1159/1159 1156/1156 1158/1158
f 1160/1160 1157/1157 1159/1159
f 1161/1161 1160/1160 1159/1159
f 1162/1162 1158/1158 1151/1151
f 1162/1162 1151/1151 1152/1152
f 1163/1163 1159/1159 1158/1158
f 1161/1161 1159/1159 1163/1163
f 1163/1163 1158/1158 1162/1162
f 1164/1164 1161/1161 1163/1163
f 1165/1165 1161/1161 1164/1164
f 1166/1166 1163/1163 1162/1162
f 1164/1164 1163/1163 1166/1166
f 1167/1167 1162/1162 1152/1152
f 1166/1166 1162/1162 1167/1167
f 1168/1168 1165/1165 1164/1164
f 1169/1169 1165/1165 1168/1168
f 1170/1170 1169/1169 1168/1168
f 1171/1171 1164/1164 1166/1166
f 1168/1168 1164/1164 1171/1171
f 1167/1167 1152/1152 1172/1172
f 1172/1172 1152/1152 1147/1147
f 1172/1172 1147/1147 1148/1148
f 1173/1173 1166/1166 1167/1167
f 1171/1171 1166/1166 1173/1173
f 1174/1174 1168/1168 1171/1171
f 1170/1170 1168/1168 1174/1174
f 1175/1175 1167/1167 1172/1172
f 1173/1173 1167/1167 1175/1175
f 1176/1176 1172/1172 1148/1148
f 1175/1175 1172/1172 1176/1176
f 1177/1177 1171/1171 1173/1173
f 1174/1174 1171/1171 1177/1177
f 1178/1178 1173/1173 1175/1175
f 1177/1177 1173/1173 1178/1178
f 1176/1176 1148/1148 1179/1179
f 1179/1179 1148/1148 1135/1135
f 1180/1180 1175/1175 1176/1176
f 1178/1178 1175/1175 1180/1180
f 1179/1179 1135/1135 1181/1181
f 1181/1181 1135/1135 1120/1120
f 1181/1181 1120/1120 1117/1117
f 1182/1182 1176/1176 1179/1179
f 1180/1180 1176/1176 1182/1182
f 1183/1183 1181/1181 1117/1117
f 1183/1183 1117/1117 1114/1114
f 1184/1184 1179/1179 1181/1181
f 1182/1182 1179/1179 1184/1184
f 1184/1184 1181/1181 1183/1183
f 1185/1185 1183/1183 1114/1114
f 1185/1185 1114/1114 1111/1111
f 1186/1186 1184/1184 1183/1183
f 1186/1186 1183/1183 1185/1185
f 1187/1187 1182/1182 1184/1184
f 1187/1187 1184/1184 1186/1186
f 1188/1188 1180/1180 1182/1182
f 1188/1188 1182/1182 1187/1187
f 1189/1189 1185/1185 1111/1111
f 1189/1189 1111/1111 1108/1108
f 1190/1190 1186/1186 1185/1185
f 1190/1190 1185/1185 1189/1189
f 1191/1191 1187/1187 1186/1186
f 1191/1191 1186/1186 1190/1190
f 1192/1192 1189/1189 1108/1108
f 1192/1192 1108/1108 1105/1105
f 1193/1193 1190/1190 1189/1189
f 1193/1193 1189/1189 1192/1192
f 1194/1194 1192/1192 1105/1105
f 1194/1194 1105/1105 1102/1102
f 1195/1195 1180/1180 1188/1188
f 1195/1195 1178/1178 1180/1180
f 1196/1196 1188/1188 1187/1187
f 1196/1196 1187/1187 1191/1191
f 1197/1197 1191/1191 1190/1190
f 1197/1197 1190/1190 1193/1193
f 1198/1198 1193/1193 1192/1192
f 1198/1198 1192/1192 1194/1194
f 1199/1199 1194/1194 1102/1102
f 1199/1199 1102/1102 1099/1099
f 1200/1200 1178/1178 1195/1195
f 1200/1200 1177/1177 1178/1178
f 1201/1201 1196/1196 1191/1191
f 1201/1201 1191/1191 1197/1197
f 1202/1202 1197/1197 1193/1193
f 1202/1202 1193/1193 1198/1198
f 1203/1203 1198/1198 1194/1194
f 1203/1203 1194/1194 1199/1199
f 1204/1204 1199/1199 1099/1099
f 1204/1204 1099/1099 1096/1096
f 1205/1205 1177/1177 1200/1200
f 1205/1205 1174/1174 1177/1177
f 1206/1206 1201/1201 1197/1197
f 1206/1206 1197/1197 1202/1202
f 1207/1207 1202/1202 1198/1198
f 1207/1207 1198/1198 1203/1203
f 1208/1208 1203/1203 1199/1199
f 1208/1208 1199/1199 1204/1204
f 1209/1209 1204/1204 1096/1096
f 1209/1209 1096/1096 1093/1093
f 1210/1210 1174/1174 1205/1205
f 1210/1210 1170/1170 1174/1174
f 1210/1210 1211/1211 1170/1170
f 1211/1211 1212/1212 1170/1170
f 1213/1213 1211/1211 1210/1210
f 1214/1214 1213/1213 1210/1210
f 1214/1214 1210/1210 1205/1205
f 1215/1215 1213/1213 1214/1214
f 1214/1214 1205/1205 1216/1216
f 1216/1216 1205/1205 1200/1200
f 1217/1217 1208/1208 1204/1204
f 1217/1217 1204/1204 1209/1209
f 1218/1218 1215/1215 1214/1214
f 1218/1218 1214/1214 1216/1216
f 1216/1216 1200/1200 1219/1219
f 1219/1219 1200/1200 1195/1195
f 1218/1218 1216/1216 1220/1220
f 1220/1220 1216/1216 1219/1219
f 1219/1219 1195/1195 1221/1221
f 1221/1221 1195/1195 1188/1188
f 1221/1221 1188/1188 1196/1196
f 1222/1222 1219/1219 1221/1221
f 1220/1220 1219/1219 1222/1222
f 1223/1223 1221/1221 1196/1196
f 1222/1222 1221/1221 1223/1223
f 1223/1223 1196/1196 1201/1201
f 1224/1224 1223/1223 1201/1201
f 1224/1224 1201/1201 1206/1206
f 1225/1225 1222/1222 1223/1223
f 1225/1225 1223/1223 1224/1224
f 1226/1226 1220/1220 1222/1222
f 1226/1226 1222/1222 1225/1225
f 1227/1227 1218/1218 1220/1220
f 1227/1227 1220/1220 1226/1226
f 1227/1227 1228/1228 1218/1218
f 1228/1228 1215/1215 1218/1218
f 1228/1228 1229/1229 1215/1215
f 1229/1229 1230/1230 1215/1215
f 1231/1231 1229/1229 1228/1228
f 1232/1232 1231/1231 1228/1228
f 1232/1232 1228/1228 1227/1227
f 1233/1233 1231/1231 1232/1232
f 1234/1234 1227/1227 1226/1226
f 1234/1234 1232/1232 1227/1227
f 1235/1235 1233/1233 1232/1232
f 1235/1235 1232/1232 1234/1234
f 1236/1236 1233/1233 1235/1235
f 1237/1237 1226/1226 1225/1225
f 1234/1234 1226/1226 1237/1237
f 1238/1238 1236/1236 1235/1235
f 1239/1239 1236/1236 1238/1238
f 1240/1240 1235/1235 1234/1234
f 1240/1240 1234/1234 1237/1237
f 1238/1238 1235/1235 1240/1240
f 1237/1237 1225/1225 1241/1241
f 1241/1241 1225/1225 1224/1224
f 1242/1242 1239/1239 1238/1238
f 1243/1243 1239/1239 1242/1242
f 1240/1240 1237/1237 1244/1244
f 1244/1244 1237/1237 1241/1241
f 1245/1245 1238/1238 1240/1240
f 1242/1242 1238/1238 1245/1245
f 1245/1245 1240/1240 1244/1244
f 1241/1241 1224/1224 1246/1246
f 1246/1246 1224/1224 1206/1206
f 1247/1247 1243/1243 1242/1242
f 1248/1248 1243/1243 1247/1247
f 1244/1244 1241/1241 1249/1249
f 1249/1249 1241/1241 1246/1246
f 1245/1245 1244/1244 1250/1250
f 1250/1250 1244/1244 1249/1249
f 1251/1251 1242/1242 1245/1245
f 1247/1247 1242/1242 1251/1251
f 1251/1251 1245/1245 1250/1250
f 1246/1246 1206/1206 1252/1252
f 1252/1252 1206/1206 1202/1202
f 1252/1252 1202/1202 1207/1207
f 1253/1253 1248/1248 1247/1247
f 1254/1254 1248/1248 1253/1253
f 1249/1249 1246/1246 1255/1255
f 1255/1255 1246/1246 1252/1252
f 1250/1250 1249/1249 1256/1256
f 1256/1256 1249/1249 1255/1255
f 1251/1251 1250/1250 1257/1257
f 1257/1257 1250/1250 1256/1256
f 1258/1258 1247/1247 1251/1251
f 1253/1253 1247/1247 1258/1258
f 1258/1258 1251/1251 1257/1257
f 1259/1259 1252/1252 1207/1207
f 1255/1255 1252/1252 1259/1259
f 1260/1260 1254/1254 1253/1253
f 1261/1261 1254/1254 1260/1260
f 1256/1256 1255/1255 1262/1262
f 1262/1262 1255/1255 1259/1259
f 1257/1257 1256/1256 1263/1263
f 1263/1263 1256/1256 1262/1262
f 1258/1258 1257/1257 1264/1264
f 1264/1264 1257/1257 1263/1263
f 1265/1265 1253/1253 1258/1258
f 1260/1260 1253/1253 1265/1265
f 1265/1265 1258/1258 1264/1264
f 1259/1259 1207/1207 1266/1266
f 1266/1266 1207/1207 1203/1203
f 1266/1266 1203/1203 1208/1208
f 1267/1267 1261/1261 1260/1260
f 1268/1268 1261/1261 1267/1267
f 1269/1269 1260/1260 1265/1265
f 1267/1267 1260/1260 1269/1269
f 1265/1265 1264/1264 1270/1270
f 1269/1269 1265/1265 1270/1270
f 1271/1271 1259/1259 1266/1266
f 1262/1262 1259/1259 1271/1271
f 1272/1272 1266/1266 1208/1208
f 1271/1271 1266/1266 1272/1272
f 1272/1272 1208/1208 1217/1217
f 1273/1273 1268/1268 1267/1267
f 1274/1274 1268/1268 1273/1273
f 1275/1275 1267/1267 1269/1269
f 1273/1273 1267/1267 1275/1275
f 1276/1276 1262/1262 1271/1271
f 1263/1263 1262/1262 1276/1276
f 1277/1277 1271/1271 1272/1272
f 1276/1276 1271/1271 1277/1277
f 1278/1278 1272/1272 1217/1217
f 1277/1277 1272/1272 1278/1278
f 1279/1279 1274/1274 1273/1273
f 1280/1280 1274/1274 1279/1279
f 1281/1281 1263/1263 1276/1276
f 1264/1264 1263/1263 1281/1281
f 1270/1270 1264/1264 1281/1281
f 1282/1282 1276/1276 1277/1277
f 1281/1281 1276/1276 1282/1282
f 1270/1270 1281/1281 1283/1283
f 1283/1283 1281/1281 1282/1282
f 1282/1282 1277/1277 1284/1284
f 1284/1284 1277/1277 1278/1278
f 1278/1278 1217/1217 1285/1285
f 1285/1285 1217/1217 1209/1209
f 1286/1286 1280/1280 1279/1279
f 1287/1287 1280/1280 1286/1286
f 1288/1288 1270/1270 1283/1283
f 1269/1269 1270/1270 1288/1288
f 1275/1275 1269/1269 1288/1288
f 1283/1283 1282/1282 1289/1289
f 1289/1289 1282/1282 1284/1284
f 1284/1284 1278/1278 1290/1290
f 1290/1290 1278/1278 1285/1285
f 1288/1288 1283/1283 1291/1291
f 1291/1291 1283/1283 1289/1289
f 1275/1275 1288/1288 1292/1292
f 1292/1292 1288/1288 1291/1291
f 1289/1289 1284/1284 1293/1293
f 1293/1293 1284/1284 1290/1290
f 1291/1291 1289/1289 1294/1294
f 1294/1294 1289/1289 1293/1293
f 1295/1295 1275/1275 1292/1292
f 1295/1295 1273/1273 1275/1275
f 1279/1279 1273/1273 1295/1295
f 1292/1292 1291/1291 1296/1296
f 1296/1296 1291/1291 1294/1294
f 1295/1295 1292/1292 1297/1297
f 1297/1297 1292/1292 1296/1296
f 1298/1298 1279/1279 1295/1295
f 1298/1298 1295/1295 1297/1297
f 1286/1286 1279/1279 1298/1298
f 1293/1293 1290/1290 1299/1299
f 1294/1294 1293/1293 1300/1300
f 1300/1300 1293/1293 1299/1299
f 1296/1296 1294/1294 1301/1301
f 1301/1301 1294/1294 1300/1300
f 1297/1297 1296/1296 1302/1302
f 1302/1302 1296/1296 1301/1301
f 1298/1298 1297/1297 1303/1303
f 1303/1303 1297/1297 1302/1302
f 1304/1304 1286/1286 1298/1298
f 1304/1304 1298/1298 1303/1303
f 1299/1299 1290/1290 1305/1305
f 1290/1290 1285/1285 1305/1305
f 1306/1306 1286/1286 1304/1304
f 1306/1306 1287/1287 1286/1286
f 1307/1307 1287/1287 1306/1306
f 1308/1308 1307/1307 1306/1306
f 1309/1309 1307/1307 1308/1308
f 1310/1310 1306/1306 1304/1304
f 1308/1308 1306/1306 1310/1310
f 1304/1304 1303/1303 1311/1311
f 1310/1310 1304/1304 1311/1311
f 1312/1312 1309/1309 1308/1308
f 1313/1313 1309/1309 1312/1312
f 1314/1314 1308/1308 1310/1310
f 1312/1312 1308/1308 1314/1314
f 1315/1315 1313/1313 1312/1312
f 1316/1316 1313/1313 1315/1315
f 1311/1311 1303/1303 1317/1317
f 1303/1303 1302/1302 1317/1317
f 1310/1310 1311/1311 1318/1318
f 1314/1314 1310/1310 1318/1318
f 1319/1319 1312/1312 1314/1314
f 1315/1315 1312/1312 1319/1319
f 1320/1320 1316/1316 1315/1315
f 1321/1321 1316/1316 1320/1320
f 1311/1311 1317/1317 1322/1322
f 1318/1318 1311/1311 1322/1322
f 1317/1317 1302/1302 1323/1323
f 1302/1302 1301/1301 1323/1323
f 1314/1314 1318/1318 1324/1324
f 1319/1319 1314/1314 1324/1324
f 1325/1325 1315/1315 1319/1319
f 1320/1320 1315/1315 1325/1325
f 1326/1326 1321/1321 1320/1320
f 1327/1327 1321/1321 1326/1326
f 1318/1318 1322/1322 1328/1328
f 1324/1324 1318/1318 1328/1328
f 1322/1322 1317/1317 1329/1329
f 1317/1317 1323/1323 1329/1329
f 1319/1319 1324/1324 1330/1330
f 1325/1325 1319/1319 1330/1330
f 1331/1331 1320/1320 1325/1325
f 1326/1326 1320/1320 1331/1331
f 1332/1332 1327/1327 1326/1326
f 1333/1333 1327/1327 1332/1332
f 1324/1324 1328/1328 1334/1334
f 1330/1330 1324/1324 1334/1334
f 1328/1328 1322/1322 1335/1335
f 1322/1322 1329/1329 1335/1335
f 1325/1325 1330/1330 1336/1336
f 1331/1331 1325/1325 1336/1336
f 1337/1337 1326/1326 1331/1331
f 1332/1332 1326/1326 1337/1337
f 1338/1338 1333/1333 1332/1332
f 1339/1339 1333/1333 1338/1338
f 1330/1330 1334/1334 1340/1340
f 1336/1336 1330/1330 1340/1340
f 1334/1334 1328/1328 1341/1341
f 1328/1328 1335/1335 1341/1341
f 1331/1331 1336/1336 1342/1342
f 1337/1337 1331/1331 1342/1342
f 1343/1343 1332/1332 1337/1337
f 1338/1338 1332/1332 1343/1343
f 1344/1344 1339/1339 1338/1338
f 1345/1345 1339/1339 1344/1344
f 1340/1340 1334/1334 1346/1346
f 1334/1334 1341/1341 1346/1346
f 1336/1336 1340/1340 1347/1347
f 1342/1342 1336/1336 1347/1347
f 1337/1337 1342/1342 1348/1348
f 1343/1343 1337/1337 1348/1348
f 1349/1349 1338/1338 1343/1343
f 1344/1344 1338/1338 1349/1349
f 1350/1350 1345/1345 1344/1344
f 1351/1351 1345/1345 1350/1350
f 1340/1340 1346/1346 1352/1352
f 1347/1347 1340/1340 1352/1352
f 1342/1342 1347/1347 1353/1353
f 1348/1348 1342/1342 1353/1353
f 1343/1343 1348/1348 1354/1354
f 1349/1349 1343/1343 1354/1354
f 1355/1355 1344/1344 1349/1349
f 1350/1350 1344/1344 1355/1355
f 1356/1356 1351/1351 1350/1350
f 1357/1357 1351/1351 1356/1356
f 1347/1347 1352/1352 1358/1358
f 1353/1353 1347/1347 1358/1358
f 1348/1348 1353/1353 1359/1359
f 1354/1354 1348/1348 1359/1359
f 1349/1349 1354/1354 1360/1360
f 1355/1355 1349/1349 1360/1360
f 1361/1361 1350/1350 1355/1355
f 1356/1356 1350/1350 1361/1361
f 1362/1362 1357/1357 1356/1356
f 1363/1363 1357/1357 1362/1362
f 1353/1353 1358/1358 1364/1364
f 1359/1359 1353/1353 1364/1364
f 1354/1354 1359/1359 1365/1365
f 1360/1360 1354/1354 1365/1365
f 1355/1355 1360/1360 1366/1366
f 1361/1361 1355/1355 1366/1366
f 1367/1367 1356/1356 1361/1361
f 1362/1362 1356/1356 1367/1367
f 1368/1368 1363/1363 1362/1362
f 1369/1369 1363/1363 1368/1368
f 1359/1359 1364/1364 1370/1370
f 1365/1365 1359/1359 1370/1370
f 1360/1360 1365/1365 1371/1371
f 1366/1366 1360/1360 1371/1371
f 1361/1361 1366/1366 1372/1372
f 1367/1367 1361/1361 1372/1372
f 1373/1373 1362/1362 1367/1367
f 1368/1368 1362/1362 1373/1373
f 1374/1374 1369/1369 1368/1368
f 1375/1375 1369/1369 1374/1374
f 1365/1365 1370/1370 1376/1376
f 1371/1371 1365/1365 1376/1376
f 1366/1366 1371/1371 1377/1377
f 1372/1372 1366/1366 1377/1377
f 1367/1367 1372/1372 1378/1378
f 1373/1373 1367/1367 1378/1378
f 1379/1379 1368/1368 1373/1373
f 1374/1374 1368/1368 1379/1379
f 1380/1380 1375/1375 1374/1374
f 1381/1381 1375/1375 1380/1380
f 1371/1371 1376/1376 1382/1382
f 1377/1377 1371/1371 1382/1382
f 1372/1372 1377/1377 1383/1383
f 1378/1378 1372/1372 1383/1383
f 1373/1373 1378/1378 1384/1384
f 1379/1379 1373/1373 1384/1384
f 1385/1385 1374/1374 1379/1379
f 1380/1380 1374/1374 1385/1385
f 1386/1386 1381/1381 1380/1380
f 1387/1387 1381/1381 1386/1386
f 1385/1385 1379/1379 1388/1388
f 1379/1379 1384/1384 1388/1388
f 1389/1389 1380/1380 1385/1385
f 1386/1386 1380/1380 1389/1389
f 1385/1385 1388/1388 1389/1389
f 1384/1384 1378/1378 1390/1390
f 1378/1378 1383/1383 1390/1390
f 1383/1383 1377/1377 1391/1391
f 1377/1377 1382/1382 1391/1391
f 1392/1392 1387/1387 1386/1386
f 1393/1393 1387/1387 1392/1392
f 1394/1394 1386/1386 1389/1389
f 1392/1392 1386/1386 1394/1394
f 1388/1388 1395/1395 1389/1389
f 1389/1389 1395/1395 1394/1394
f 1388/1388 1384/1384 1396/1396
f 1384/1384 1390/1390 1396/1396
f 1388/1388 1396/1396 1395/1395
f 1390/1390 1383/1383 1397/1397
f 1383/1383 1391/1391 1397/1397
f 1398/1398 1393/1393 1392/1392
f 1399/1399 1393/1393 1398/1398
f 1400/1400 1392/1392 1394/1394
f 1398/1398 1392/1392 1400/1400
f 1395/1395 1401/1401 1394/1394
f 1394/1394 1401/1401 1400/1400
f 1396/1396 1402/1402 1395/1395
f 1395/1395 1402/1402 1401/1401
f 1396/1396 1390/1390 1403/1403
f 1390/1390 1397/1397 1403/1403
f 1396/1396 1403/1403 1402/1402
f 1404/1404 1399/1399 1398/1398
f 1405/1405 1399/1399 1404/1404
f 1406/1406 1405/1405 1404/1404
f 1407/1407 1398/1398 1400/1400
f 1404/1404 1398/1398 1407/1407
f 1401/1401 1408/1408 1400/1400
f 1400/1400 1408/1408 1407/1407
f 1402/1402 1409/1409 1401/1401
f 1401/1401 1409/1409 1408/1408
f 1403/1403 1410/1410 1402/1402
f 1402/1402 1410/1410 1409/1409
f 1403/1403 1397/1397 1411/1411
f 1403/1403 1411/1411 1410/1410
f 1406/1406 1404/1404 1412/1412
f 1412/1412 1404/1404 1407/1407
f 1408/1408 1413/1413 1407/1407
f 1407/1407 1413/1413 1412/1412
f 1409/1409 1414/1414 1408/1408
f 1408/1408 1414/1414 1413/1413
f 1410/1410 1415/1415 1409/1409
f 1409/1409 1415/1415 1414/1414
f 1416/1416 1406/1406 1412/1412
f 1417/1417 1406/1406 1416/1416
f 1413/1413 1418/1418 1412/1412
f 1412/1412 1418/1418 1416/1416
f 1414/1414 1419/1419 1413/1413
f 1413/1413 1419/1419 1418/1418
f 1420/1420 1417/1417 1416/1416
f 1421/1421 1417/1417 1420/1420
f 1422/1422 1421/1421 1420/1420
f 1418/1418 1423/1423 1416/1416
f 1416/1416 1423/1423 1420/1420
f 1410/1410 1424/1424 1415/1415
f 1411/1411 1424/1424 1410/1410
f 1415/1415 1425/1425 1414/1414
f 1414/1414 1425/1425 1419/1419
f 1419/1419 1426/1426 1418/1418
f 1418/1418 1426/1426 1423/1423
f 1423/1423 1427/1427 1420/1420
f 1420/1420 1427/1427 1422/1422
f 1424/1424 1428/1428 1415/1415
f 1415/1415 1428/1428 1425/1425
f 1425/1425 1429/1429 1419/1419
f 1419/1419 1429/1429 1426/1426
f 1426/1426 1430/1430 1423/1423
f 1423/1423 1430/1430 1427/1427
f 1428/1428 1431/1431 1425/1425
f 1425/1425 1431/1431 1429/1429
f 1429/1429 1432/1432 1426/1426
f 1426/1426 1432/1432 1430/1430
f 1431/1431 1433/1433 1429/1429
f 1429/1429 1433/1433 1432/1432
f 1424/1424 1434/1434 1428/1428
f 1428/1428 1435/1435 1431/1431
f 1434/1434 1435/1435 1428/1428
f 1431/1431 1059/1059 1433/1433
f 1435/1435 1059/1059 1431/1431
f 1059/1059 1054/1054 1433/1433
f 1435/1435 1055/1055 1059/1059
f 1433/1433 1054/1054 1436/1436
f 1433/1433 1436/1436 1432/1432
f 1054/1054 1048/1048 1436/1436
f 1437/1437 1055/1055 1435/1435
f 1434/1434 1437/1437 1435/1435
f 1437/1437 1050/1050 1055/1055
f 1438/1438 1434/1434 1424/1424
f 1411/1411 1438/1438 1424/1424
f 1432/1432 1436/1436 1439/1439
f 1432/1432 1439/1439 1430/1430
f 1436/1436 1048/1048 1440/1440
f 1436/1436 1440/1440 1439/1439
f 1048/1048 1042/1042 1440/1440
f 1441/1441 1050/1050 1437/1437
f 1441/1441 1045/1045 1050/1050
f 1442/1442 1437/1437 1434/1434
f 1438/1438 1442/1442 1434/1434
f 1442/1442 1441/1441 1437/1437
f 1411/1411 1443/1443 1438/1438
f 1397/1397 1443/1443 1411/1411
f 1397/1397 1391/1391 1443/1443
f 1440/1440 1042/1042 1444/1444
f 1042/1042 1036/1036 1444/1444
f 1441/1441 1445/1445 1045/1045
f 1445/1445 1051/1051 1045/1045
f 1442/1442 1446/1446 1441/1441
f 1446/1446 1445/1445 1441/1441
f 1438/1438 1447/1447 1442/1442
f 1443/1443 1447/1447 1438/1438
f 1447/1447 1446/1446 1442/1442
f 1391/1391 1448/1448 1443/1443
f 1443/1443 1448/1448 1447/1447
f 1391/1391 1382/1382 1448/1448
f 1445/1445 1449/1449 1051/1051
f 1449/1449 1056/1056 1051/1051
f 1446/1446 1450/1450 1445/1445
f 1450/1450 1449/1449 1445/1445
f 1447/1447 1451/1451 1446/1446
f 1448/1448 1451/1451 1447/1447
f 1451/1451 1450/1450 1446/1446
f 1382/1382 1452/1452 1448/1448
f 1448/1448 1452/1452 1451/1451
f 1382/1382 1376/1376 1452/1452
f 1449/1449 1453/1453 1056/1056
f 1453/1453 1060/1060 1056/1056
f 1450/1450 1454/1454 1449/1449
f 1454/1454 1453/1453 1449/1449
f 1451/1451 1455/1455 1450/1450
f 1452/1452 1455/1455 1451/1451
f 1455/1455 1454/1454 1450/1450
f 1376/1376 1456/1456 1452/1452
f 1452/1452 1456/1456 1455/1455
f 1376/1376 1370/1370 1456/1456
f 1453/1453 1457/1457 1060/1060
f 1457/1457 1063/1063 1060/1060
f 1454/1454 1458/1458 1453/1453
f 1458/1458 1457/1457 1453/1453
f 1455/1455 1459/1459 1454/1454
f 1456/1456 1459/1459 1455/1455
f 1459/1459 1458/1458 1454/1454
f 1370/1370 1460/1460 1456/1456
f 1456/1456 1460/1460 1459/1459
f 1370/1370 1364/1364 1460/1460
f 1457/1457 1461/1461 1063/1063
f 1461/1461 1066/1066 1063/1063
f 1458/1458 1462/1462 1457/1457
f 1462/1462 1461/1461 1457/1457
f 1459/1459 1463/1463 1458/1458
f 1460/1460 1463/1463 1459/1459
f 1463/1463 1462/1462 1458/1458
f 1364/1364 1464/1464 1460/1460
f 1460/1460 1464/1464 1463/1463
f 1364/1364 1358/1358 1464/1464
f 1461/1461 1465/1465 1066/1066
f 1465/1465 1069/1069 1066/1066
f 1462/1462 1466/1466 1461/1461
f 1466/1466 1465/1465 1461/1461
f 1463/1463 1467/1467 1462/1462
f 1464/1464 1467/1467 1463/1463
f 1467/1467 1466/1466 1462/1462
f 1358/1358 1468/1468 1464/1464
f 1464/1464 1468/1468 1467/1467
f 1358/1358 1352/1352 1468/1468
f 1465/1465 1469/1469 1069/1069
f 1469/1469 1072/1072 1069/1069
f 1466/1466 1470/1470 1465/1465
f 1470/1470 1469/1469 1465/1465
f 1467/1467 1471/1471 1466/1466
f 1468/1468 1471/1471 1467/1467
f 1471/1471 1470/1470 1466/1466
f 1352/1352 1472/1472 1468/1468
f 1468/1468 1472/1472 1471/1471
f 1352/1352 1346/1346 1472/1472
f 1469/1469 1473/1473 1072/1072
f 1473/1473 1075/1075 1072/1072
f 1471/1471 1474/1474 1470/1470
f 1472/1472 1474/1474 1471/1471
f 1346/1346 1475/1475 1472/1472
f 1472/1472 1475/1475 1474/1474
f 1346/1346 1341/1341 1475/1475
f 1470/1470 1476/1476 1469/1469
f 1474/1474 1476/1476 1470/1470
f 1476/1476 1473/1473 1469/1469
f 1473/1473 1477/1477 1075/1075
f 1477/1477 1078/1078 1075/1075
f 1341/1341 1478/1478 1475/1475
f 1341/1341 1335/1335 1478/1478
f 1475/1475 1479/1479 1474/1474
f 1474/1474 1479/1479 1476/1476
f 1475/1475 1478/1478 1479/1479
f 1476/1476 1480/1480 1473/1473
f 1479/1479 1480/1480 1476/1476
f 1480/1480 1477/1477 1473/1473
f 1477/1477 1481/1481 1078/1078
f 1481/1481 1081/1081 1078/1078
f 1335/1335 1482/1482 1478/1478
f 1335/1335 1329/1329 1482/1482
f 1478/1478 1483/1483 1479/1479
f 1479/1479 1483/1483 1480/1480
f 1478/1478 1482/1482 1483/1483
f 1480/1480 1484/1484 1477/1477
f 1483/1483 1484/1484 1480/1480
f 1484/1484 1481/1481 1477/1477
f 1481/1481 1485/1485 1081/1081
f 1485/1485 1084/1084 1081/1081
f 1329/1329 1486/1486 1482/1482
f 1329/1329 1323/1323 1486/1486
f 1482/1482 1487/1487 1483/1483
f 1483/1483 1487/1487 1484/1484
f 1482/1482 1486/1486 1487/1487
f 1484/1484 1488/1488 1481/1481
f 1487/1487 1488/1488 1484/1484
f 1488/1488 1485/1485 1481/1481
f 1485/1485 1489/1489 1084/1084
f 1489/1489 1087/1087 1084/1084
f 1323/1323 1490/1490 1486/1486
f 1323/1323 1301/1301 1490/1490
f 1301/1301 1300/1300 1490/1490
f 1486/1486 1491/1491 1487/1487
f 1487/1487 1491/1491 1488/1488
f 1486/1486 1490/1490 1491/1491
f 1488/1488 1492/1492 1485/1485
f 1491/1491 1492/1492 1488/1488
f 1492/1492 1489/1489 1485/1485
f 1490/1490 1300/1300 1493/1493
f 1490/1490 1493/1493 1491/1491
f 1491/1491 1493/1493 1492/1492
f 1300/1300 1299/1299 1493/1493
f 1493/1493 1494/1494 1492/1492
f 1493/1493 1299/1299 1494/1494
f 1492/1492 1494/1494 1489/1489
f 1299/1299 1305/1305 1494/1494
f 1489/1489 1495/1495 1087/1087
f 1494/1494 1495/1495 1489/1489
f 1494/1494 1305/1305 1495/1495
f 1495/1495 1090/1090 1087/1087
f 1305/1305 1496/1496 1495/1495
f 1495/1495 1496/1496 1090/1090
f 1305/1305 1285/1285 1496/1496
f 1496/1496 1093/1093 1090/1090
f 1285/1285 1209/1209 1496/1496
f 1496/1496 1209/1209 1093/1093
f 1497/1497 1498/1498 1499/1499
f 1498/1498 1500/1500 1499/1499
f 1499/1499 1500/1500 1501/1501
f 1498/1498 1502/1502 1500/1500
f 1503/1503 1502/1502 1498/1498
f 1504/1504 1503/1503 1498/1498
f 1505/1505 1503/1503 1504/1504
f 1506/1506 1505/1505 1504/1504
f 1507/1507 1505/1505 1506/1506
f 1508/1508 1507/1507 1506/1506
f 1509/1509 1507/1507 1508/1508
f 1510/1510 1509/1509 1508/1508
f 1505/1505 1511/1511 1503/1503
f 1507/1507 1512/1512 1505/1505
f 1512/1512 1511/1511 1505/1505
f 1503/1503 1513/1513 1502/1502
f 1511/1511 1513/1513 1503/1503
f 1509/1509 1514/1514 1507/1507
f 1514/1514 1512/1512 1507/1507
f 1502/1502 1515/1515 1500/1500
f 1513/1513 1516/1516 1502/1502
f 1502/1502 1516/1516 1515/1515
f 1500/1500 1515/1515 1517/1517
f 1500/1500 1517/1517 1501/1501
f 1518/1518 1509/1509 1510/1510
f 1519/1519 1514/1514 1509/1509
f 1518/1518 1519/1519 1509/1509
f 1520/1520 1518/1518 1510/1510
f 1520/1520 1510/1510 1521/1521
f 1522/1522 1520/1520 1521/1521
f 1523/1523 1520/1520 1522/1522
f 1524/1524 1523/1523 1522/1522
f 1525/1525 1518/1518 1520/1520
f 1523/1523 1525/1525 1520/1520
f 1525/1525 1526/1526 1518/1518
f 1526/1526 1519/1519 1518/1518
f 1523/1523 1527/1527 1525/1525
f 1527/1527 1526/1526 1525/1525
f 1524/1524 1528/1528 1523/1523
f 1528/1528 1527/1527 1523/1523
f 1529/1529 1528/1528 1524/1524
f 1530/1530 1529/1529 1524/1524
f 1529/1529 1531/1531 1528/1528
f 1531/1531 1532/1532 1528/1528
f 1528/1528 1532/1532 1527/1527
f 1531/1531 1533/1533 1532/1532
f 1527/1527 1534/1534 1526/1526
f 1532/1532 1534/1534 1527/1527
f 1533/1533 1535/1535 1532/1532
f 1532/1532 1535/1535 1534/1534
f 1533/1533 1536/1536 1535/1535
f 1526/1526 1537/1537 1519/1519
f 1534/1534 1537/1537 1526/1526
f 1535/1535 1538/1538 1534/1534
f 1534/1534 1538/1538 1537/1537
f 1536/1536 1539/1539 1535/1535
f 1535/1535 1539/1539 1538/1538
f 1536/1536 1540/1540 1539/1539
f 1537/1537 1541/1541 1519/1519
f 1519/1519 1541/1541 1514/1514
f 1538/1538 1542/1542 1537/1537
f 1537/1537 1542/1542 1541/1541
f 1539/1539 1543/1543 1538/1538
f 1538/1538 1543/1543 1542/1542
f 1540/1540 1544/1544 1539/1539
f 1539/1539 1544/1544 1543/1543
f 1540/1540 1545/1545 1544/1544
f 1541/1541 1546/1546 1514/1514
f 1514/1514 1546/1546 1512/1512
f 1542/1542 1547/1547 1541/1541
f 1541/1541 1547/1547 1546/1546
f 1543/1543 1548/1548 1542/1542
f 1542/1542 1548/1548 1547/1547
f 1544/1544 1549/1549 1543/1543
f 1543/1543 1549/1549 1548/1548
f 1545/1545 1550/1550 1544/1544
f 1544/1544 1550/1550 1549/1549
f 1545/1545 1551/1551 1550/1550
f 1546/1546 1552/1552 1512/1512
f 1512/1512 1552/1552 1511/1511
f 1547/1547 1553/1553 1546/1546
f 1546/1546 1553/1553 1552/1552
f 1548/1548 1554/1554 1547/1547
f 1547/1547 1554/1554 1553/1553
f 1549/1549 1555/1555 1548/1548
f 1548/1548 1555/1555 1554/1554
f 1550/1550 1556/1556 1549/1549
f 1549/1549 1556/1556 1555/1555
f 1551/1551 1557/1557 1550/1550
f 1550/1550 1557/1557 1556/1556
f 1551/1551 1558/1558 1557/1557
f 1558/1558 1559/1559 1557/1557
f 1557/1557 1559/1559 1560/1560
f 1557/1557 1560/1560 1556/1556
f 1559/1559 1561/1561 1560/1560
f 1556/1556 1562/1562 1555/1555
f 1556/1556 1560/1560 1562/1562
f 1560/1560 1561/1561 1563/1563
f 1560/1560 1563/1563 1562/1562
f 1561/1561 1564/1564 1563/1563
f 1555/1555 1565/1565 1554/1554
f 1555/1555 1562/1562 1565/1565
f 1562/1562 1563/1563 1566/1566
f 1562/1562 1566/1566 1565/1565
f 1563/1563 1564/1564 1567/1567
f 1563/1563 1567/1567 1566/1566
f 1564/1564 1568/1568 1567/1567
f 1554/1554 1565/1565 1569/1569
f 1554/1554 1569/1569 1553/1553
f 1565/1565 1566/1566 1570/1570
f 1565/1565 1570/1570 1569/1569
f 1566/1566 1567/1567 1571/1571
f 1566/1566 1571/1571 1570/1570
f 1567/1567 1568/1568 1572/1572
f 1567/1567 1572/1572 1571/1571
f 1568/1568 1573/1573 1572/1572
f 1553/1553 1569/1569 1574/1574
f 1553/1553 1574/1574 1552/1552
f 1569/1569 1570/1570 1575/1575
f 1569/1569 1575/1575 1574/1574
f 1570/1570 1571/1571 1576/1576
f 1570/1570 1576/1576 1575/1575
f 1571/1571 1572/1572 1577/1577
f 1571/1571 1577/1577 1576/1576
f 1572/1572 1573/1573 1578/1578
f 1572/1572 1578/1578 1577/1577
f 1573/1573 1579/1579 1578/1578
f 1552/1552 1574/1574 1580/1580
f 1552/1552 1580/1580 1511/1511
f 1511/1511 1580/1580 1513/1513
f 1574/1574 1575/1575 1581/1581
f 1574/1574 1581/1581 1580/1580
f 1580/1580 1582/1582 1513/1513
f 1580/1580 1581/1581 1582/1582
f 1513/1513 1582/1582 1516/1516
f 1575/1575 1576/1576 1583/1583
f 1575/1575 1583/1583 1581/1581
f 1576/1576 1577/1577 1584/1584
f 1576/1576 1584/1584 1583/1583
f 1577/1577 1578/1578 1585/1585
f 1577/1577 1585/1585 1584/1584
f 1581/1581 1586/1586 1582/1582
f 1581/1581 1583/1583 1586/1586
f 1582/1582 1587/1587 1516/1516
f 1582/1582 1586/1586 1587/1587
f 1583/1583 1584/1584 1588/1588
f 1583/1583 1588/1588 1586/1586
f 1578/1578 1589/1589 1585/1585
f 1578/1578 1579/1579 1589/1589
f 1579/1579 1590/1590 1589/1589
f 1584/1584 1585/1585 1591/1591
f 1584/1584 1591/1591 1588/1588
f 1586/1586 1588/1588 1592/1592
f 1586/1586 1592/1592 1587/1587
f 1516/1516 1587/1587 1593/1593
f 1516/1516 1593/1593 1515/1515
f 1585/1585 1589/1589 1594/1594
f 1585/1585 1594/1594 1591/1591
f 1589/1589 1590/1590 1595/1595
f 1589/1589 1595/1595 1594/1594
f 1590/1590 1596/1596 1595/1595
f 1588/1588 1591/1591 1597/1597
f 1588/1588 1597/1597 1592/1592
f 1587/1587 1592/1592 1598/1598
f 1587/1587 1598/1598 1593/1593
f 1515/1515 1593/1593 1599/1599
f 1515/1515 1599/1599 1517/1517
f 1593/1593 1600/1600 1599/1599
f 1599/1599 1600/1600 1517/1517
f 1593/1593 1598/1598 1600/1600
f 1591/1591 1594/1594 1601/1601
f 1591/1591 1601/1601 1597/1597
f 1594/1594 1595/1595 1602/1602
f 1594/1594 1602/1602 1601/1601
f 1592/1592 1603/1603 1598/1598
f 1592/1592 1597/1597 1603/1603
f 1600/1600 1604/1604 1517/1517
f 1517/1517 1604/1604 1501/1501
f 1598/1598 1605/1605 1600/1600
f 1598/1598 1603/1603 1605/1605
f 1600/1600 1605/1605 1604/1604
f 1597/1597 1601/1601 1606/1606
f 1597/1597 1606/1606 1603/1603
f 1604/1604 1607/1607 1501/1501
f 1501/1501 1607/1607 1608/1608
f 1607/1607 1609/1609 1608/1608
f 1605/1605 1610/1610 1604/1604
f 1604/1604 1610/1610 1607/1607
f 1603/1603 1611/1611 1605/1605
f 1603/1603 1606/1606 1611/1611
f 1605/1605 1611/1611 1610/1610
f 1601/1601 1612/1612 1606/1606
f 1601/1601 1602/1602 1612/1612
f 1607/1607 1613/1613 1609/1609
f 1610/1610 1613/1613 1607/1607
f 1611/1611 1614/1614 1610/1610
f 1610/1610 1614/1614 1613/1613
f 1606/1606 1615/1615 1611/1611
f 1606/1606 1612/1612 1615/1615
f 1611/1611 1615/1615 1614/1614
f 1613/1613 1616/1616 1609/1609
f 1609/1609 1616/1616 1617/1617
f 1616/1616 1618/1618 1617/1617
f 1614/1614 1619/1619 1613/1613
f 1613/1613 1619/1619 1616/1616
f 1615/1615 1620/1620 1614/1614
f 1614/1614 1620/1620 1619/1619
f 1612/1612 1621/1621 1615/1615
f 1615/1615 1621/1621 1620/1620
f 1616/1616 1622/1622 1618/1618
f 1619/1619 1622/1622 1616/1616
f 1620/1620 1623/1623 1619/1619
f 1619/1619 1623/1623 1622/1622
f 1622/1622 1624/1624 1618/1618
f 1618/1618 1624/1624 1625/1625
f 1624/1624 1626/1626 1625/1625
f 1622/1622 1627/1627 1624/1624
f 1623/1623 1627/1627 1622/1622
f 1624/1624 1628/1628 1626/1626
f 1627/1627 1628/1628 1624/1624
f 1628/1628 1629/1629 1626/1626
f 1620/1620 1630/1630 1623/1623
f 1621/1621 1630/1630 1620/1620
f 1612/1612 1631/1631 1621/1621
f 1602/1602 1631/1631 1612/1612
f 1623/1623 1632/1632 1627/1627
f 1630/1630 1632/1632 1623/1623
f 1628/1628 1633/1633 1629/1629
f 1633/1633 1634/1634 1629/1629
f 1627/1627 1635/1635 1628/1628
f 1632/1632 1635/1635 1627/1627
f 1635/1635 1633/1633 1628/1628
f 1621/1621 1636/1636 1630/1630
f 1631/1631 1636/1636 1621/1621
f 1602/1602 1637/1637 1631/1631
f 1595/1595 1637/1637 1602/1602
f 1595/1595 1596/1596 1637/1637
f 1596/1596 1638/1638 1637/1637
f 1637/1637 1639/1639 1631/1631
f 1637/1637 1638/1638 1639/1639
f 1631/1631 1639/1639 1636/1636
f 1638/1638 1640/1640 1639/1639
f 1639/1639 1640/1640 1641/1641
f 1639/1639 1641/1641 1636/1636
f 1640/1640 1642/1642 1641/1641
f 1636/1636 1643/1643 1630/1630
f 1636/1636 1641/1641 1643/1643
f 1630/1630 1643/1643 1632/1632
f 1641/1641 1642/1642 1644/1644
f 1641/1641 1644/1644 1643/1643
f 1642/1642 1645/1645 1644/1644
f 1643/1643 1646/1646 1632/1632
f 1643/1643 1644/1644 1646/1646
f 1632/1632 1646/1646 1635/1635
f 1644/1644 1645/1645 1647/1647
f 1644/1644 1647/1647 1646/1646
f 1645/1645 1648/1648 1647/1647
f 1646/1646 1649/1649 1635/1635
f 1646/1646 1647/1647 1649/1649
f 1635/1635 1649/1649 1633/1633
f 1647/1647 1648/1648 1650/1650
f 1647/1647 1650/1650 1649/1649
f 1648/1648 1651/1651 1650/1650
f 1649/1649 1652/1652 1633/1633
f 1649/1649 1650/1650 1652/1652
f 1633/1633 1652/1652 1634/1634
f 1652/1652 1653/1653 1634/1634
f 1650/1650 1651/1651 1654/1654
f 1650/1650 1654/1654 1652/1652
f 1652/1652 1654/1654 1653/1653
f 1651/1651 1655/1655 1654/1654
f 1654/1654 1656/1656 1653/1653
f 1654/1654 1655/1655 1656/1656
f 1655/1655 1657/1657 1656/1656
f 1658/1658 1659/1659 1660/1660
f 1661/1661 1658/1658 1660/1660
f 1661/1661 1660/1660 1662/1662
f 1663/1663 1661/1661 1662/1662
f 1663/1663 1662/1662 1664/1664
f 1665/1665 1663/1663 1664/1664
f 1665/1665 1664/1664 1666/1666
f 1667/1667 1665/1665 1666/1666
f 1667/1667 1666/1666 1668/1668
f 1669/1669 1667/1667 1668/1668
f 1669/1669 1668/1668 1670/1670
f 1671/1671 1669/1669 1670/1670
f 1671/1671 1670/1670 1672/1672
f 1673/1673 1671/1671 1672/1672
f 1673/1673 1672/1672 1674/1674
f 1675/1675 1673/1673 1674/1674
f 1675/1675 1674/1674 1676/1676
f 1677/1677 1675/1675 1676/1676
f 1677/1677 1676/1676 1678/1678
f 1679/1679 1677/1677 1678/1678
f 1679/1679 1678/1678 1680/1680
f 1681/1681 1679/1679 1680/1680
f 1681/1681 1680/1680 1682/1682
f 1683/1683 1681/1681 1682/1682
f 1683/1683 1682/1682 1684/1684
f 1685/1685 1683/1683 1684/1684
f 1673/1673 1686/1686 1671/1671
f 1675/1675 1687/1687 1673/1673
f 1687/1687 1686/1686 1673/1673
f 1677/1677 1688/1688 1675/1675
f 1688/1688 1687/1687 1675/1675
f 1679/1679 1689/1689 1677/1677
f 1689/1689 1688/1688 1677/1677
f 1681/1681 1690/1690 1679/1679
f 1690/1690 1689/1689 1679/1679
f 1683/1683 1691/1691 1681/1681
f 1691/1691 1690/1690 1681/1681
f 1685/1685 1692/1692 1683/1683
f 1692/1692 1691/1691 1683/1683
f 1686/1686 1693/1693 1671/1671
f 1671/1671 1693/1693 1669/1669
f 1694/1694 1692/1692 1685/1685
f 1695/1695 1694/1694 1685/1685
f 1693/1693 1696/1696 1669/1669
f 1669/1669 1696/1696 1667/1667
f 1696/1696 1697/1697 1667/1667
f 1667/1667 1697/1697 1665/1665
f 1697/1697 1698/1698 1665/1665
f 1665/1665 1698/1698 1663/1663
f 1698/1698 1699/1699 1663/1663
f 1663/1663 1699/1699 1661/1661
f 1699/1699 1700/1700 1661/1661
f 1661/1661 1700/1700 1658/1658
f 1700/1700 1701/1701 1658/1658
f 1658/1658 1701/1701 1702/1702
f 1701/1701 1703/1703 1702/1702
f 1702/1702 1703/1703 1704/1704
f 1703/1703 1705/1705 1704/1704
f 1696/1696 1706/1706 1697/1697
f 1697/1697 1707/1707 1698/1698
f 1706/1706 1707/1707 1697/1697
f 1698/1698 1708/1708 1699/1699
f 1707/1707 1708/1708 1698/1698
f 1699/1699 1709/1709 1700/1700
f 1708/1708 1709/1709 1699/1699
f 1700/1700 1710/1710 1701/1701
f 1709/1709 1710/1710 1700/1700
f 1701/1701 1711/1711 1703/1703
f 1710/1710 1711/1711 1701/1701
f 1703/1703 1712/1712 1705/1705
f 1711/1711 1712/1712 1703/1703
f 1713/1713 1706/1706 1696/1696
f 1693/1693 1713/1713 1696/1696
f 1712/1712 1714/1714 1705/1705
f 1705/1705 1714/1714 1715/1715
f 1714/1714 1716/1716 1715/1715
f 1714/1714 1717/1717 1716/1716
f 1717/1717 1718/1718 1716/1716
f 1712/1712 1719/1719 1714/1714
f 1719/1719 1717/1717 1714/1714
f 1711/1711 1720/1720 1712/1712
f 1720/1720 1719/1719 1712/1712
f 1710/1710 1721/1721 1711/1711
f 1721/1721 1720/1720 1711/1711
f 1717/1717 1722/1722 1718/1718
f 1722/1722 1723/1723 1718/1718
f 1719/1719 1724/1724 1717/1717
f 1724/1724 1722/1722 1717/1717
f 1720/1720 1725/1725 1719/1719
f 1725/1725 1724/1724 1719/1719
f 1722/1722 1726/1726 1723/1723
f 1726/1726 1727/1727 1723/1723
f 1724/1724 1728/1728 1722/1722
f 1728/1728 1726/1726 1722/1722
f 1726/1726 1729/1729 1727/1727
f 1729/1729 1730/1730 1727/1727
f 1731/1731 1721/1721 1710/1710
f 1709/1709 1731/1731 1710/1710
f 1721/1721 1732/1732 1720/1720
f 1732/1732 1725/1725 1720/1720
f 1725/1725 1733/1733 1724/1724
f 1733/1733 1728/1728 1724/1724
f 1728/1728 1734/1734 1726/1726
f 1734/1734 1729/1729 1726/1726
f 1729/1729 1735/1735 1730/1730
f 1735/1735 1736/1736 1730/1730
f 1735/1735 1737/1737 1736/1736
f 1737/1737 1738/1738 1736/1736
f 1739/1739 1737/1737 1735/1735
f 1740/1740 1735/1735 1729/1729
f 1740/1740 1739/1739 1735/1735
f 1734/1734 1740/1740 1729/1729
f 1741/1741 1739/1739 1740/1740
f 1742/1742 1741/1741 1740/1740
f 1742/1742 1740/1740 1734/1734
f 1743/1743 1741/1741 1742/1742
f 1744/1744 1734/1734 1728/1728
f 1744/1744 1742/1742 1734/1734
f 1733/1733 1744/1744 1728/1728
f 1745/1745 1743/1743 1742/1742
f 1745/1745 1742/1742 1744/1744
f 1746/1746 1743/1743 1745/1745
f 1747/1747 1744/1744 1733/1733
f 1747/1747 1745/1745 1744/1744
f 1748/1748 1746/1746 1745/1745
f 1748/1748 1745/1745 1747/1747
f 1749/1749 1746/1746 1748/1748
f 1750/1750 1747/1747 1733/1733
f 1750/1750 1733/1733 1725/1725
f 1732/1732 1750/1750 1725/1725
f 1751/1751 1748/1748 1747/1747
f 1751/1751 1747/1747 1750/1750
f 1752/1752 1749/1749 1748/1748
f 1752/1752 1748/1748 1751/1751
f 1753/1753 1749/1749 1752/1752
f 1754/1754 1750/1750 1732/1732
f 1754/1754 1751/1751 1750/1750
f 1755/1755 1752/1752 1751/1751
f 1755/1755 1751/1751 1754/1754
f 1756/1756 1753/1753 1752/1752
f 1756/1756 1752/1752 1755/1755
f 1757/1757 1753/1753 1756/1756
f 1758/1758 1754/1754 1732/1732
f 1758/1758 1732/1732 1721/1721
f 1731/1731 1758/1758 1721/1721
f 1759/1759 1755/1755 1754/1754
f 1759/1759 1754/1754 1758/1758
f 1760/1760 1756/1756 1755/1755
f 1760/1760 1755/1755 1759/1759
f 1761/1761 1757/1757 1756/1756
f 1761/1761 1756/1756 1760/1760
f 1762/1762 1757/1757 1761/1761
f 1763/1763 1758/1758 1731/1731
f 1763/1763 1759/1759 1758/1758
f 1764/1764 1760/1760 1759/1759
f 1764/1764 1759/1759 1763/1763
f 1765/1765 1761/1761 1760/1760
f 1765/1765 1760/1760 1764/1764
f 1766/1766 1762/1762 1761/1761
f 1766/1766 1761/1761 1765/1765
f 1767/1767 1762/1762 1766/1766
f 1768/1768 1763/1763 1731/1731
f 1768/1768 1731/1731 1709/1709
f 1708/1708 1768/1768 1709/1709
f 1769/1769 1764/1764 1763/1763
f 1769/1769 1763/1763 1768/1768
f 1770/1770 1768/1768 1708/1708
f 1770/1770 1769/1769 1768/1768
f 1707/1707 1770/1770 1708/1708
f 1771/1771 1765/1765 1764/1764
f 1771/1771 1764/1764 1769/1769
f 1772/1772 1767/1767 1766/1766
f 1773/1773 1767/1767 1772/1772
f 1774/1774 1766/1766 1765/1765
f 1774/1774 1765/1765 1771/1771
f 1772/1772 1766/1766 1774/1774
f 1775/1775 1770/1770 1707/1707
f 1706/1706 1775/1775 1707/1707
f 1776/1776 1769/1769 1770/1770
f 1776/1776 1771/1771 1769/1769
f 1775/1775 1776/1776 1770/1770
f 1777/1777 1773/1773 1772/1772
f 1778/1778 1773/1773 1777/1777
f 1779/1779 1772/1772 1774/1774
f 1777/1777 1772/1772 1779/1779
f 1780/1780 1774/1774 1771/1771
f 1780/1780 1771/1771 1776/1776
f 1779/1779 1774/1774 1780/1780
f 1781/1781 1775/1775 1706/1706
f 1713/1713 1781/1781 1706/1706
f 1782/1782 1776/1776 1775/1775
f 1782/1782 1780/1780 1776/1776
f 1781/1781 1782/1782 1775/1775
f 1783/1783 1778/1778 1777/1777
f 1784/1784 1778/1778 1783/1783
f 1785/1785 1777/1777 1779/1779
f 1783/1783 1777/1777 1785/1785
f 1786/1786 1779/1779 1780/1780
f 1786/1786 1780/1780 1782/1782
f 1785/1785 1779/1779 1786/1786
f 1787/1787 1782/1782 1781/1781
f 1787/1787 1786/1786 1782/1782
f 1788/1788 1781/1781 1713/1713
f 1788/1788 1787/1787 1781/1781
f 1789/1789 1784/1784 1783/1783
f 1790/1790 1784/1784 1789/1789
f 1791/1791 1785/1785 1786/1786
f 1791/1791 1786/1786 1787/1787
f 1792/1792 1783/1783 1785/1785
f 1789/1789 1783/1783 1792/1792
f 1792/1792 1785/1785 1791/1791
f 1793/1793 1790/1790 1789/1789
f 1794/1794 1790/1790 1793/1793
f 1795/1795 1791/1791 1787/1787
f 1795/1795 1787/1787 1788/1788
f 1796/1796 1788/1788 1713/1713
f 1796/1796 1713/1713 1693/1693
f 1686/1686 1796/1796 1693/1693
f 1797/1797 1792/1792 1791/1791
f 1797/1797 1791/1791 1795/1795
f 1798/1798 1789/1789 1792/1792
f 1793/1793 1789/1789 1798/1798
f 1798/1798 1792/1792 1797/1797
f 1799/1799 1794/1794 1793/1793
f 1800/1800 1794/1794 1799/1799
f 1801/1801 1788/1788 1796/1796
f 1801/1801 1795/1795 1788/1788
f 1802/1802 1796/1796 1686/1686
f 1802/1802 1801/1801 1796/1796
f 1687/1687 1802/1802 1686/1686
f 1803/1803 1797/1797 1795/1795
f 1803/1803 1795/1795 1801/1801
f 1804/1804 1798/1798 1797/1797
f 1804/1804 1797/1797 1803/1803
f 1805/1805 1793/1793 1798/1798
f 1799/1799 1793/1793 1805/1805
f 1805/1805 1798/1798 1804/1804
f 1806/1806 1800/1800 1799/1799
f 1807/1807 1800/1800 1806/1806
f 1808/1808 1802/1802 1687/1687
f 1688/1688 1808/1808 1687/1687
f 1809/1809 1801/1801 1802/1802
f 1809/1809 1803/1803 1801/1801
f 1808/1808 1809/1809 1802/1802
f 1810/1810 1804/1804 1803/1803
f 1810/1810 1803/1803 1809/1809
f 1811/1811 1805/1805 1804/1804
f 1811/1811 1804/1804 1810/1810
f 1812/1812 1799/1799 1805/1805
f 1806/1806 1799/1799 1812/1812
f 1812/1812 1805/1805 1811/1811
f 1813/1813 1807/1807 1806/1806
f 1814/1814 1807/1807 1813/1813
f 1815/1815 1808/1808 1688/1688
f 1689/1689 1815/1815 1688/1688
f 1816/1816 1809/1809 1808/1808
f 1816/1816 1810/1810 1809/1809
f 1815/1815 1816/1816 1808/1808
f 1817/1817 1811/1811 1810/1810
f 1817/1817 1810/1810 1816/1816
f 1818/1818 1812/1812 1811/1811
f 1818/1818 1811/1811 1817/1817
f 1819/1819 1806/1806 1812/1812
f 1813/1813 1806/1806 1819/1819
f 1819/1819 1812/1812 1818/1818
f 1820/1820 1814/1814 1813/1813
f 1821/1821 1814/1814 1820/1820
f 1822/1822 1815/1815 1689/1689
f 1690/1690 1822/1822 1689/1689
f 1823/1823 1816/1816 1815/1815
f 1823/1823 1817/1817 1816/1816
f 1822/1822 1823/1823 1815/1815
f 1824/1824 1818/1818 1817/1817
f 1824/1824 1817/1817 1823/1823
f 1825/1825 1819/1819 1818/1818
f 1825/1825 1818/1818 1824/1824
f 1826/1826 1813/1813 1819/1819
f 1820/1820 1813/1813 1826/1826
f 1826/1826 1819/1819 1825/1825
f 1827/1827 1821/1821 1820/1820
f 1828/1828 1821/1821 1827/1827
f 1829/1829 1828/1828 1827/1827
f 1830/1830 1823/1823 1822/1822
f 1830/1830 1824/1824 1823/1823
f 1831/1831 1825/1825 1824/1824
f 1831/1831 1824/1824 1830/1830
f 1832/1832 1826/1826 1825/1825
f 1832/1832 1825/1825 1831/1831
f 1833/1833 1820/1820 1826/1826
f 1827/1827 1820/1820 1833/1833
f 1833/1833 1826/1826 1832/1832
f 1829/1829 1827/1827 1834/1834
f 1834/1834 1827/1827 1833/1833
f 1835/1835 1829/1829 1834/1834
f 1836/1836 1830/1830 1822/1822
f 1836/1836 1822/1822 1690/1690
f 1691/1691 1836/1836 1690/1690
f 1837/1837 1831/1831 1830/1830
f 1837/1837 1830/1830 1836/1836
f 1838/1838 1836/1836 1691/1691
f 1838/1838 1837/1837 1836/1836
f 1692/1692 1838/1838 1691/1691
f 1839/1839 1832/1832 1831/1831
f 1839/1839 1831/1831 1837/1837
f 1840/1840 1833/1833 1832/1832
f 1834/1834 1833/1833 1840/1840
f 1840/1840 1832/1832 1839/1839
f 1835/1835 1834/1834 1841/1841
f 1841/1841 1834/1834 1840/1840
f 1842/1842 1835/1835 1841/1841
f 1843/1843 1838/1838 1692/1692
f 1694/1694 1843/1843 1692/1692
f 1844/1844 1837/1837 1838/1838
f 1844/1844 1839/1839 1837/1837
f 1843/1843 1844/1844 1838/1838
f 1845/1845 1840/1840 1839/1839
f 1841/1841 1840/1840 1845/1845
f 1845/1845 1839/1839 1844/1844
f 1842/1842 1841/1841 1846/1846
f 1846/1846 1841/1841 1845/1845
f 1847/1847 1842/1842 1846/1846
f 1848/1848 1845/1845 1844/1844
f 1848/1848 1844/1844 1843/1843
f 1846/1846 1845/1845 1848/1848
f 1849/1849 1843/1843 1694/1694
f 1849/1849 1848/1848 1843/1843
f 1850/1850 1849/1849 1694/1694
f 1847/1847 1846/1846 1851/1851
f 1851/1851 1846/1846 1848/1848
f 1851/1851 1848/1848 1849/1849
f 1852/1852 1847/1847 1851/1851
f 1853/1853 1849/1849 1850/1850
f 1853/1853 1851/1851 1849/1849
f 1852/1852 1851/1851 1853/1853
f 1854/1854 1853/1853 1850/1850
f 1855/1855 1852/1852 1853/1853
f 1856/1856 1857/1857 1858/1858
f 1857/1857 1859/1859 1858/1858
f 1857/1857 1422/1422 1859/1859
f 1858/1858 1859/1859 1860/1860
f 1858/1858 1860/1860 1861/1861
f 1862/1862 1858/1858 1861/1861
f 1862/1862 1861/1861 1863/1863
f 1864/1864 1862/1862 1863/1863
f 1864/1864 1863/1863 1865/1865
f 1866/1866 1864/1864 1865/1865
f 1866/1866 1865/1865 1867/1867
f 1868/1868 1866/1866 1867/1867
f 1868/1868 1867/1867 1869/1869
f 1870/1870 1868/1868 1869/1869
f 1870/1870 1869/1869 1871/1871
f 1872/1872 1870/1870 1871/1871
f 1872/1872 1871/1871 1873/1873
f 802/802 1872/1872 1873/1873
f 802/802 1873/1873 801/801
f 801/801 1873/1873 1874/1874
f 801/801 1874/1874 807/807
f 807/807 1874/1874 813/813
f 1873/1873 1871/1871 1875/1875
f 1873/1873 1875/1875 1874/1874
f 1874/1874 1876/1876 813/813
f 1874/1874 1875/1875 1876/1876
f 813/813 1876/1876 829/829
f 1876/1876 840/840 829/829
f 1871/1871 1869/1869 1877/1877
f 1871/1871 1877/1877 1875/1875
f 1875/1875 1878/1878 1876/1876
f 1876/1876 1878/1878 840/840
f 1875/1875 1877/1877 1878/1878
f 1869/1869 1879/1879 1877/1877
f 1869/1869 1867/1867 1879/1879
f 1878/1878 1880/1880 840/840
f 840/840 1880/1880 839/839
f 1880/1880 845/845 839/839
f 1877/1877 1881/1881 1878/1878
f 1878/1878 1881/1881 1880/1880
f 1877/1877 1879/1879 1881/1881
f 1880/1880 1882/1882 845/845
f 1881/1881 1882/1882 1880/1880
f 1882/1882 856/856 845/845
f 1867/1867 1883/1883 1879/1879
f 1867/1867 1865/1865 1883/1883
f 1879/1879 1884/1884 1881/1881
f 1881/1881 1884/1884 1882/1882
f 1879/1879 1883/1883 1884/1884
f 1882/1882 1885/1885 856/856
f 1884/1884 1885/1885 1882/1882
f 1885/1885 861/861 856/856
f 1865/1865 1886/1886 1883/1883
f 1865/1865 1863/1863 1886/1886
f 1883/1883 1887/1887 1884/1884
f 1884/1884 1887/1887 1885/1885
f 1883/1883 1886/1886 1887/1887
f 1885/1885 1888/1888 861/861
f 1887/1887 1888/1888 1885/1885
f 1888/1888 866/866 861/861
f 1863/1863 1889/1889 1886/1886
f 1863/1863 1861/1861 1889/1889
f 1886/1886 1890/1890 1887/1887
f 1887/1887 1890/1890 1888/1888
f 1886/1886 1889/1889 1890/1890
f 1888/1888 1891/1891 866/866
f 1890/1890 1891/1891 1888/1888
f 1891/1891 871/871 866/866
f 1861/1861 1892/1892 1889/1889
f 1861/1861 1860/1860 1892/1892
f 1889/1889 1893/1893 1890/1890
f 1890/1890 1893/1893 1891/1891
f 1889/1889 1892/1892 1893/1893
f 1891/1891 1894/1894 871/871
f 1893/1893 1894/1894 1891/1891
f 1894/1894 876/876 871/871
f 1892/1892 1895/1895 1893/1893
f 1893/1893 1895/1895 1894/1894
f 1894/1894 1896/1896 876/876
f 1895/1895 1896/1896 1894/1894
f 1896/1896 881/881 876/876
f 1860/1860 1897/1897 1892/1892
f 1892/1892 1897/1897 1895/1895
f 1896/1896 1898/1898 881/881
f 1898/1898 886/886 881/881
f 1895/1895 1899/1899 1896/1896
f 1897/1897 1899/1899 1895/1895
f 1899/1899 1898/1898 1896/1896
f 1860/1860 1900/1900 1897/1897
f 1859/1859 1900/1900 1860/1860
f 1898/1898 1901/1901 886/886
f 1901/1901 891/891 886/886
f 1899/1899 1902/1902 1898/1898
f 1902/1902 1901/1901 1898/1898
f 1897/1897 1903/1903 1899/1899
f 1900/1900 1903/1903 1897/1897
f 1903/1903 1902/1902 1899/1899
f 1859/1859 1904/1904 1900/1900
f 1422/1422 1904/1904 1859/1859
f 1901/1901 1905/1905 891/891
f 1905/1905 896/896 891/891
f 1902/1902 1906/1906 1901/1901
f 1906/1906 1905/1905 1901/1901
f 1900/1900 1907/1907 1903/1903
f 1904/1904 1907/1907 1900/1900
f 1903/1903 1908/1908 1902/1902
f 1908/1908 1906/1906 1902/1902
f 1907/1907 1908/1908 1903/1903
f 1422/1422 1909/1909 1904/1904
f 1427/1427 1909/1909 1422/1422
f 1905/1905 1910/1910 896/896
f 1910/1910 901/901 896/896
f 1906/1906 1911/1911 1905/1905
f 1911/1911 1910/1910 1905/1905
f 1908/1908 1912/1912 1906/1906
f 1912/1912 1911/1911 1906/1906
f 1907/1907 1913/1913 1908/1908
f 1913/1913 1912/1912 1908/1908
f 1904/1904 1914/1914 1907/1907
f 1909/1909 1914/1914 1904/1904
f 1914/1914 1913/1913 1907/1907
f 1427/1427 1915/1915 1909/1909
f 1430/1430 1915/1915 1427/1427
f 1430/1430 1439/1439 1915/1915
f 1910/1910 1916/1916 901/901
f 1916/1916 906/906 901/901
f 1916/1916 996/996 906/906
f 1909/1909 1917/1917 1914/1914
f 1915/1915 1917/1917 1909/1909
f 1439/1439 1918/1918 1915/1915
f 1915/1915 1918/1918 1917/1917
f 1439/1439 1440/1440 1918/1918
f 1440/1440 1444/1444 1918/1918
f 1914/1914 1919/1919 1913/1913
f 1917/1917 1919/1919 1914/1914
f 1918/1918 1920/1920 1917/1917
f 1918/1918 1444/1444 1920/1920
f 1917/1917 1920/1920 1919/1919
f 1921/1921 1916/1916 1910/1910
f 1911/1911 1921/1921 1910/1910
f 1922/1922 996/996 1916/1916
f 1921/1921 1922/1922 1916/1916
f 1922/1922 999/999 996/996
f 1919/1919 1923/1923 1913/1913
f 1913/1913 1923/1923 1912/1912
f 1912/1912 1924/1924 1911/1911
f 1924/1924 1921/1921 1911/1911
f 1923/1923 1924/1924 1912/1912
f 1444/1444 1925/1925 1920/1920
f 1444/1444 1036/1036 1925/1925
f 1036/1036 1030/1030 1925/1925
f 1920/1920 1926/1926 1919/1919
f 1919/1919 1926/1926 1923/1923
f 1920/1920 1925/1925 1926/1926
f 1925/1925 1030/1030 1927/1927
f 1925/1925 1927/1927 1926/1926
f 1030/1030 1024/1024 1927/1927
f 1926/1926 1928/1928 1923/1923
f 1923/1923 1928/1928 1924/1924
f 1926/1926 1927/1927 1928/1928
f 1924/1924 1929/1929 1921/1921
f 1928/1928 1929/1929 1924/1924
f 1929/1929 1922/1922 1921/1921
f 1927/1927 1024/1024 1930/1930
f 1927/1927 1930/1930 1928/1928
f 1928/1928 1930/1930 1929/1929
f 1024/1024 1009/1009 1930/1930
f 1929/1929 1931/1931 1922/1922
f 1930/1930 1931/1931 1929/1929
f 1930/1930 1009/1009 1931/1931
f 1931/1931 999/999 1922/1922
f 1009/1009 1000/1000 1931/1931
f 1931/1931 1000/1000 999/999
f 1932/1932 1933/1933 1934/1934
f 1933/1933 1935/1935 1934/1934
f 1934/1934 1935/1935 1936/1936
f 1935/1935 1937/1937 1936/1936
f 1936/1936 1937/1937 1938/1938
f 1937/1937 1939/1939 1938/1938
f 1937/1937 1940/1940 1939/1939
f 1940/1940 1941/1941 1939/1939
f 1935/1935 1942/1942 1937/1937
f 1942/1942 1940/1940 1937/1937
f 1933/1933 1943/1943 1935/1935
f 1943/1943 1942/1942 1935/1935
f 1940/1940 1944/1944 1941/1941
f 1944/1944 1945/1945 1941/1941
f 1942/1942 1946/1946 1940/1940
f 1946/1946 1944/1944 1940/1940
f 1944/1944 1947/1947 1945/1945
f 1947/1947 1948/1948 1945/1945
f 1949/1949 1943/1943 1933/1933
f 1950/1950 1949/1949 1933/1933
f 1943/1943 1951/1951 1942/1942
f 1951/1951 1946/1946 1942/1942
f 1946/1946 1952/1952 1944/1944
f 1952/1952 1947/1947 1944/1944
f 1947/1947 1953/1953 1948/1948
f 1953/1953 1954/1954 1948/1948
f 1949/1949 1955/1955 1943/1943
f 1955/1955 1951/1951 1943/1943
f 1956/1956 1949/1949 1950/1950
f 1957/1957 1956/1956 1950/1950
f 1951/1951 1958/1958 1946/1946
f 1958/1958 1952/1952 1946/1946
f 1952/1952 1959/1959 1947/1947
f 1959/1959 1953/1953 1947/1947
f 1953/1953 1960/1960 1954/1954
f 1960/1960 1961/1961 1954/1954
f 1960/1960 1962/1962 1961/1961
f 1962/1962 1963/1963 1961/1961
f 1964/1964 1962/1962 1960/1960
f 1965/1965 1960/1960 1953/1953
f 1965/1965 1964/1964 1960/1960
f 1959/1959 1965/1965 1953/1953
f 1966/1966 1964/1964 1965/1965
f 1967/1967 1966/1966 1965/1965
f 1967/1967 1965/1965 1959/1959
f 1968/1968 1966/1966 1967/1967
f 1969/1969 1959/1959 1952/1952
f 1969/1969 1967/1967 1959/1959
f 1958/1958 1969/1969 1952/1952
f 1970/1970 1968/1968 1967/1967
f 1970/1970 1967/1967 1969/1969
f 1971/1971 1968/1968 1970/1970
f 1972/1972 1969/1969 1958/1958
f 1972/1972 1970/1970 1969/1969
f 1973/1973 1971/1971 1970/1970
f 1973/1973 1970/1970 1972/1972
f 1974/1974 1971/1971 1973/1973
f 1975/1975 1972/1972 1958/1958
f 1975/1975 1958/1958 1951/1951
f 1955/1955 1975/1975 1951/1951
f 1976/1976 1973/1973 1972/1972
f 1976/1976 1972/1972 1975/1975
f 1977/1977 1974/1974 1973/1973
f 1977/1977 1973/1973 1976/1976
f 1978/1978 1974/1974 1977/1977
f 1979/1979 1975/1975 1955/1955
f 1979/1979 1976/1976 1975/1975
f 1980/1980 1978/1978 1977/1977
f 1981/1981 1978/1978 1980/1980
f 1982/1982 1977/1977 1976/1976
f 1982/1982 1976/1976 1979/1979
f 1980/1980 1977/1977 1982/1982
f 1983/1983 1979/1979 1955/1955
f 1983/1983 1955/1955 1949/1949
f 1956/1956 1983/1983 1949/1949
f 1984/1984 1981/1981 1980/1980
f 1985/1985 1981/1981 1984/1984
f 1986/1986 1980/1980 1982/1982
f 1984/1984 1980/1980 1986/1986
f 1987/1987 1982/1982 1979/1979
f 1987/1987 1979/1979 1983/1983
f 1986/1986 1982/1982 1987/1987
f 1988/1988 1983/1983 1956/1956
f 1988/1988 1987/1987 1983/1983
f 1989/1989 1985/1985 1984/1984
f 1990/1990 1985/1985 1989/1989
f 1991/1991 1986/1986 1987/1987
f 1991/1991 1987/1987 1988/1988
f 1992/1992 1984/1984 1986/1986
f 1989/1989 1984/1984 1992/1992
f 1992/1992 1986/1986 1991/1991
f 1993/1993 1988/1988 1956/1956
f 1993/1993 1956/1956 1957/1957
f 1994/1994 1993/1993 1957/1957
f 1995/1995 1990/1990 1989/1989
f 1996/1996 1990/1990 1995/1995
f 1997/1997 1991/1991 1988/1988
f 1997/1997 1988/1988 1993/1993
f 1998/1998 1993/1993 1994/1994
f 1998/1998 1997/1997 1993/1993
f 1999/1999 1998/1998 1994/1994
f 2000/2000 1992/1992 1991/1991
f 2000/2000 1991/1991 1997/1997
f 2001/2001 1989/1989 1992/1992
f 1995/1995 1989/1989 2001/2001
f 2001/2001 1992/1992 2000/2000
f 2002/2002 1996/1996 1995/1995
f 2003/2003 1996/1996 2002/2002
f 2004/2004 1998/1998 1999/1999
f 2005/2005 2004/2004 1999/1999
f 2006/2006 1997/1997 1998/1998
f 2006/2006 2000/2000 1997/1997
f 2004/2004 2006/2006 1998/1998
f 2007/2007 2001/2001 2000/2000
f 2007/2007 2000/2000 2006/2006
f 2008/2008 1995/1995 2001/2001
f 2002/2002 1995/1995 2008/2008
f 2008/2008 2001/2001 2007/2007
f 2009/2009 2003/2003 2002/2002
f 2010/2010 2003/2003 2009/2009
f 2011/2011 2004/2004 2005/2005
f 2012/2012 2011/2011 2005/2005
f 2013/2013 2006/2006 2004/2004
f 2013/2013 2007/2007 2006/2006
f 2011/2011 2013/2013 2004/2004
f 2014/2014 2008/2008 2007/2007
f 2014/2014 2007/2007 2013/2013
f 2015/2015 2002/2002 2008/2008
f 2009/2009 2002/2002 2015/2015
f 2015/2015 2008/2008 2014/2014
f 2016/2016 2010/2010 2009/2009
f 2017/2017 2010/2010 2016/2016
f 2018/2018 2011/2011 2012/2012
f 2019/2019 2018/2018 2012/2012
f 2020/2020 2013/2013 2011/2011
f 2020/2020 2014/2014 2013/2013
f 2018/2018 2020/2020 2011/2011
f 2021/2021 2015/2015 2014/2014
f 2021/2021 2014/2014 2020/2020
f 2022/2022 2009/2009 2015/2015
f 2016/2016 2009/2009 2022/2022
f 2022/2022 2015/2015 2021/2021
f 2023/2023 2017/2017 2016/2016
f 2024/2024 2017/2017 2023/2023
f 2025/2025 2018/2018 2019/2019
f 2026/2026 2025/2025 2019/2019
f 2027/2027 2020/2020 2018/2018
f 2027/2027 2021/2021 2020/2020
f 2025/2025 2027/2027 2018/2018
f 2028/2028 2022/2022 2021/2021
f 2028/2028 2021/2021 2027/2027
f 2029/2029 2016/2016 2022/2022
f 2023/2023 2016/2016 2029/2029
f 2029/2029 2022/2022 2028/2028
f 2030/2030 2024/2024 2023/2023
f 2031/2031 2024/2024 2030/2030
f 2032/2032 2025/2025 2026/2026
f 2033/2033 2032/2032 2026/2026
f 2034/2034 2027/2027 2025/2025
f 2034/2034 2028/2028 2027/2027
f 2032/2032 2034/2034 2025/2025
f 2035/2035 2023/2023 2029/2029
f 2030/2030 2023/2023 2035/2035
f 2036/2036 2029/2029 2028/2028
f 2036/2036 2028/2028 2034/2034
f 2035/2035 2029/2029 2036/2036
f 2037/2037 2031/2031 2030/2030
f 2038/2038 2031/2031 2037/2037
f 2039/2039 2032/2032 2033/2033
f 2040/2040 2039/2039 2033/2033
f 2041/2041 2034/2034 2032/2032
f 2041/2041 2036/2036 2034/2034
f 2039/2039 2041/2041 2032/2032
f 2042/2042 2030/2030 2035/2035
f 2037/2037 2030/2030 2042/2042
f 2043/2043 2035/2035 2036/2036
f 2043/2043 2036/2036 2041/2041
f 2042/2042 2035/2035 2043/2043
f 2044/2044 2038/2038 2037/2037
f 2045/2045 2038/2038 2044/2044
f 2046/2046 2039/2039 2040/2040
f 2047/2047 2046/2046 2040/2040
f 2048/2048 2041/2041 2039/2039
f 2048/2048 2043/2043 2041/2041
f 2046/2046 2048/2048 2039/2039
f 2049/2049 2042/2042 2043/2043
f 2049/2049 2043/2043 2048/2048
f 2050/2050 2037/2037 2042/2042
f 2044/2044 2037/2037 2050/2050
f 2050/2050 2042/2042 2049/2049
f 2051/2051 2045/2045 2044/2044
f 2052/2052 2045/2045 2051/2051
f 2053/2053 2046/2046 2047/2047
f 2054/2054 2053/2053 2047/2047
f 2055/2055 2048/2048 2046/2046
f 2055/2055 2049/2049 2048/2048
f 2053/2053 2055/2055 2046/2046
f 2056/2056 2050/2050 2049/2049
f 2056/2056 2049/2049 2055/2055
f 2057/2057 2044/2044 2050/2050
f 2051/2051 2044/2044 2057/2057
f 2057/2057 2050/2050 2056/2056
f 2058/2058 2052/2052 2051/2051
f 2059/2059 2052/2052 2058/2058
f 2060/2060 2053/2053 2054/2054
f 2061/2061 2060/2060 2054/2054
f 2062/2062 2055/2055 2053/2053
f 2062/2062 2056/2056 2055/2055
f 2060/2060 2062/2062 2053/2053
f 2063/2063 2057/2057 2056/2056
f 2063/2063 2056/2056 2062/2062
f 2064/2064 2051/2051 2057/2057
f 2058/2058 2051/2051 2064/2064
f 2064/2064 2057/2057 2063/2063
f 2065/2065 2059/2059 2058/2058
f 2066/2066 2059/2059 2065/2065
f 2067/2067 2060/2060 2061/2061
f 2068/2068 2067/2067 2061/2061
f 2069/2069 2062/2062 2060/2060
f 2069/2069 2063/2063 2062/2062
f 2067/2067 2069/2069 2060/2060
f 2070/2070 2064/2064 2063/2063
f 2070/2070 2063/2063 2069/2069
f 2071/2071 2058/2058 2064/2064
f 2065/2065 2058/2058 2071/2071
f 2071/2071 2064/2064 2070/2070
f 2072/2072 2066/2066 2065/2065
f 2073/2073 2066/2066 2072/2072
f 2074/2074 2067/2067 2068/2068
f 2075/2075 2074/2074 2068/2068
f 2076/2076 2069/2069 2067/2067
f 2076/2076 2070/2070 2069/2069
f 2074/2074 2076/2076 2067/2067
f 2077/2077 2071/2071 2070/2070
f 2077/2077 2070/2070 2076/2076
f 2078/2078 2065/2065 2071/2071
f 2072/2072 2065/2065 2078/2078
f 2078/2078 2071/2071 2077/2077
f 2079/2079 2073/2073 2072/2072
f 2080/2080 2073/2073 2079/2079
f 2081/2081 2074/2074 2075/2075
f 2082/2082 2081/2081 2075/2075
f 2083/2083 2076/2076 2074/2074
f 2083/2083 2077/2077 2076/2076
f 2081/2081 2083/2083 2074/2074
f 2084/2084 2078/2078 2077/2077
f 2084/2084 2077/2077 2083/2083
f 2085/2085 2072/2072 2078/2078
f 2079/2079 2072/2072 2085/2085
f 2085/2085 2078/2078 2084/2084
f 2086/2086 2080/2080 2079/2079
f 2087/2087 2080/2080 2086/2086
f 2088/2088 2081/2081 2082/2082
f 2089/2089 2088/2088 2082/2082
f 2090/2090 2083/2083 2081/2081
f 2090/2090 2084/2084 2083/2083
f 2088/2088 2090/2090 2081/2081
f 2091/2091 2085/2085 2084/2084
f 2091/2091 2084/2084 2090/2090
f 2092/2092 2079/2079 2085/2085
f 2086/2086 2079/2079 2092/2092
f 2092/2092 2085/2085 2091/2091
f 2093/2093 2087/2087 2086/2086
f 2094/2094 2087/2087 2093/2093
f 2095/2095 2088/2088 2089/2089
f 2096/2096 2095/2095 2089/2089
f 2097/2097 2090/2090 2088/2088
f 2097/2097 2091/2091 2090/2090
f 2095/2095 2097/2097 2088/2088
f 2098/2098 2086/2086 2092/2092
f 2093/2093 2086/2086 2098/2098
f 2099/2099 2092/2092 2091/2091
f 2099/2099 2091/2091 2097/2097
f 2098/2098 2092/2092 2099/2099
f 2100/2100 2094/2094 2093/2093
f 2101/2101 2094/2094 2100/2100
f 2102/2102 2095/2095 2096/2096
f 2103/2103 2102/2102 2096/2096
f 2104/2104 2097/2097 2095/2095
f 2104/2104 2099/2099 2097/2097
f 2102/2102 2104/2104 2095/2095
f 2105/2105 2098/2098 2099/2099
f 2105/2105 2099/2099 2104/2104
f 2106/2106 2093/2093 2098/2098
f 2100/2100 2093/2093 2106/2106
f 2106/2106 2098/2098 2105/2105
f 2107/2107 2101/2101 2100/2100
f 2108/2108 2101/2101 2107/2107
f 2109/2109 2102/2102 2103/2103
f 2110/2110 2109/2109 2103/2103
f 2111/2111 2104/2104 2102/2102
f 2111/2111 2105/2105 2104/2104
f 2109/2109 2111/2111 2102/2102
f 2112/2112 2106/2106 2105/2105
f 2112/2112 2105/2105 2111/2111
f 2113/2113 2100/2100 2106/2106
f 2107/2107 2100/2100 2113/2113
f 2113/2113 2106/2106 2112/2112
f 2114/2114 2108/2108 2107/2107
f 2115/2115 2108/2108 2114/2114
f 2116/2116 2109/2109 2110/2110
f 2117/2117 2116/2116 2110/2110
f 2118/2118 2111/2111 2109/2109
f 2118/2118 2112/2112 2111/2111
f 2116/2116 2118/2118 2109/2109
f 2119/2119 2113/2113 2112/2112
f 2119/2119 2112/2112 2118/2118
f 2120/2120 2107/2107 2113/2113
f 2114/2114 2107/2107 2120/2120
f 2120/2120 2113/2113 2119/2119
f 2121/2121 2115/2115 2114/2114
f 2122/2122 2115/2115 2121/2121
f 2123/2123 2116/2116 2117/2117
f 2124/2124 2123/2123 2117/2117
f 2125/2125 2118/2118 2116/2116
f 2125/2125 2119/2119 2118/2118
f 2123/2123 2125/2125 2116/2116
f 2126/2126 2120/2120 2119/2119
f 2126/2126 2119/2119 2125/2125
f 2127/2127 2114/2114 2120/2120
f 2121/2121 2114/2114 2127/2127
f 2127/2127 2120/2120 2126/2126
f 2128/2128 2122/2122 2121/2121
f 2129/2129 2122/2122 2128/2128
f 2130/2130 2123/2123 2124/2124
f 2131/2131 2130/2130 2124/2124
f 2132/2132 2125/2125 2123/2123
f 2132/2132 2126/2126 2125/2125
f 2130/2130 2132/2132 2123/2123
f 2133/2133 2127/2127 2126/2126
f 2133/2133 2126/2126 2132/2132
f 2134/2134 2121/2121 2127/2127
f 2128/2128 2121/2121 2134/2134
f 2134/2134 2127/2127 2133/2133
f 2135/2135 2129/2129 2128/2128
f 2136/2136 2129/2129 2135/2135
f 2137/2137 2130/2130 2131/2131
f 2138/2138 2137/2137 2131/2131
f 2139/2139 2132/2132 2130/2130
f 2139/2139 2133/2133 2132/2132
f 2137/2137 2139/2139 2130/2130
f 2140/2140 2134/2134 2133/2133
f 2140/2140 2133/2133 2139/2139
f 2141/2141 2128/2128 2134/2134
f 2135/2135 2128/2128 2141/2141
f 2141/2141 2134/2134 2140/2140
f 2142/2142 2136/2136 2135/2135
f 2143/2143 2136/2136 2142/2142
f 2144/2144 2137/2137 2138/2138
f 2145/2145 2144/2144 2138/2138
f 2146/2146 2139/2139 2137/2137
f 2146/2146 2140/2140 2139/2139
f 2144/2144 2146/2146 2137/2137
f 2147/2147 2141/2141 2140/2140
f 2147/2147 2140/2140 2146/2146
f 2148/2148 2135/2135 2141/2141
f 2142/2142 2135/2135 2148/2148
f 2148/2148 2141/2141 2147/2147
f 2149/2149 2143/2143 2142/2142
f 2150/2150 2143/2143 2149/2149
f 2151/2151 2144/2144 2145/2145
f 2152/2152 2151/2151 2145/2145
f 2153/2153 2146/2146 2144/2144
f 2153/2153 2147/2147 2146/2146
f 2151/2151 2153/2153 2144/2144
f 2154/2154 2142/2142 2148/2148
f 2149/2149 2142/2142 2154/2154
f 2155/2155 2148/2148 2147/2147
f 2155/2155 2147/2147 2153/2153
f 2154/2154 2148/2148 2155/2155
f 2156/2156 2150/2150 2149/2149
f 2157/2157 2150/2150 2156/2156
f 2158/2158 2151/2151 2152/2152
f 2159/2159 2158/2158 2152/2152
f 2160/2160 2153/2153 2151/2151
f 2160/2160 2155/2155 2153/2153
f 2158/2158 2160/2160 2151/2151
f 2161/2161 2154/2154 2155/2155
f 2161/2161 2155/2155 2160/2160
f 2162/2162 2149/2149 2154/2154
f 2156/2156 2149/2149 2162/2162
f 2162/2162 2154/2154 2161/2161
f 2163/2163 2157/2157 2156/2156
f 2164/2164 2157/2157 2163/2163
f 2165/2165 2158/2158 2159/2159
f 2166/2166 2165/2165 2159/2159
f 2167/2167 2160/2160 2158/2158
f 2167/2167 2161/2161 2160/2160
f 2165/2165 2167/2167 2158/2158
f 2168/2168 2162/2162 2161/2161
f 2168/2168 2161/2161 2167/2167
f 2169/2169 2156/2156 2162/2162
f 2163/2163 2156/2156 2169/2169
f 2169/2169 2162/2162 2168/2168
f 2170/2170 2164/2164 2163/2163
f 2171/2171 2164/2164 2170/2170
f 2172/2172 2171/2171 2170/2170
f 2173/2173 2165/2165 2166/2166
f 2174/2174 2173/2173 2166/2166
f 2175/2175 2167/2167 2165/2165
f 2175/2175 2168/2168 2167/2167
f 2173/2173 2175/2175 2165/2165
f 2176/2176 2169/2169 2168/2168
f 2176/2176 2168/2168 2175/2175
f 2177/2177 2163/2163 2169/2169
f 2170/2170 2163/2163 2177/2177
f 2177/2177 2169/2169 2176/2176
f 2172/2172 2170/2170 2178/2178
f 2178/2178 2170/2170 2177/2177
f 2179/2179 2172/2172 2178/2178
f 2180/2180 2173/2173 2174/2174
f 2181/2181 2180/2180 2174/2174
f 2182/2182 2175/2175 2173/2173
f 2182/2182 2176/2176 2175/2175
f 2180/2180 2182/2182 2173/2173
f 2183/2183 2177/2177 2176/2176
f 2178/2178 2177/2177 2183/2183
f 2183/2183 2176/2176 2182/2182
f 2179/2179 2178/2178 2184/2184
f 2184/2184 2178/2178 2183/2183
f 2185/2185 2179/2179 2184/2184
f 2186/2186 2183/2183 2182/2182
f 2186/2186 2182/2182 2180/2180
f 2184/2184 2183/2183 2186/2186
f 2187/2187 2180/2180 2181/2181
f 2187/2187 2186/2186 2180/2180
f 2188/2188 2187/2187 2181/2181
f 2185/2185 2184/2184 2189/2189
f 2189/2189 2184/2184 2186/2186
f 2189/2189 2186/2186 2187/2187
f 2190/2190 2185/2185 2189/2189
f 2191/2191 2187/2187 2188/2188
f 2191/2191 2189/2189 2187/2187
f 2190/2190 2189/2189 2191/2191
f 2192/2192 2190/2190 2191/2191
f 2193/2193 2191/2191 2188/2188
f 2192/2192 2191/2191 2193/2193
f 2194/2194 2192/2192 2193/2193
f 2194/2194 2193/2193 2195/2195
f 2196/2196 2194/2194 2195/2195
f 2197/2197 2198/2198 2199/2199
f 2198/2198 2200/2200 2199/2199
f 2199/2199 2200/2200 2201/2201
f 2198/2198 2202/2202 2200/2200
f 2200/2200 2203/2203 2201/2201
f 2201/2201 2203/2203 2204/2204
f 2202/2202 2205/2205 2200/2200
f 2200/2200 2205/2205 2203/2203
f 2202/2202 2206/2206 2205/2205
f 2203/2203 2207/2207 2204/2204
f 2204/2204 2207/2207 2208/2208
f 2205/2205 2209/2209 2203/2203
f 2203/2203 2209/2209 2207/2207
f 2206/2206 2210/2210 2205/2205
f 2205/2205 2210/2210 2209/2209
f 2206/2206 2211/2211 2210/2210
f 2207/2207 2212/2212 2208/2208
f 2208/2208 2212/2212 2213/2213
f 2209/2209 2214/2214 2207/2207
f 2207/2207 2214/2214 2212/2212
f 2210/2210 2215/2215 2209/2209
f 2209/2209 2215/2215 2214/2214
f 2211/2211 2216/2216 2210/2210
f 2210/2210 2216/2216 2215/2215
f 2211/2211 2217/2217 2216/2216
f 2212/2212 2218/2218 2213/2213
f 2213/2213 2218/2218 2219/2219
f 2214/2214 2220/2220 2212/2212
f 2212/2212 2220/2220 2218/2218
f 2215/2215 2221/2221 2214/2214
f 2214/2214 2221/2221 2220/2220
f 2216/2216 2222/2222 2215/2215
f 2215/2215 2222/2222 2221/2221
f 2217/2217 2223/2223 2216/2216
f 2216/2216 2223/2223 2222/2222
f 2217/2217 2224/2224 2223/2223
f 2224/2224 2225/2225 2223/2223
f 2223/2223 2225/2225 2226/2226
f 2223/2223 2226/2226 2222/2222
f 2225/2225 2227/2227 2226/2226
f 2218/2218 2228/2228 2219/2219
f 2219/2219 2228/2228 2229/2229
f 2220/2220 2230/2230 2218/2218
f 2218/2218 2230/2230 2228/2228
f 2222/2222 2231/2231 2221/2221
f 2222/2222 2226/2226 2231/2231
f 2226/2226 2227/2227 2232/2232
f 2226/2226 2232/2232 2231/2231
f 2227/2227 2233/2233 2232/2232
f 2221/2221 2234/2234 2220/2220
f 2221/2221 2231/2231 2234/2234
f 2220/2220 2234/2234 2230/2230
f 2228/2228 2235/2235 2229/2229
f 2229/2229 2235/2235 2236/2236
f 2231/2231 2232/2232 2237/2237
f 2231/2231 2237/2237 2234/2234
f 2232/2232 2233/2233 2238/2238
f 2232/2232 2238/2238 2237/2237
f 2233/2233 2239/2239 2238/2238
f 2230/2230 2240/2240 2228/2228
f 2228/2228 2240/2240 2235/2235
f 2234/2234 2241/2241 2230/2230
f 2234/2234 2237/2237 2241/2241
f 2230/2230 2241/2241 2240/2240
f 2235/2235 2242/2242 2236/2236
f 2236/2236 2242/2242 2243/2243
f 2237/2237 2238/2238 2244/2244
f 2237/2237 2244/2244 2241/2241
f 2238/2238 2239/2239 2245/2245
f 2238/2238 2245/2245 2244/2244
f 2239/2239 2246/2246 2245/2245
f 2240/2240 2247/2247 2235/2235
f 2235/2235 2247/2247 2242/2242
f 2241/2241 2248/2248 2240/2240
f 2241/2241 2244/2244 2248/2248
f 2240/2240 2248/2248 2247/2247
f 2242/2242 2249/2249 2243/2243
f 2243/2243 2249/2249 2250/2250
f 2244/2244 2245/2245 2251/2251
f 2244/2244 2251/2251 2248/2248
f 2245/2245 2246/2246 2252/2252
f 2245/2245 2252/2252 2251/2251
f 2246/2246 2253/2253 2252/2252
f 2247/2247 2254/2254 2242/2242
f 2242/2242 2254/2254 2249/2249
f 2248/2248 2255/2255 2247/2247
f 2248/2248 2251/2251 2255/2255
f 2247/2247 2255/2255 2254/2254
f 2249/2249 2256/2256 2250/2250
f 2250/2250 2256/2256 2257/2257
f 2251/2251 2252/2252 2258/2258
f 2251/2251 2258/2258 2255/2255
f 2252/2252 2253/2253 2259/2259
f 2252/2252 2259/2259 2258/2258
f 2253/2253 2260/2260 2259/2259
f 2254/2254 2261/2261 2249/2249
f 2249/2249 2261/2261 2256/2256
f 2255/2255 2262/2262 2254/2254
f 2255/2255 2258/2258 2262/2262
f 2254/2254 2262/2262 2261/2261
f 2256/2256 2263/2263 2257/2257
f 2257/2257 2263/2263 2264/2264
f 2258/2258 2259/2259 2265/2265
f 2258/2258 2265/2265 2262/2262
f 2259/2259 2260/2260 2266/2266
f 2259/2259 2266/2266 2265/2265
f 2260/2260 2267/2267 2266/2266
f 2261/2261 2268/2268 2256/2256
f 2256/2256 2268/2268 2263/2263
f 2262/2262 2269/2269 2261/2261
f 2262/2262 2265/2265 2269/2269
f 2261/2261 2269/2269 2268/2268
f 2263/2263 2270/2270 2264/2264
f 2264/2264 2270/2270 2271/2271
f 2265/2265 2266/2266 2272/2272
f 2265/2265 2272/2272 2269/2269
f 2266/2266 2267/2267 2273/2273
f 2266/2266 2273/2273 2272/2272
f 2267/2267 2274/2274 2273/2273
f 2269/2269 2275/2275 2268/2268
f 2269/2269 2272/2272 2275/2275
f 2268/2268 2276/2276 2263/2263
f 2263/2263 2276/2276 2270/2270
f 2268/2268 2275/2275 2276/2276
f 2270/2270 2277/2277 2271/2271
f 2271/2271 2277/2277 2278/2278
f 2272/2272 2273/2273 2279/2279
f 2272/2272 2279/2279 2275/2275
f 2273/2273 2274/2274 2280/2280
f 2273/2273 2280/2280 2279/2279
f 2274/2274 2281/2281 2280/2280
f 2275/2275 2282/2282 2276/2276
f 2275/2275 2279/2279 2282/2282
f 2276/2276 2283/2283 2270/2270
f 2270/2270 2283/2283 2277/2277
f 2276/2276 2282/2282 2283/2283
f 2277/2277 2284/2284 2278/2278
f 2278/2278 2284/2284 2285/2285
f 2280/2280 2281/2281 2286/2286
f 2281/2281 2287/2287 2286/2286
f 2279/2279 2280/2280 2288/2288
f 2279/2279 2288/2288 2282/2282
f 2280/2280 2286/2286 2288/2288
f 2283/2283 2289/2289 2277/2277
f 2277/2277 2289/2289 2284/2284
f 2282/2282 2290/2290 2283/2283
f 2282/2282 2288/2288 2290/2290
f 2283/2283 2290/2290 2289/2289
f 2284/2284 2291/2291 2285/2285
f 2285/2285 2291/2291 2292/2292
f 2286/2286 2287/2287 2293/2293
f 2287/2287 2294/2294 2293/2293
f 2288/2288 2286/2286 2295/2295
f 2288/2288 2295/2295 2290/2290
f 2286/2286 2293/2293 2295/2295
f 2289/2289 2296/2296 2284/2284
f 2284/2284 2296/2296 2291/2291
f 2290/2290 2297/2297 2289/2289
f 2290/2290 2295/2295 2297/2297
f 2289/2289 2297/2297 2296/2296
f 2291/2291 2298/2298 2292/2292
f 2292/2292 2298/2298 2299/2299
f 2293/2293 2294/2294 2300/2300
f 2294/2294 2301/2301 2300/2300
f 2295/2295 2293/2293 2302/2302
f 2295/2295 2302/2302 2297/2297
f 2293/2293 2300/2300 2302/2302
f 2296/2296 2303/2303 2291/2291
f 2291/2291 2303/2303 2298/2298
f 2297/2297 2304/2304 2296/2296
f 2297/2297 2302/2302 2304/2304
f 2296/2296 2304/2304 2303/2303
f 2298/2298 2305/2305 2299/2299
f 2299/2299 2305/2305 2306/2306
f 2300/2300 2301/2301 2307/2307
f 2301/2301 2308/2308 2307/2307
f 2302/2302 2300/2300 2309/2309
f 2302/2302 2309/2309 2304/2304
f 2300/2300 2307/2307 2309/2309
f 2303/2303 2310/2310 2298/2298
f 2298/2298 2310/2310 2305/2305
f 2304/2304 2311/2311 2303/2303
f 2304/2304 2309/2309 2311/2311
f 2303/2303 2311/2311 2310/2310
f 2305/2305 2312/2312 2306/2306
f 2306/2306 2312/2312 2313/2313
f 2307/2307 2308/2308 2314/2314
f 2308/2308 2315/2315 2314/2314
f 2309/2309 2307/2307 2316/2316
f 2309/2309 2316/2316 2311/2311
f 2307/2307 2314/2314 2316/2316
f 2310/2310 2317/2317 2305/2305
f 2305/2305 2317/2317 2312/2312
f 2311/2311 2318/2318 2310/2310
f 2311/2311 2316/2316 2318/2318
f 2310/2310 2318/2318 2317/2317
f 2312/2312 2319/2319 2313/2313
f 2313/2313 2319/2319 2320/2320
f 2314/2314 2315/2315 2321/2321
f 2315/2315 2322/2322 2321/2321
f 2316/2316 2314/2314 2323/2323
f 2316/2316 2323/2323 2318/2318
f 2314/2314 2321/2321 2323/2323
f 2317/2317 2324/2324 2312/2312
f 2312/2312 2324/2324 2319/2319
f 2318/2318 2325/2325 2317/2317
f 2318/2318 2323/2323 2325/2325
f 2317/2317 2325/2325 2324/2324
f 2319/2319 2326/2326 2320/2320
f 2320/2320 2326/2326 2327/2327
f 2321/2321 2322/2322 2328/2328
f 2322/2322 2329/2329 2328/2328
f 2323/2323 2321/2321 2330/2330
f 2323/2323 2330/2330 2325/2325
f 2321/2321 2328/2328 2330/2330
f 2325/2325 2331/2331 2324/2324
f 2325/2325 2330/2330 2331/2331
f 2324/2324 2332/2332 2319/2319
f 2319/2319 2332/2332 2326/2326
f 2324/2324 2331/2331 2332/2332
f 2326/2326 2333/2333 2327/2327
f 2327/2327 2333/2333 2334/2334
f 2328/2328 2329/2329 2335/2335
f 2329/2329 2336/2336 2335/2335
f 2330/2330 2328/2328 2337/2337
f 2330/2330 2337/2337 2331/2331
f 2328/2328 2335/2335 2337/2337
f 2332/2332 2338/2338 2326/2326
f 2326/2326 2338/2338 2333/2333
f 2331/2331 2339/2339 2332/2332
f 2331/2331 2337/2337 2339/2339
f 2332/2332 2339/2339 2338/2338
f 2333/2333 2340/2340 2334/2334
f 2334/2334 2340/2340 2341/2341
f 2335/2335 2336/2336 2342/2342
f 2336/2336 2343/2343 2342/2342
f 2337/2337 2335/2335 2344/2344
f 2337/2337 2344/2344 2339/2339
f 2335/2335 2342/2342 2344/2344
f 2338/2338 2345/2345 2333/2333
f 2333/2333 2345/2345 2340/2340
f 2339/2339 2346/2346 2338/2338
f 2339/2339 2344/2344 2346/2346
f 2338/2338 2346/2346 2345/2345
f 2340/2340 2347/2347 2341/2341
f 2341/2341 2347/2347 2348/2348
f 2342/2342 2343/2343 2349/2349
f 2343/2343 2350/2350 2349/2349
f 2344/2344 2342/2342 2351/2351
f 2344/2344 2351/2351 2346/2346
f 2342/2342 2349/2349 2351/2351
f 2345/2345 2352/2352 2340/2340
f 2340/2340 2352/2352 2347/2347
f 2346/2346 2353/2353 2345/2345
f 2346/2346 2351/2351 2353/2353
f 2345/2345 2353/2353 2352/2352
f 2347/2347 2354/2354 2348/2348
f 2348/2348 2354/2354 2355/2355
f 2349/2349 2350/2350 2356/2356
f 2350/2350 2357/2357 2356/2356
f 2351/2351 2349/2349 2358/2358
f 2351/2351 2358/2358 2353/2353
f 2349/2349 2356/2356 2358/2358
f 2352/2352 2359/2359 2347/2347
f 2347/2347 2359/2359 2354/2354
f 2353/2353 2360/2360 2352/2352
f 2353/2353 2358/2358 2360/2360
f 2352/2352 2360/2360 2359/2359
f 2354/2354 2361/2361 2355/2355
f 2355/2355 2361/2361 2362/2362
f 2356/2356 2357/2357 2363/2363
f 2357/2357 2364/2364 2363/2363
f 2358/2358 2356/2356 2365/2365
f 2358/2358 2365/2365 2360/2360
f 2356/2356 2363/2363 2365/2365
f 2359/2359 2366/2366 2354/2354
f 2354/2354 2366/2366 2361/2361
f 2360/2360 2367/2367 2359/2359
f 2360/2360 2365/2365 2367/2367
f 2359/2359 2367/2367 2366/2366
f 2361/2361 2368/2368 2362/2362
f 2362/2362 2368/2368 2369/2369
f 2363/2363 2364/2364 2370/2370
f 2364/2364 2371/2371 2370/2370
f 2365/2365 2363/2363 2372/2372
f 2365/2365 2372/2372 2367/2367
f 2363/2363 2370/2370 2372/2372
f 2366/2366 2373/2373 2361/2361
f 2361/2361 2373/2373 2368/2368
f 2367/2367 2374/2374 2366/2366
f 2367/2367 2372/2372 2374/2374
f 2366/2366 2374/2374 2373/2373
f 2368/2368 2375/2375 2369/2369
f 2369/2369 2375/2375 2376/2376
f 2370/2370 2371/2371 2377/2377
f 2371/2371 2378/2378 2377/2377
f 2372/2372 2370/2370 2379/2379
f 2372/2372 2379/2379 2374/2374
f 2370/2370 2377/2377 2379/2379
f 2373/2373 2380/2380 2368/2368
f 2368/2368 2380/2380 2375/2375
f 2374/2374 2381/2381 2373/2373
f 2374/2374 2379/2379 2381/2381
f 2373/2373 2381/2381 2380/2380
f 2375/2375 2382/2382 2376/2376
f 2376/2376 2382/2382 2383/2383
f 2377/2377 2378/2378 2384/2384
f 2378/2378 2385/2385 2384/2384
f 2379/2379 2377/2377 2386/2386
f 2379/2379 2386/2386 2381/2381
f 2377/2377 2384/2384 2386/2386
f 2381/2381 2387/2387 2380/2380
f 2381/2381 2386/2386 2387/2387
f 2380/2380 2388/2388 2375/2375
f 2375/2375 2388/2388 2382/2382
f 2380/2380 2387/2387 2388/2388
f 2382/2382 2389/2389 2383/2383
f 2383/2383 2389/2389 2390/2390
f 2384/2384 2385/2385 2391/2391
f 2385/2385 2392/2392 2391/2391
f 2386/2386 2384/2384 2393/2393
f 2386/2386 2393/2393 2387/2387
f 2384/2384 2391/2391 2393/2393
f 2388/2388 2394/2394 2382/2382
f 2382/2382 2394/2394 2389/2389
f 2387/2387 2395/2395 2388/2388
f 2387/2387 2393/2393 2395/2395
f 2388/2388 2395/2395 2394/2394
f 2389/2389 2396/2396 2390/2390
f 2390/2390 2396/2396 2397/2397
f 2391/2391 2392/2392 2398/2398
f 2392/2392 2399/2399 2398/2398
f 2393/2393 2391/2391 2400/2400
f 2393/2393 2400/2400 2395/2395
f 2391/2391 2398/2398 2400/2400
f 2394/2394 2401/2401 2389/2389
f 2389/2389 2401/2401 2396/2396
f 2395/2395 2402/2402 2394/2394
f 2395/2395 2400/2400 2402/2402
f 2394/2394 2402/2402 2401/2401
f 2396/2396 2403/2403 2397/2397
f 2397/2397 2403/2403 2404/2404
f 2398/2398 2399/2399 2405/2405
f 2399/2399 2406/2406 2405/2405
f 2400/2400 2398/2398 2407/2407
f 2400/2400 2407/2407 2402/2402
f 2398/2398 2405/2405 2407/2407
f 2401/2401 2408/2408 2396/2396
f 2396/2396 2408/2408 2403/2403
f 2402/2402 2409/2409 2401/2401
f 2402/2402 2407/2407 2409/2409
f 2401/2401 2409/2409 2408/2408
f 2403/2403 2410/2410 2404/2404
f 2404/2404 2410/2410 2411/2411
f 2405/2405 2406/2406 2412/2412
f 2406/2406 2413/2413 2412/2412
f 2407/2407 2405/2405 2414/2414
f 2407/2407 2414/2414 2409/2409
f 2405/2405 2412/2412 2414/2414
f 2408/2408 2415/2415 2403/2403
f 2403/2403 2415/2415 2410/2410
f 2409/2409 2416/2416 2408/2408
f 2409/2409 2414/2414 2416/2416
f 2408/2408 2416/2416 2415/2415
f 2410/2410 2417/2417 2411/2411
f 2411/2411 2417/2417 2418/2418
f 2412/2412 2413/2413 2419/2419
f 2413/2413 2420/2420 2419/2419
f 2414/2414 2412/2412 2421/2421
f 2414/2414 2421/2421 2416/2416
f 2412/2412 2419/2419 2421/2421
f 2415/2415 2422/2422 2410/2410
f 2410/2410 2422/2422 2417/2417
f 2416/2416 2423/2423 2415/2415
f 2416/2416 2421/2421 2423/2423
f 2415/2415 2423/2423 2422/2422
f 2417/2417 2424/2424 2418/2418
f 2418/2418 2424/2424 2425/2425
f 2419/2419 2420/2420 2426/2426
f 2420/2420 2427/2427 2426/2426
f 2421/2421 2419/2419 2428/2428
f 2421/2421 2428/2428 2423/2423
f 2419/2419 2426/2426 2428/2428
f 2422/2422 2429/2429 2417/2417
f 2417/2417 2429/2429 2424/2424
f 2423/2423 2430/2430 2422/2422
f 2423/2423 2428/2428 2430/2430
f 2422/2422 2430/2430 2429/2429
f 2424/2424 2431/2431 2425/2425
f 2425/2425 2431/2431 2432/2432
f 2426/2426 2427/2427 2433/2433
f 2427/2427 2434/2434 2433/2433
f 2428/2428 2426/2426 2435/2435
f 2428/2428 2435/2435 2430/2430
f 2426/2426 2433/2433 2435/2435
f 2429/2429 2436/2436 2424/2424
f 2424/2424 2436/2436 2431/2431
f 2430/2430 2437/2437 2429/2429
f 2430/2430 2435/2435 2437/2437
f 2429/2429 2437/2437 2436/2436
f 2431/2431 2438/2438 2432/2432
f 2432/2432 2438/2438 2439/2439
f 2433/2433 2434/2434 2440/2440
f 2434/2434 2441/2441 2440/2440
f 2435/2435 2433/2433 2442/2442
f 2435/2435 2442/2442 2437/2437
f 2433/2433 2440/2440 2442/2442
f 2437/2437 2443/2443 2436/2436
f 2437/2437 2442/2442 2443/2443
f 2436/2436 2444/2444 2431/2431
f 2431/2431 2444/2444 2438/2438
f 2436/2436 2443/2443 2444/2444
f 2438/2438 2445/2445 2439/2439
f 2439/2439 2445/2445 2446/2446
f 2440/2440 2441/2441 2447/2447
f 2441/2441 2448/2448 2447/2447
f 2442/2442 2440/2440 2449/2449
f 2442/2442 2449/2449 2443/2443
f 2440/2440 2447/2447 2449/2449
f 2443/2443 2450/2450 2444/2444
f 2443/2443 2449/2449 2450/2450
f 2444/2444 2451/2451 2438/2438
f 2438/2438 2451/2451 2445/2445
f 2444/2444 2450/2450 2451/2451
f 2445/2445 2452/2452 2446/2446
f 2446/2446 2452/2452 2453/2453
f 2447/2447 2448/2448 2454/2454
f 2448/2448 2455/2455 2454/2454
f 2449/2449 2447/2447 2456/2456
f 2449/2449 2456/2456 2450/2450
f 2447/2447 2454/2454 2456/2456
f 2451/2451 2457/2457 2445/2445
f 2445/2445 2457/2457 2452/2452
f 2450/2450 2458/2458 2451/2451
f 2450/2450 2456/2456 2458/2458
f 2451/2451 2458/2458 2457/2457
f 2452/2452 2459/2459 2453/2453
f 2453/2453 2459/2459 2460/2460
f 2454/2454 2455/2455 2461/2461
f 2455/2455 2462/2462 2461/2461
f 2456/2456 2454/2454 2463/2463
f 2456/2456 2463/2463 2458/2458
f 2454/2454 2461/2461 2463/2463
f 2457/2457 2464/2464 2452/2452
f 2452/2452 2464/2464 2459/2459
f 2458/2458 2465/2465 2457/2457
f 2458/2458 2463/2463 2465/2465
f 2457/2457 2465/2465 2464/2464
f 2459/2459 2466/2466 2460/2460
f 2460/2460 2466/2466 2467/2467
f 2461/2461 2462/2462 2468/2468
f 2462/2462 2469/2469 2468/2468
f 2463/2463 2461/2461 2470/2470
f 2463/2463 2470/2470 2465/2465
f 2461/2461 2468/2468 2470/2470
f 2464/2464 2471/2471 2459/2459
f 2459/2459 2471/2471 2466/2466
f 2465/2465 2472/2472 2464/2464
f 2465/2465 2470/2470 2472/2472
f 2464/2464 2472/2472 2471/2471
f 2466/2466 2473/2473 2467/2467
f 2467/2467 2473/2473 2474/2474
f 2468/2468 2469/2469 2475/2475
f 2469/2469 2476/2476 2475/2475
f 2470/2470 2468/2468 2477/2477
f 2470/2470 2477/2477 2472/2472
f 2468/2468 2475/2475 2477/2477
f 2471/2471 2478/2478 2466/2466
f 2466/2466 2478/2478 2473/2473
f 2472/2472 2479/2479 2471/2471
f 2472/2472 2477/2477 2479/2479
f 2471/2471 2479/2479 2478/2478
f 2473/2473 2480/2480 2474/2474
f 2474/2474 2480/2480 2481/2481
f 2475/2475 2476/2476 2482/2482
f 2476/2476 2483/2483 2482/2482
f 2477/2477 2475/2475 2484/2484
f 2477/2477 2484/2484 2479/2479
f 2475/2475 2482/2482 2484/2484
f 2478/2478 2485/2485 2473/2473
f 2473/2473 2485/2485 2480/2480
f 2479/2479 2486/2486 2478/2478
f 2479/2479 2484/2484 2486/2486
f 2478/2478 2486/2486 2485/2485
f 2480/2480 2487/2487 2481/2481
f 2481/2481 2487/2487 2488/2488
f 2482/2482 2483/2483 2489/2489
f 2483/2483 2490/2490 2489/2489
f 2484/2484 2482/2482 2491/2491
f 2484/2484 2491/2491 2486/2486
f 2482/2482 2489/2489 2491/2491
f 2485/2485 2492/2492 2480/2480
f 2480/2480 2492/2492 2487/2487
f 2486/2486 2493/2493 2485/2485
f 2486/2486 2491/2491 2493/2493
f 2485/2485 2493/2493 2492/2492
f 2487/2487 2494/2494 2488/2488
f 2488/2488 2494/2494 2495/2495
f 2489/2489 2490/2490 2496/2496
f 2490/2490 2497/2497 2496/2496
f 2491/2491 2489/2489 2498/2498
f 2491/2491 2498/2498 2493/2493
f 2489/2489 2496/2496 2498/2498
f 2493/2493 2499/2499 2492/2492
f 2493/2493 2498/2498 2499/2499
f 2492/2492 2500/2500 2487/2487
f 2487/2487 2500/2500 2494/2494
f 2492/2492 2499/2499 2500/2500
f 2494/2494 2501/2501 2495/2495
f 2495/2495 2501/2501 2502/2502
f 2496/2496 2497/2497 2503/2503
f 2497/2497 2504/2504 2503/2503
f 2498/2498 2496/2496 2505/2505
f 2498/2498 2505/2505 2499/2499
f 2496/2496 2503/2503 2505/2505
f 2500/2500 2506/2506 2494/2494
f 2494/2494 2506/2506 2501/2501
f 2499/2499 2507/2507 2500/2500
f 2499/2499 2505/2505 2507/2507
f 2500/2500 2507/2507 2506/2506
f 2501/2501 2508/2508 2502/2502
f 2502/2502 2508/2508 2509/2509
f 2503/2503 2504/2504 2510/2510
f 2504/2504 2511/2511 2510/2510
f 2505/2505 2503/2503 2512/2512
f 2505/2505 2512/2512 2507/2507
f 2503/2503 2510/2510 2512/2512
f 2506/2506 2513/2513 2501/2501
f 2501/2501 2513/2513 2508/2508
f 2507/2507 2514/2514 2506/2506
f 2507/2507 2512/2512 2514/2514
f 2506/2506 2514/2514 2513/2513
f 2508/2508 2515/2515 2509/2509
f 2509/2509 2515/2515 2516/2516
f 2510/2510 2511/2511 2517/2517
f 2511/2511 2518/2518 2517/2517
f 2512/2512 2510/2510 2519/2519
f 2512/2512 2519/2519 2514/2514
f 2510/2510 2517/2517 2519/2519
f 2513/2513 2520/2520 2508/2508
f 2508/2508 2520/2520 2515/2515
f 2514/2514 2521/2521 2513/2513
f 2514/2514 2519/2519 2521/2521
f 2513/2513 2521/2521 2520/2520
f 2515/2515 2522/2522 2516/2516
f 2516/2516 2522/2522 2523/2523
f 2517/2517 2518/2518 2524/2524
f 2518/2518 2525/2525 2524/2524
f 2519/2519 2517/2517 2526/2526
f 2519/2519 2526/2526 2521/2521
f 2517/2517 2524/2524 2526/2526
f 2520/2520 2527/2527 2515/2515
f 2515/2515 2527/2527 2522/2522
f 2521/2521 2528/2528 2520/2520
f 2521/2521 2526/2526 2528/2528
f 2520/2520 2528/2528 2527/2527
f 2522/2522 2529/2529 2523/2523
f 2523/2523 2529/2529 2530/2530
f 2524/2524 2525/2525 2531/2531
f 2525/2525 2532/2532 2531/2531
f 2526/2526 2524/2524 2533/2533
f 2526/2526 2533/2533 2528/2528
f 2524/2524 2531/2531 2533/2533
f 2527/2527 2534/2534 2522/2522
f 2522/2522 2534/2534 2529/2529
f 2528/2528 2535/2535 2527/2527
f 2528/2528 2533/2533 2535/2535
f 2527/2527 2535/2535 2534/2534
f 2529/2529 2536/2536 2530/2530
f 2530/2530 2536/2536 2537/2537
f 2536/2536 2538/2538 2537/2537
f 2531/2531 2532/2532 2539/2539
f 2532/2532 2540/2540 2539/2539
f 2533/2533 2531/2531 2541/2541
f 2533/2533 2541/2541 2535/2535
f 2531/2531 2539/2539 2541/2541
f 2534/2534 2542/2542 2529/2529
f 2529/2529 2542/2542 2536/2536
f 2536/2536 2543/2543 2538/2538
f 2542/2542 2543/2543 2536/2536
f 2543/2543 2544/2544 2538/2538
f 2535/2535 2545/2545 2534/2534
f 2535/2535 2541/2541 2545/2545
f 2534/2534 2545/2545 2542/2542
f 2539/2539 2540/2540 2546/2546
f 2540/2540 2547/2547 2546/2546
f 2541/2541 2539/2539 2548/2548
f 2541/2541 2548/2548 2545/2545
f 2539/2539 2546/2546 2548/2548
f 2545/2545 2549/2549 2542/2542
f 2542/2542 2549/2549 2543/2543
f 2545/2545 2548/2548 2549/2549
f 2543/2543 2550/2550 2544/2544
f 2549/2549 2550/2550 2543/2543
f 2550/2550 2551/2551 2544/2544
f 2548/2548 2552/2552 2549/2549
f 2548/2548 2546/2546 2552/2552
f 2549/2549 2552/2552 2550/2550
f 2546/2546 2547/2547 2553/2553
f 2546/2546 2553/2553 2552/2552
f 2547/2547 2554/2554 2553/2553
f 2550/2550 2555/2555 2551/2551
f 2552/2552 2555/2555 2550/2550
f 2552/2552 2553/2553 2555/2555
f 2555/2555 2556/2556 2551/2551
f 2553/2553 2554/2554 2557/2557
f 2553/2553 2557/2557 2555/2555
f 2555/2555 2557/2557 2556/2556
f 2554/2554 2558/2558 2557/2557
f 2557/2557 2559/2559 2556/2556
f 2557/2557 2558/2558 2559/2559
f 2558/2558 2560/2560 2559/2559
f 2561/2561 2562/2562 2563/2563
f 2564/2564 2561/2561 2563/2563
f 2564/2564 2563/2563 2565/2565
f 2566/2566 2561/2561 2564/2564
f 2567/2567 2564/2564 2565/2565
f 2567/2567 2565/2565 2568/2568
f 2569/2569 2566/2566 2564/2564
f 2569/2569 2564/2564 2567/2567
f 2570/2570 2566/2566 2569/2569
f 2571/2571 2567/2567 2568/2568
f 2571/2571 2568/2568 2572/2572
f 2573/2573 2571/2571 2572/2572
f 2574/2574 2569/2569 2567/2567
f 2574/2574 2567/2567 2571/2571
f 2575/2575 2570/2570 2569/2569
f 2575/2575 2569/2569 2574/2574
f 2576/2576 2570/2570 2575/2575
f 2577/2577 2571/2571 2573/2573
f 2577/2577 2574/2574 2571/2571
f 2578/2578 2575/2575 2574/2574
f 2578/2578 2574/2574 2577/2577
f 2579/2579 2576/2576 2575/2575
f 2579/2579 2575/2575 2578/2578
f 2580/2580 2576/2576 2579/2579
f 2581/2581 2577/2577 2573/2573
f 2581/2581 2573/2573 2582/2582
f 2583/2583 2581/2581 2582/2582
f 2584/2584 2578/2578 2577/2577
f 2584/2584 2577/2577 2581/2581
f 2585/2585 2581/2581 2583/2583
f 2585/2585 2584/2584 2581/2581
f 2586/2586 2585/2585 2583/2583
f 2587/2587 2579/2579 2578/2578
f 2587/2587 2578/2578 2584/2584
f 2588/2588 2580/2580 2579/2579
f 2588/2588 2579/2579 2587/2587
f 2589/2589 2580/2580 2588/2588
f 2590/2590 2584/2584 2585/2585
f 2590/2590 2587/2587 2584/2584
f 2591/2591 2585/2585 2586/2586
f 2591/2591 2590/2590 2585/2585
f 2592/2592 2588/2588 2587/2587
f 2592/2592 2587/2587 2590/2590
f 2593/2593 2589/2589 2588/2588
f 2593/2593 2588/2588 2592/2592
f 2594/2594 2589/2589 2593/2593
f 2595/2595 2592/2592 2590/2590
f 2595/2595 2590/2590 2591/2591
f 2596/2596 2591/2591 2586/2586
f 2596/2596 2586/2586 2597/2597
f 2598/2598 2596/2596 2597/2597
f 2599/2599 2593/2593 2592/2592
f 2599/2599 2592/2592 2595/2595
f 2600/2600 2594/2594 2593/2593
f 2600/2600 2593/2593 2599/2599
f 2601/2601 2594/2594 2600/2600
f 2602/2602 2591/2591 2596/2596
f 2602/2602 2595/2595 2591/2591
f 2603/2603 2596/2596 2598/2598
f 2603/2603 2602/2602 2596/2596
f 2604/2604 2603/2603 2598/2598
f 2605/2605 2599/2599 2595/2595
f 2605/2605 2595/2595 2602/2602
f 2606/2606 2601/2601 2600/2600
f 2607/2607 2601/2601 2606/2606
f 2608/2608 2600/2600 2599/2599
f 2608/2608 2599/2599 2605/2605
f 2606/2606 2600/2600 2608/2608
f 2609/2609 2602/2602 2603/2603
f 2609/2609 2605/2605 2602/2602
f 2610/2610 2603/2603 2604/2604
f 2610/2610 2609/2609 2603/2603
f 2611/2611 2607/2607 2606/2606
f 2612/2612 2607/2607 2611/2611
f 2613/2613 2606/2606 2608/2608
f 2611/2611 2606/2606 2613/2613
f 2614/2614 2608/2608 2605/2605
f 2614/2614 2605/2605 2609/2609
f 2613/2613 2608/2608 2614/2614
f 2615/2615 2612/2612 2611/2611
f 2616/2616 2612/2612 2615/2615
f 2617/2617 2614/2614 2609/2609
f 2617/2617 2609/2609 2610/2610
f 2618/2618 2610/2610 2604/2604
f 2618/2618 2604/2604 2619/2619
f 2620/2620 2618/2618 2619/2619
f 2621/2621 2611/2611 2613/2613
f 2615/2615 2611/2611 2621/2621
f 2622/2622 2613/2613 2614/2614
f 2622/2622 2614/2614 2617/2617
f 2621/2621 2613/2613 2622/2622
f 2623/2623 2616/2616 2615/2615
f 2624/2624 2616/2616 2623/2623
f 2625/2625 2610/2610 2618/2618
f 2625/2625 2617/2617 2610/2610
f 2626/2626 2618/2618 2620/2620
f 2626/2626 2625/2625 2618/2618
f 2627/2627 2622/2622 2617/2617
f 2627/2627 2617/2617 2625/2625
f 2628/2628 2621/2621 2622/2622
f 2628/2628 2622/2622 2627/2627
f 2629/2629 2615/2615 2621/2621
f 2623/2623 2615/2615 2629/2629
f 2629/2629 2621/2621 2628/2628
f 2630/2630 2624/2624 2623/2623
f 2631/2631 2624/2624 2630/2630
f 2632/2632 2627/2627 2625/2625
f 2632/2632 2625/2625 2626/2626
f 2633/2633 2626/2626 2620/2620
f 2633/2633 2620/2620 2634/2634
f 2635/2635 2633/2633 2634/2634
f 2636/2636 2628/2628 2627/2627
f 2636/2636 2627/2627 2632/2632
f 2637/2637 2629/2629 2628/2628
f 2637/2637 2628/2628 2636/2636
f 2638/2638 2623/2623 2629/2629
f 2638/2638 2629/2629 2637/2637
f 2630/2630 2623/2623 2638/2638
f 2639/2639 2631/2631 2630/2630
f 2640/2640 2631/2631 2639/2639
f 2641/2641 2633/2633 2635/2635
f 2642/2642 2641/2641 2635/2635
f 2643/2643 2630/2630 2638/2638
f 2639/2639 2630/2630 2643/2643
f 2644/2644 2638/2638 2637/2637
f 2643/2643 2638/2638 2644/2644
f 2645/2645 2637/2637 2636/2636
f 2644/2644 2637/2637 2645/2645
f 2646/2646 2640/2640 2639/2639
f 2647/2647 2640/2640 2646/2646
f 2648/2648 2639/2639 2643/2643
f 2646/2646 2639/2639 2648/2648
f 2649/2649 2643/2643 2644/2644
f 2648/2648 2643/2643 2649/2649
f 2650/2650 2647/2647 2646/2646
f 2651/2651 2647/2647 2650/2650
f 2652/2652 2646/2646 2648/2648
f 2650/2650 2646/2646 2652/2652
f 2653/2653 2651/2651 2650/2650
f 2654/2654 2651/2651 2653/2653
f 2645/2645 2636/2636 2655/2655
f 2655/2655 2636/2636 2632/2632
f 2656/2656 2644/2644 2645/2645
f 2649/2649 2644/2644 2656/2656
f 2657/2657 2648/2648 2649/2649
f 2652/2652 2648/2648 2657/2657
f 2658/2658 2650/2650 2652/2652
f 2653/2653 2650/2650 2658/2658
f 2659/2659 2654/2654 2653/2653
f 2660/2660 2654/2654 2659/2659
f 2655/2655 2632/2632 2661/2661
f 2661/2661 2632/2632 2626/2626
f 2661/2661 2626/2626 2633/2633
f 2641/2641 2661/2661 2633/2633
f 2662/2662 2655/2655 2661/2661
f 2662/2662 2661/2661 2641/2641
f 2663/2663 2652/2652 2657/2657
f 2658/2658 2652/2652 2663/2663
f 2664/2664 2653/2653 2658/2658
f 2659/2659 2653/2653 2664/2664
f 2665/2665 2660/2660 2659/2659
f 2666/2666 2660/2660 2665/2665
f 2667/2667 2666/2666 2665/2665
f 2665/2665 2659/2659 2668/2668
f 2668/2668 2659/2659 2664/2664
f 2667/2667 2665/2665 2669/2669
f 2669/2669 2665/2665 2668/2668
f 2670/2670 2667/2667 2669/2669
f 2664/2664 2658/2658 2671/2671
f 2671/2671 2658/2658 2663/2663
f 2668/2668 2664/2664 2672/2672
f 2672/2672 2664/2664 2671/2671
f 2669/2669 2668/2668 2673/2673
f 2673/2673 2668/2668 2672/2672
f 2670/2670 2669/2669 2674/2674
f 2674/2674 2669/2669 2673/2673
f 2675/2675 2670/2670 2674/2674
f 2675/2675 2674/2674 2676/2676
f 2677/2677 2675/2675 2676/2676
f 2674/2674 2673/2673 2678/2678
f 2676/2676 2674/2674 2678/2678
f 2673/2673 2672/2672 2679/2679
f 2678/2678 2673/2673 2679/2679
f 2672/2672 2671/2671 2680/2680
f 2679/2679 2672/2672 2680/2680
f 2671/2671 2663/2663 2681/2681
f 2680/2680 2671/2671 2681/2681
f 2677/2677 2676/2676 2682/2682
f 2683/2683 2677/2677 2682/2682
f 2676/2676 2678/2678 2684/2684
f 2682/2682 2676/2676 2684/2684
f 2678/2678 2679/2679 2685/2685
f 2684/2684 2678/2678 2685/2685
f 2679/2679 2680/2680 2686/2686
f 2685/2685 2679/2679 2686/2686
f 2682/2682 2684/2684 2687/2687
f 2688/2688 2682/2682 2687/2687
f 2684/2684 2685/2685 2689/2689
f 2687/2687 2684/2684 2689/2689
f 2681/2681 2663/2663 2690/2690
f 2663/2663 2657/2657 2690/2690
f 2680/2680 2681/2681 2691/2691
f 2686/2686 2680/2680 2691/2691
f 2685/2685 2686/2686 2692/2692
f 2689/2689 2685/2685 2692/2692
f 2687/2687 2689/2689 2693/2693
f 2694/2694 2687/2687 2693/2693
f 2693/2693 2689/2689 2695/2695
f 2689/2689 2692/2692 2695/2695
f 2692/2692 2686/2686 2696/2696
f 2686/2686 2691/2691 2696/2696
f 2691/2691 2681/2681 2697/2697
f 2681/2681 2690/2690 2697/2697
f 2690/2690 2657/2657 2698/2698
f 2657/2657 2649/2649 2698/2698
f 2698/2698 2649/2649 2656/2656
f 2693/2693 2695/2695 2699/2699
f 2700/2700 2693/2693 2699/2699
f 2699/2699 2695/2695 2701/2701
f 2695/2695 2692/2692 2702/2702
f 2695/2695 2702/2702 2701/2701
f 2701/2701 2702/2702 2703/2703
f 2692/2692 2696/2696 2702/2702
f 2702/2702 2704/2704 2703/2703
f 2702/2702 2696/2696 2704/2704
f 2703/2703 2704/2704 2705/2705
f 2690/2690 2698/2698 2706/2706
f 2697/2697 2690/2690 2706/2706
f 2696/2696 2707/2707 2704/2704
f 2696/2696 2691/2691 2707/2707
f 2691/2691 2697/2697 2707/2707
f 2704/2704 2708/2708 2705/2705
f 2704/2704 2707/2707 2708/2708
f 2705/2705 2708/2708 2709/2709
f 2707/2707 2697/2697 2710/2710
f 2707/2707 2710/2710 2708/2708
f 2697/2697 2706/2706 2710/2710
f 2708/2708 2711/2711 2709/2709
f 2708/2708 2710/2710 2711/2711
f 2709/2709 2711/2711 2712/2712
f 2706/2706 2698/2698 2713/2713
f 2698/2698 2656/2656 2713/2713
f 2710/2710 2706/2706 2714/2714
f 2710/2710 2714/2714 2711/2711
f 2706/2706 2713/2713 2714/2714
f 2711/2711 2715/2715 2712/2712
f 2711/2711 2714/2714 2715/2715
f 2712/2712 2715/2715 2716/2716
f 2713/2713 2656/2656 2717/2717
f 2656/2656 2645/2645 2717/2717
f 2717/2717 2645/2645 2655/2655
f 2717/2717 2655/2655 2662/2662
f 2714/2714 2713/2713 2718/2718
f 2713/2713 2717/2717 2718/2718
f 2714/2714 2718/2718 2715/2715
f 2718/2718 2717/2717 2662/2662
f 2715/2715 2719/2719 2716/2716
f 2715/2715 2718/2718 2719/2719
f 2718/2718 2662/2662 2719/2719
f 2716/2716 2719/2719 2642/2642
f 2719/2719 2662/2662 2641/2641
f 2719/2719 2641/2641 2642/2642
f 2720/2720 2721/2721 2722/2722
f 2721/2721 2723/2723 2722/2722
f 2722/2722 2723/2723 2724/2724
f 2721/2721 2725/2725 2723/2723
f 2723/2723 2726/2726 2724/2724
f 2724/2724 2726/2726 2727/2727
f 2725/2725 2728/2728 2723/2723
f 2723/2723 2728/2728 2726/2726
f 2725/2725 2729/2729 2728/2728
f 2726/2726 2730/2730 2727/2727
f 2727/2727 2730/2730 2731/2731
f 2729/2729 2732/2732 2728/2728
f 2729/2729 2733/2733 2732/2732
f 2733/2733 2734/2734 2732/2732
f 2728/2728 2735/2735 2726/2726
f 2728/2728 2732/2732 2735/2735
f 2726/2726 2735/2735 2730/2730
f 2732/2732 2734/2734 2736/2736
f 2732/2732 2736/2736 2735/2735
f 2734/2734 2737/2737 2736/2736
f 2730/2730 2738/2738 2731/2731
f 2731/2731 2738/2738 2739/2739
f 2735/2735 2740/2740 2730/2730
f 2735/2735 2736/2736 2740/2740
f 2730/2730 2740/2740 2738/2738
f 2736/2736 2737/2737 2741/2741
f 2736/2736 2741/2741 2740/2740
f 2737/2737 2742/2742 2741/2741
f 2738/2738 2743/2743 2739/2739
f 2739/2739 2743/2743 2744/2744
f 2740/2740 2745/2745 2738/2738
f 2740/2740 2741/2741 2745/2745
f 2738/2738 2745/2745 2743/2743
f 2741/2741 2742/2742 2746/2746
f 2741/2741 2746/2746 2745/2745
f 2742/2742 2747/2747 2746/2746
f 2743/2743 2748/2748 2744/2744
f 2744/2744 2748/2748 2749/2749
f 2745/2745 2750/2750 2743/2743
f 2745/2745 2746/2746 2750/2750
f 2743/2743 2750/2750 2748/2748
f 2746/2746 2747/2747 2751/2751
f 2746/2746 2751/2751 2750/2750
f 2747/2747 2752/2752 2751/2751
f 2750/2750 2753/2753 2748/2748
f 2750/2750 2751/2751 2753/2753
f 2751/2751 2752/2752 2754/2754
f 2751/2751 2754/2754 2753/2753
f 2752/2752 2755/2755 2754/2754
f 2748/2748 2753/2753 2756/2756
f 2748/2748 2756/2756 2749/2749
f 2753/2753 2754/2754 2757/2757
f 2753/2753 2757/2757 2756/2756
f 2754/2754 2755/2755 2758/2758
f 2754/2754 2758/2758 2757/2757
f 2755/2755 2759/2759 2758/2758
f 2758/2758 2759/2759 2760/2760
f 2759/2759 2761/2761 2760/2760
f 2757/2757 2758/2758 2762/2762
f 2758/2758 2760/2760 2762/2762
f 2756/2756 2757/2757 2763/2763
f 2757/2757 2762/2762 2763/2763
f 2749/2749 2756/2756 2764/2764
f 2756/2756 2763/2763 2764/2764
f 2760/2760 2761/2761 2765/2765
f 2761/2761 2766/2766 2765/2765
f 2762/2762 2760/2760 2767/2767
f 2760/2760 2765/2765 2767/2767
f 2749/2749 2764/2764 2768/2768
f 2769/2769 2749/2749 2768/2768
f 2768/2768 2764/2764 2770/2770
f 2764/2764 2771/2771 2770/2770
f 2764/2764 2763/2763 2771/2771
f 2770/2770 2771/2771 2772/2772
f 2763/2763 2762/2762 2773/2773
f 2763/2763 2773/2773 2771/2771
f 2762/2762 2767/2767 2773/2773
f 2771/2771 2774/2774 2772/2772
f 2771/2771 2773/2773 2774/2774
f 2772/2772 2774/2774 2775/2775
f 2773/2773 2767/2767 2776/2776
f 2773/2773 2776/2776 2774/2774
f 2774/2774 2777/2777 2775/2775
f 2774/2774 2776/2776 2777/2777
f 2775/2775 2777/2777 2778/2778
f 2767/2767 2779/2779 2776/2776
f 2767/2767 2765/2765 2779/2779
f 2777/2777 2780/2780 2778/2778
f 2778/2778 2780/2780 2781/2781
f 2776/2776 2782/2782 2777/2777
f 2776/2776 2779/2779 2782/2782
f 2777/2777 2782/2782 2780/2780
f 2765/2765 2783/2783 2779/2779
f 2765/2765 2766/2766 2783/2783
f 2766/2766 2784/2784 2783/2783
f 2780/2780 2785/2785 2781/2781
f 2781/2781 2785/2785 2786/2786
f 2782/2782 2787/2787 2780/2780
f 2780/2780 2787/2787 2785/2785
f 2779/2779 2788/2788 2782/2782
f 2779/2779 2783/2783 2788/2788
f 2782/2782 2788/2788 2787/2787
f 2783/2783 2784/2784 2789/2789
f 2783/2783 2789/2789 2788/2788
f 2784/2784 2790/2790 2789/2789
f 2785/2785 2791/2791 2786/2786
f 2786/2786 2791/2791 2792/2792
f 2787/2787 2793/2793 2785/2785
f 2785/2785 2793/2793 2791/2791
f 2788/2788 2794/2794 2787/2787
f 2788/2788 2789/2789 2794/2794
f 2787/2787 2794/2794 2793/2793
f 2789/2789 2790/2790 2795/2795
f 2789/2789 2795/2795 2794/2794
f 2790/2790 2796/2796 2795/2795
f 2791/2791 2797/2797 2792/2792
f 2792/2792 2797/2797 2798/2798
f 2793/2793 2799/2799 2791/2791
f 2791/2791 2799/2799 2797/2797
f 2794/2794 2800/2800 2793/2793
f 2794/2794 2795/2795 2800/2800
f 2793/2793 2800/2800 2799/2799
f 2795/2795 2796/2796 2801/2801
f 2795/2795 2801/2801 2800/2800
f 2796/2796 2802/2802 2801/2801
f 2800/2800 2803/2803 2799/2799
f 2800/2800 2801/2801 2803/2803
f 2801/2801 2802/2802 2804/2804
f 2801/2801 2804/2804 2803/2803
f 2802/2802 2805/2805 2804/2804
f 2799/2799 2806/2806 2797/2797
f 2799/2799 2803/2803 2806/2806
f 2803/2803 2804/2804 2807/2807
f 2803/2803 2807/2807 2806/2806
f 2804/2804 2805/2805 2808/2808
f 2804/2804 2808/2808 2807/2807
f 2805/2805 2809/2809 2808/2808
f 2797/2797 2806/2806 2810/2810
f 2797/2797 2810/2810 2798/2798
f 2806/2806 2807/2807 2811/2811
f 2806/2806 2811/2811 2810/2810
f 2807/2807 2808/2808 2812/2812
f 2807/2807 2812/2812 2811/2811
f 2808/2808 2809/2809 2813/2813
f 2808/2808 2813/2813 2812/2812
f 2809/2809 2814/2814 2813/2813
f 2813/2813 2814/2814 2815/2815
f 2814/2814 2816/2816 2815/2815
f 2812/2812 2813/2813 2817/2817
f 2813/2813 2815/2815 2817/2817
f 2811/2811 2812/2812 2818/2818
f 2812/2812 2817/2817 2818/2818
f 2810/2810 2811/2811 2819/2819
f 2811/2811 2818/2818 2819/2819
f 2798/2798 2810/2810 2820/2820
f 2810/2810 2819/2819 2820/2820
f 2815/2815 2816/2816 2821/2821
f 2816/2816 2822/2822 2821/2821
f 2817/2817 2815/2815 2823/2823
f 2815/2815 2821/2821 2823/2823
f 2818/2818 2817/2817 2824/2824
f 2817/2817 2823/2823 2824/2824
f 2798/2798 2820/2820 2825/2825
f 2826/2826 2798/2798 2825/2825
f 2825/2825 2820/2820 2827/2827
f 2820/2820 2828/2828 2827/2827
f 2820/2820 2819/2819 2828/2828
f 2827/2827 2828/2828 2829/2829
f 2819/2819 2818/2818 2830/2830
f 2819/2819 2830/2830 2828/2828
f 2818/2818 2824/2824 2830/2830
f 2828/2828 2831/2831 2829/2829
f 2828/2828 2830/2830 2831/2831
f 2829/2829 2831/2831 2832/2832
f 2830/2830 2824/2824 2833/2833
f 2830/2830 2833/2833 2831/2831
f 2831/2831 2834/2834 2832/2832
f 2831/2831 2833/2833 2834/2834
f 2832/2832 2834/2834 2835/2835
f 2824/2824 2836/2836 2833/2833
f 2824/2824 2823/2823 2836/2836
f 2834/2834 2837/2837 2835/2835
f 2835/2835 2837/2837 2838/2838
f 2833/2833 2839/2839 2834/2834
f 2833/2833 2836/2836 2839/2839
f 2834/2834 2839/2839 2837/2837
f 2823/2823 2840/2840 2836/2836
f 2823/2823 2821/2821 2840/2840
f 2837/2837 2841/2841 2838/2838
f 2838/2838 2841/2841 2842/2842
f 2839/2839 2843/2843 2837/2837
f 2837/2837 2843/2843 2841/2841
f 2836/2836 2844/2844 2839/2839
f 2836/2836 2840/2840 2844/2844
f 2839/2839 2844/2844 2843/2843
f 2821/2821 2845/2845 2840/2840
f 2821/2821 2822/2822 2845/2845
f 2822/2822 2846/2846 2845/2845
f 2841/2841 2847/2847 2842/2842
f 2842/2842 2847/2847 2848/2848
f 2843/2843 2849/2849 2841/2841
f 2841/2841 2849/2849 2847/2847
f 2844/2844 2850/2850 2843/2843
f 2843/2843 2850/2850 2849/2849
f 2840/2840 2851/2851 2844/2844
f 2840/2840 2845/2845 2851/2851
f 2844/2844 2851/2851 2850/2850
f 2845/2845 2846/2846 2852/2852
f 2845/2845 2852/2852 2851/2851
f 2846/2846 2853/2853 2852/2852
f 2847/2847 2854/2854 2848/2848
f 2848/2848 2854/2854 2855/2855
f 2849/2849 2856/2856 2847/2847
f 2847/2847 2856/2856 2854/2854
f 2850/2850 2857/2857 2849/2849
f 2849/2849 2857/2857 2856/2856
f 2851/2851 2858/2858 2850/2850
f 2851/2851 2852/2852 2858/2858
f 2850/2850 2858/2858 2857/2857
f 2852/2852 2853/2853 2859/2859
f 2852/2852 2859/2859 2858/2858
f 2853/2853 2860/2860 2859/2859
f 2854/2854 2861/2861 2855/2855
f 2855/2855 2861/2861 2862/2862
f 2856/2856 2863/2863 2854/2854
f 2854/2854 2863/2863 2861/2861
f 2857/2857 2864/2864 2856/2856
f 2856/2856 2864/2864 2863/2863
f 2858/2858 2865/2865 2857/2857
f 2858/2858 2859/2859 2865/2865
f 2857/2857 2865/2865 2864/2864
f 2859/2859 2860/2860 2866/2866
f 2859/2859 2866/2866 2865/2865
f 2860/2860 2867/2867 2866/2866
f 2861/2861 2868/2868 2862/2862
f 2862/2862 2868/2868 2869/2869
f 2863/2863 2870/2870 2861/2861
f 2861/2861 2870/2870 2868/2868
f 2864/2864 2871/2871 2863/2863
f 2863/2863 2871/2871 2870/2870
f 2865/2865 2872/2872 2864/2864
f 2865/2865 2866/2866 2872/2872
f 2864/2864 2872/2872 2871/2871
f 2866/2866 2867/2867 2873/2873
f 2866/2866 2873/2873 2872/2872
f 2867/2867 2874/2874 2873/2873
f 2868/2868 2875/2875 2869/2869
f 2869/2869 2875/2875 2876/2876
f 2870/2870 2877/2877 2868/2868
f 2868/2868 2877/2877 2875/2875
f 2872/2872 2878/2878 2871/2871
f 2872/2872 2873/2873 2878/2878
f 2873/2873 2874/2874 2879/2879
f 2873/2873 2879/2879 2878/2878
f 2874/2874 2880/2880 2879/2879
f 2871/2871 2881/2881 2870/2870
f 2871/2871 2878/2878 2881/2881
f 2870/2870 2881/2881 2877/2877
f 2875/2875 2882/2882 2876/2876
f 2876/2876 2882/2882 2883/2883
f 2879/2879 2880/2880 2884/2884
f 2880/2880 2885/2885 2884/2884
f 2878/2878 2879/2879 2886/2886
f 2878/2878 2886/2886 2881/2881
f 2879/2879 2884/2884 2886/2886
f 2877/2877 2887/2887 2875/2875
f 2875/2875 2887/2887 2882/2882
f 2881/2881 2888/2888 2877/2877
f 2881/2881 2886/2886 2888/2888
f 2877/2877 2888/2888 2887/2887
f 2882/2882 2889/2889 2883/2883
f 2883/2883 2889/2889 2890/2890
f 2884/2884 2885/2885 2891/2891
f 2885/2885 2892/2892 2891/2891
f 2886/2886 2884/2884 2893/2893
f 2886/2886 2893/2893 2888/2888
f 2884/2884 2891/2891 2893/2893
f 2887/2887 2894/2894 2882/2882
f 2882/2882 2894/2894 2889/2889
f 2888/2888 2895/2895 2887/2887
f 2888/2888 2893/2893 2895/2895
f 2887/2887 2895/2895 2894/2894
f 2889/2889 2896/2896 2890/2890
f 2890/2890 2896/2896 2897/2897
f 2891/2891 2892/2892 2898/2898
f 2892/2892 2899/2899 2898/2898
f 2893/2893 2891/2891 2900/2900
f 2893/2893 2900/2900 2895/2895
f 2891/2891 2898/2898 2900/2900
f 2894/2894 2901/2901 2889/2889
f 2889/2889 2901/2901 2896/2896
f 2895/2895 2902/2902 2894/2894
f 2895/2895 2900/2900 2902/2902
f 2894/2894 2902/2902 2901/2901
f 2896/2896 2903/2903 2897/2897
f 2897/2897 2903/2903 2904/2904
f 2898/2898 2899/2899 2905/2905
f 2899/2899 2906/2906 2905/2905
f 2900/2900 2898/2898 2907/2907
f 2900/2900 2907/2907 2902/2902
f 2898/2898 2905/2905 2907/2907
f 2901/2901 2908/2908 2896/2896
f 2896/2896 2908/2908 2903/2903
f 2902/2902 2909/2909 2901/2901
f 2902/2902 2907/2907 2909/2909
f 2901/2901 2909/2909 2908/2908
f 2903/2903 2910/2910 2904/2904
f 2904/2904 2910/2910 2911/2911
f 2905/2905 2906/2906 2912/2912
f 2906/2906 2913/2913 2912/2912
f 2907/2907 2905/2905 2914/2914
f 2907/2907 2914/2914 2909/2909
f 2905/2905 2912/2912 2914/2914
f 2908/2908 2915/2915 2903/2903
f 2903/2903 2915/2915 2910/2910
f 2909/2909 2916/2916 2908/2908
f 2909/2909 2914/2914 2916/2916
f 2908/2908 2916/2916 2915/2915
f 2910/2910 2917/2917 2911/2911
f 2911/2911 2917/2917 2918/2918
f 2912/2912 2913/2913 2919/2919
f 2913/2913 2920/2920 2919/2919
f 2914/2914 2912/2912 2921/2921
f 2914/2914 2921/2921 2916/2916
f 2912/2912 2919/2919 2921/2921
f 2915/2915 2922/2922 2910/2910
f 2910/2910 2922/2922 2917/2917
f 2916/2916 2923/2923 2915/2915
f 2916/2916 2921/2921 2923/2923
f 2915/2915 2923/2923 2922/2922
f 2917/2917 2924/2924 2918/2918
f 2918/2918 2924/2924 2925/2925
f 2919/2919 2920/2920 2926/2926
f 2920/2920 2927/2927 2926/2926
f 2921/2921 2919/2919 2928/2928
f 2921/2921 2928/2928 2923/2923
f 2919/2919 2926/2926 2928/2928
f 2923/2923 2929/2929 2922/2922
f 2923/2923 2928/2928 2929/2929
f 2922/2922 2930/2930 2917/2917
f 2917/2917 2930/2930 2924/2924
f 2922/2922 2929/2929 2930/2930
f 2924/2924 2931/2931 2925/2925
f 2925/2925 2931/2931 2932/2932
f 2926/2926 2927/2927 2933/2933
f 2927/2927 2934/2934 2933/2933
f 2928/2928 2926/2926 2935/2935
f 2928/2928 2935/2935 2929/2929
f 2926/2926 2933/2933 2935/2935
f 2929/2929 2936/2936 2930/2930
f 2929/2929 2935/2935 2936/2936
f 2930/2930 2937/2937 2924/2924
f 2924/2924 2937/2937 2931/2931
f 2930/2930 2936/2936 2937/2937
f 2931/2931 2938/2938 2932/2932
f 2932/2932 2938/2938 2939/2939
f 2933/2933 2934/2934 2940/2940
f 2934/2934 2941/2941 2940/2940
f 2935/2935 2933/2933 2942/2942
f 2935/2935 2942/2942 2936/2936
f 2933/2933 2940/2940 2942/2942
f 2937/2937 2943/2943 2931/2931
f 2931/2931 2943/2943 2938/2938
f 2936/2936 2944/2944 2937/2937
f 2936/2936 2942/2942 2944/2944
f 2937/2937 2944/2944 2943/2943
f 2938/2938 2945/2945 2939/2939
f 2939/2939 2945/2945 2946/2946
f 2940/2940 2941/2941 2947/2947
f 2941/2941 2948/2948 2947/2947
f 2942/2942 2940/2940 2949/2949
f 2942/2942 2949/2949 2944/2944
f 2940/2940 2947/2947 2949/2949
f 2943/2943 2950/2950 2938/2938
f 2938/2938 2950/2950 2945/2945
f 2944/2944 2951/2951 2943/2943
f 2944/2944 2949/2949 2951/2951
f 2943/2943 2951/2951 2950/2950
f 2945/2945 2952/2952 2946/2946
f 2946/2946 2952/2952 2953/2953
f 2947/2947 2948/2948 2954/2954
f 2948/2948 2955/2955 2954/2954
f 2949/2949 2947/2947 2956/2956
f 2949/2949 2956/2956 2951/2951
f 2947/2947 2954/2954 2956/2956
f 2950/2950 2957/2957 2945/2945
f 2945/2945 2957/2957 2952/2952
f 2951/2951 2958/2958 2950/2950
f 2951/2951 2956/2956 2958/2958
f 2950/2950 2958/2958 2957/2957
f 2952/2952 2959/2959 2953/2953
f 2953/2953 2959/2959 2960/2960
f 2954/2954 2955/2955 2961/2961
f 2955/2955 2962/2962 2961/2961
f 2956/2956 2954/2954 2963/2963
f 2956/2956 2963/2963 2958/2958
f 2954/2954 2961/2961 2963/2963
f 2957/2957 2964/2964 2952/2952
f 2952/2952 2964/2964 2959/2959
f 2958/2958 2965/2965 2957/2957
f 2958/2958 2963/2963 2965/2965
f 2957/2957 2965/2965 2964/2964
f 2959/2959 2966/2966 2960/2960
f 2960/2960 2966/2966 2967/2967
f 2961/2961 2962/2962 2968/2968
f 2962/2962 2969/2969 2968/2968
f 2963/2963 2961/2961 2970/2970
f 2963/2963 2970/2970 2965/2965
f 2961/2961 2968/2968 2970/2970
f 2964/2964 2971/2971 2959/2959
f 2959/2959 2971/2971 2966/2966
f 2965/2965 2972/2972 2964/2964
f 2965/2965 2970/2970 2972/2972
f 2964/2964 2972/2972 2971/2971
f 2966/2966 2973/2973 2967/2967
f 2967/2967 2973/2973 2974/2974
f 2968/2968 2969/2969 2975/2975
f 2969/2969 2976/2976 2975/2975
f 2970/2970 2968/2968 2977/2977
f 2970/2970 2977/2977 2972/2972
f 2968/2968 2975/2975 2977/2977
f 2971/2971 2978/2978 2966/2966
f 2966/2966 2978/2978 2973/2973
f 2972/2972 2979/2979 2971/2971
f 2972/2972 2977/2977 2979/2979
f 2971/2971 2979/2979 2978/2978
f 2973/2973 2980/2980 2974/2974
f 2974/2974 2980/2980 2981/2981
f 2975/2975 2976/2976 2982/2982
f 2976/2976 2983/2983 2982/2982
f 2977/2977 2975/2975 2984/2984
f 2977/2977 2984/2984 2979/2979
f 2975/2975 2982/2982 2984/2984
f 2979/2979 2985/2985 2978/2978
f 2979/2979 2984/2984 2985/2985
f 2978/2978 2986/2986 2973/2973
f 2973/2973 2986/2986 2980/2980
f 2978/2978 2985/2985 2986/2986
f 2980/2980 2987/2987 2981/2981
f 2981/2981 2987/2987 2988/2988
f 2982/2982 2983/2983 2989/2989
f 2983/2983 2990/2990 2989/2989
f 2984/2984 2982/2982 2991/2991
f 2984/2984 2991/2991 2985/2985
f 2982/2982 2989/2989 2991/2991
f 2985/2985 2992/2992 2986/2986
f 2985/2985 2991/2991 2992/2992
f 2986/2986 2993/2993 2980/2980
f 2980/2980 2993/2993 2987/2987
f 2986/2986 2992/2992 2993/2993
f 2987/2987 2994/2994 2988/2988
f 2988/2988 2994/2994 2995/2995
f 2989/2989 2990/2990 2996/2996
f 2990/2990 2997/2997 2996/2996
f 2991/2991 2989/2989 2998/2998
f 2991/2991 2998/2998 2992/2992
f 2989/2989 2996/2996 2998/2998
f 2993/2993 2999/2999 2987/2987
f 2987/2987 2999/2999 2994/2994
f 2992/2992 3000/3000 2993/2993
f 2992/2992 2998/2998 3000/3000
f 2993/2993 3000/3000 2999/2999
f 2994/2994 3001/3001 2995/2995
f 2995/2995 3001/3001 3002/3002
f 3001/3001 3003/3003 3002/3002
f 2996/2996 2997/2997 3004/3004
f 2997/2997 3005/3005 3004/3004
f 2998/2998 2996/2996 3006/3006
f 2998/2998 3006/3006 3000/3000
f 2996/2996 3004/3004 3006/3006
f 2999/2999 3007/3007 2994/2994
f 2994/2994 3007/3007 3001/3001
f 3001/3001 3008/3008 3003/3003
f 3007/3007 3008/3008 3001/3001
f 3008/3008 3009/3009 3003/3003
f 3000/3000 3010/3010 2999/2999
f 3000/3000 3006/3006 3010/3010
f 2999/2999 3010/3010 3007/3007
f 3004/3004 3005/3005 3011/3011
f 3005/3005 3012/3012 3011/3011
f 3006/3006 3004/3004 3013/3013
f 3006/3006 3013/3013 3010/3010
f 3004/3004 3011/3011 3013/3013
f 3010/3010 3014/3014 3007/3007
f 3007/3007 3014/3014 3008/3008
f 3010/3010 3013/3013 3014/3014
f 3008/3008 3015/3015 3009/3009
f 3014/3014 3015/3015 3008/3008
f 3015/3015 3016/3016 3009/3009
f 3013/3013 3017/3017 3014/3014
f 3013/3013 3011/3011 3017/3017
f 3014/3014 3017/3017 3015/3015
f 3011/3011 3012/3012 3018/3018
f 3011/3011 3018/3018 3017/3017
f 3012/3012 3019/3019 3018/3018
f 3015/3015 3020/3020 3016/3016
f 3017/3017 3020/3020 3015/3015
f 3017/3017 3018/3018 3020/3020
f 3020/3020 3021/3021 3016/3016
f 3018/3018 3019/3019 3022/3022
f 3018/3018 3022/3022 3020/3020
f 3020/3020 3022/3022 3021/3021
f 3019/3019 3023/3023 3022/3022
f 3022/3022 3024/3024 3021/3021
f 3022/3022 3023/3023 3024/3024
f 3023/3023 3025/3025 3024/3024
f 3026/3026 3027/3027 3028/3028
f 3029/3029 3026/3026 3028/3028
f 3029/3029 3028/3028 3030/3030
f 3030/3030 3028/3028 38/38
f 3028/3028 3031/3031 38/38
f 3030/3030 38/38 42/42
f 3030/3030 42/42 3032/3032
f 3032/3032 42/42 46/46
f 3033/3033 3029/3029 3030/3030
f 3033/3033 3030/3030 3032/3032
f 3032/3032 46/46 3034/3034
f 3034/3034 46/46 49/49
f 3033/3033 3032/3032 3035/3035
f 3035/3035 3032/3032 3034/3034
f 3034/3034 49/49 3036/3036
f 3036/3036 49/49 51/51
f 3035/3035 3034/3034 3037/3037
f 3037/3037 3034/3034 3036/3036
f 3036/3036 51/51 3038/3038
f 3038/3038 51/51 55/55
f 3037/3037 3036/3036 3039/3039
f 3039/3039 3036/3036 3038/3038
f 3038/3038 55/55 3040/3040
f 3040/3040 55/55 68/68
f 3039/3039 3038/3038 3041/3041
f 3041/3041 3038/3038 3040/3040
f 3040/3040 68/68 3042/3042
f 3042/3042 68/68 73/73
f 3042/3042 73/73 87/87
f 3043/3043 3040/3040 3042/3042
f 3041/3041 3040/3040 3043/3043
f 3044/3044 3042/3042 87/87
f 3043/3043 3042/3042 3044/3044
f 3044/3044 87/87 3045/3045
f 3045/3045 87/87 86/86
f 3045/3045 86/86 92/92
f 3046/3046 3045/3045 92/92
f 3046/3046 92/92 104/104
f 3047/3047 3044/3044 3045/3045
f 3047/3047 3045/3045 3046/3046
f 3048/3048 3043/3043 3044/3044
f 3048/3048 3044/3044 3047/3047
f 3049/3049 3041/3041 3043/3043
f 3049/3049 3043/3043 3048/3048
f 3050/3050 3046/3046 104/104
f 3050/3050 104/104 108/108
f 3051/3051 3047/3047 3046/3046
f 3051/3051 3046/3046 3050/3050
f 3052/3052 3048/3048 3047/3047
f 3052/3052 3047/3047 3051/3051
f 3053/3053 3050/3050 108/108
f 3053/3053 108/108 112/112
f 3054/3054 3051/3051 3050/3050
f 3054/3054 3050/3050 3053/3053
f 3055/3055 3053/3053 112/112
f 3055/3055 112/112 113/113
f 3056/3056 3041/3041 3049/3049
f 3056/3056 3039/3039 3041/3041
f 3057/3057 3049/3049 3048/3048
f 3057/3057 3048/3048 3052/3052
f 3058/3058 3052/3052 3051/3051
f 3058/3058 3051/3051 3054/3054
f 3059/3059 3054/3054 3053/3053
f 3059/3059 3053/3053 3055/3055
f 3060/3060 3055/3055 113/113
f 3060/3060 113/113 117/117
f 3061/3061 3039/3039 3056/3056
f 3061/3061 3037/3037 3039/3039
f 3062/3062 3057/3057 3052/3052
f 3062/3062 3052/3052 3058/3058
f 3063/3063 3058/3058 3054/3054
f 3063/3063 3054/3054 3059/3059
f 3064/3064 3059/3059 3055/3055
f 3064/3064 3055/3055 3060/3060
f 3065/3065 3060/3060 117/117
f 3065/3065 117/117 121/121
f 3066/3066 3037/3037 3061/3061
f 3066/3066 3035/3035 3037/3037
f 3067/3067 3062/3062 3058/3058
f 3067/3067 3058/3058 3063/3063
f 3068/3068 3063/3063 3059/3059
f 3068/3068 3059/3059 3064/3064
f 3069/3069 3064/3064 3060/3060
f 3069/3069 3060/3060 3065/3065
f 3070/3070 3065/3065 121/121
f 3070/3070 121/121 125/125
f 3071/3071 3035/3035 3066/3066
f 3071/3071 3033/3033 3035/3035
f 3072/3072 3067/3067 3063/3063
f 3072/3072 3063/3063 3068/3068
f 3073/3073 3068/3068 3064/3064
f 3073/3073 3064/3064 3069/3069
f 3074/3074 3069/3069 3065/3065
f 3074/3074 3065/3065 3070/3070
f 3075/3075 3070/3070 125/125
f 3075/3075 125/125 129/129
f 3071/3071 3076/3076 3033/3033
f 3076/3076 3029/3029 3033/3033
f 3077/3077 3072/3072 3068/3068
f 3077/3077 3068/3068 3073/3073
f 3078/3078 3073/3073 3069/3069
f 3078/3078 3069/3069 3074/3074
f 3079/3079 3074/3074 3070/3070
f 3079/3079 3070/3070 3075/3075
f 3080/3080 3075/3075 129/129
f 3080/3080 129/129 133/133
f 3076/3076 3081/3081 3029/3029
f 3081/3081 3026/3026 3029/3029
f 3081/3081 3082/3082 3026/3026
f 3082/3082 3083/3083 3026/3026
f 3084/3084 3082/3082 3081/3081
f 3085/3085 3084/3084 3081/3081
f 3085/3085 3081/3081 3076/3076
f 3086/3086 3084/3084 3085/3085
f 3087/3087 3085/3085 3076/3076
f 3087/3087 3076/3076 3071/3071
f 3088/3088 3086/3086 3085/3085
f 3088/3088 3085/3085 3087/3087
f 3089/3089 3086/3086 3088/3088
f 3090/3090 3087/3087 3071/3071
f 3090/3090 3071/3071 3066/3066
f 3091/3091 3088/3088 3087/3087
f 3091/3091 3087/3087 3090/3090
f 3092/3092 3089/3089 3088/3088
f 3092/3092 3088/3088 3091/3091
f 3093/3093 3089/3089 3092/3092
f 3090/3090 3066/3066 3094/3094
f 3094/3094 3066/3066 3061/3061
f 3095/3095 3091/3091 3090/3090
f 3095/3095 3090/3090 3094/3094
f 3096/3096 3092/3092 3091/3091
f 3096/3096 3091/3091 3095/3095
f 3097/3097 3093/3093 3092/3092
f 3097/3097 3092/3092 3096/3096
f 3098/3098 3093/3093 3097/3097
f 3094/3094 3061/3061 3099/3099
f 3099/3099 3061/3061 3056/3056
f 3095/3095 3094/3094 3100/3100
f 3100/3100 3094/3094 3099/3099
f 3101/3101 3096/3096 3095/3095
f 3101/3101 3095/3095 3100/3100
f 3102/3102 3097/3097 3096/3096
f 3102/3102 3096/3096 3101/3101
f 3103/3103 3098/3098 3097/3097
f 3103/3103 3097/3097 3102/3102
f 3104/3104 3098/3098 3103/3103
f 3099/3099 3056/3056 3105/3105
f 3105/3105 3056/3056 3049/3049
f 3105/3105 3049/3049 3057/3057
f 3100/3100 3099/3099 3106/3106
f 3106/3106 3099/3099 3105/3105
f 3107/3107 3105/3105 3057/3057
f 3106/3106 3105/3105 3107/3107
f 3107/3107 3057/3057 3062/3062
f 3101/3101 3100/3100 3108/3108
f 3108/3108 3100/3100 3106/3106
f 3109/3109 3102/3102 3101/3101
f 3109/3109 3101/3101 3108/3108
f 3110/3110 3103/3103 3102/3102
f 3110/3110 3102/3102 3109/3109
f 3111/3111 3107/3107 3062/3062
f 3111/3111 3062/3062 3067/3067
f 3112/3112 3106/3106 3107/3107
f 3108/3108 3106/3106 3112/3112
f 3112/3112 3107/3107 3111/3111
f 3109/3109 3108/3108 3113/3113
f 3113/3113 3108/3108 3112/3112
f 3114/3114 3111/3111 3067/3067
f 3114/3114 3067/3067 3072/3072
f 3115/3115 3112/3112 3111/3111
f 3113/3113 3112/3112 3115/3115
f 3115/3115 3111/3111 3114/3114
f 3116/3116 3109/3109 3113/3113
f 3116/3116 3110/3110 3109/3109
f 3117/3117 3103/3103 3110/3110
f 3117/3117 3104/3104 3103/3103
f 3118/3118 3114/3114 3072/3072
f 3118/3118 3072/3072 3077/3077
f 3119/3119 3115/3115 3114/3114
f 3119/3119 3114/3114 3118/3118
f 3120/3120 3113/3113 3115/3115
f 3116/3116 3113/3113 3120/3120
f 3120/3120 3115/3115 3119/3119
f 3121/3121 3110/3110 3116/3116
f 3121/3121 3117/3117 3110/3110
f 3122/3122 3116/3116 3120/3120
f 3122/3122 3121/3121 3116/3116
f 3123/3123 3120/3120 3119/3119
f 3122/3122 3120/3120 3123/3123
f 3124/3124 3119/3119 3118/3118
f 3123/3123 3119/3119 3124/3124
f 3125/3125 3118/3118 3077/3077
f 3124/3124 3118/3118 3125/3125
f 3125/3125 3077/3077 3126/3126
f 3126/3126 3077/3077 3073/3073
f 3126/3126 3073/3073 3078/3078
f 3127/3127 3117/3117 3121/3121
f 3128/3128 3121/3121 3122/3122
f 3128/3128 3127/3127 3121/3121
f 3129/3129 3122/3122 3123/3123
f 3129/3129 3128/3128 3122/3122
f 3130/3130 3123/3123 3124/3124
f 3129/3129 3123/3123 3130/3130
f 3131/3131 3124/3124 3125/3125
f 3130/3130 3124/3124 3131/3131
f 3132/3132 3125/3125 3126/3126
f 3131/3131 3125/3125 3132/3132
f 3133/3133 3126/3126 3078/3078
f 3132/3132 3126/3126 3133/3133
f 3127/3127 3134/3134 3117/3117
f 3134/3134 3104/3104 3117/3117
f 3134/3134 3135/3135 3104/3104
f 3135/3135 3136/3136 3104/3104
f 3137/3137 3135/3135 3134/3134
f 3138/3138 3137/3137 3134/3134
f 3138/3138 3134/3134 3127/3127
f 3139/3139 3137/3137 3138/3138
f 3140/3140 3138/3138 3127/3127
f 3140/3140 3127/3127 3128/3128
f 3141/3141 3139/3139 3138/3138
f 3141/3141 3138/3138 3140/3140
f 3142/3142 3139/3139 3141/3141
f 3143/3143 3140/3140 3128/3128
f 3143/3143 3128/3128 3129/3129
f 3144/3144 3141/3141 3140/3140
f 3144/3144 3140/3140 3143/3143
f 3145/3145 3142/3142 3141/3141
f 3145/3145 3141/3141 3144/3144
f 3146/3146 3142/3142 3145/3145
f 3147/3147 3143/3143 3129/3129
f 3147/3147 3129/3129 3130/3130
f 3148/3148 3144/3144 3143/3143
f 3148/3148 3143/3143 3147/3147
f 3149/3149 3145/3145 3144/3144
f 3149/3149 3144/3144 3148/3148
f 3150/3150 3146/3146 3145/3145
f 3150/3150 3145/3145 3149/3149
f 3151/3151 3146/3146 3150/3150
f 3147/3147 3130/3130 3152/3152
f 3152/3152 3130/3130 3131/3131
f 3153/3153 3148/3148 3147/3147
f 3153/3153 3147/3147 3152/3152
f 3154/3154 3149/3149 3148/3148
f 3154/3154 3148/3148 3153/3153
f 3155/3155 3150/3150 3149/3149
f 3155/3155 3149/3149 3154/3154
f 3156/3156 3151/3151 3150/3150
f 3156/3156 3150/3150 3155/3155
f 3157/3157 3151/3151 3156/3156
f 3152/3152 3131/3131 3158/3158
f 3158/3158 3131/3131 3132/3132
f 3153/3153 3152/3152 3159/3159
f 3159/3159 3152/3152 3158/3158
f 3160/3160 3154/3154 3153/3153
f 3160/3160 3153/3153 3159/3159
f 3161/3161 3155/3155 3154/3154
f 3161/3161 3154/3154 3160/3160
f 3162/3162 3157/3157 3156/3156
f 3163/3163 3157/3157 3162/3162
f 3164/3164 3163/3163 3162/3162
f 3165/3165 3156/3156 3155/3155
f 3162/3162 3156/3156 3165/3165
f 3165/3165 3155/3155 3161/3161
f 3158/3158 3132/3132 3166/3166
f 3166/3166 3132/3132 3133/3133
f 3159/3159 3158/3158 3167/3167
f 3167/3167 3158/3158 3166/3166
f 3160/3160 3159/3159 3168/3168
f 3168/3168 3159/3159 3167/3167
f 3164/3164 3162/3162 3169/3169
f 3169/3169 3162/3162 3165/3165
f 3170/3170 3161/3161 3160/3160
f 3170/3170 3160/3160 3168/3168
f 3171/3171 3165/3165 3161/3161
f 3169/3169 3165/3165 3171/3171
f 3171/3171 3161/3161 3170/3170
f 3172/3172 3164/3164 3169/3169
f 3173/3173 3164/3164 3172/3172
f 3174/3174 3169/3169 3171/3171
f 3172/3172 3169/3169 3174/3174
f 3175/3175 3171/3171 3170/3170
f 3174/3174 3171/3171 3175/3175
f 3170/3170 3168/3168 3176/3176
f 3175/3175 3170/3170 3176/3176
f 3168/3168 3167/3167 3177/3177
f 3176/3176 3168/3168 3177/3177
f 3178/3178 3173/3173 3172/3172
f 3179/3179 3173/3173 3178/3178
f 3180/3180 3172/3172 3174/3174
f 3178/3178 3172/3172 3180/3180
f 3181/3181 3174/3174 3175/3175
f 3180/3180 3174/3174 3181/3181
f 3175/3175 3176/3176 3182/3182
f 3181/3181 3175/3175 3182/3182
f 3183/3183 3179/3179 3178/3178
f 3184/3184 3179/3179 3183/3183
f 3185/3185 3178/3178 3180/3180
f 3183/3183 3178/3178 3185/3185
f 3186/3186 3180/3180 3181/3181
f 3185/3185 3180/3180 3186/3186
f 3187/3187 3184/3184 3183/3183
f 3188/3188 3184/3184 3187/3187
f 3189/3189 3183/3183 3185/3185
f 3187/3187 3183/3183 3189/3189
f 3190/3190 3188/3188 3187/3187
f 3191/3191 3188/3188 3190/3190
f 3182/3182 3176/3176 3192/3192
f 3176/3176 3177/3177 3192/3192
f 3181/3181 3182/3182 3193/3193
f 3186/3186 3181/3181 3193/3193
f 3194/3194 3185/3185 3186/3186
f 3189/3189 3185/3185 3194/3194
f 3195/3195 3187/3187 3189/3189
f 3190/3190 3187/3187 3195/3195
f 3196/3196 3191/3191 3190/3190
f 3197/3197 3191/3191 3196/3196
f 3182/3182 3192/3192 3198/3198
f 3193/3193 3182/3182 3198/3198
f 3186/3186 3193/3193 3199/3199
f 3194/3194 3186/3186 3199/3199
f 3200/3200 3189/3189 3194/3194
f 3195/3195 3189/3189 3200/3200
f 3201/3201 3190/3190 3195/3195
f 3196/3196 3190/3190 3201/3201
f 3202/3202 3197/3197 3196/3196
f 3203/3203 3197/3197 3202/3202
f 3193/3193 3198/3198 3204/3204
f 3199/3199 3193/3193 3204/3204
f 3194/3194 3199/3199 3205/3205
f 3200/3200 3194/3194 3205/3205
f 3206/3206 3195/3195 3200/3200
f 3201/3201 3195/3195 3206/3206
f 3207/3207 3196/3196 3201/3201
f 3202/3202 3196/3196 3207/3207
f 3208/3208 3203/3203 3202/3202
f 3209/3209 3203/3203 3208/3208
f 3199/3199 3204/3204 3210/3210
f 3205/3205 3199/3199 3210/3210
f 3200/3200 3205/3205 3211/3211
f 3206/3206 3200/3200 3211/3211
f 3212/3212 3201/3201 3206/3206
f 3207/3207 3201/3201 3212/3212
f 3213/3213 3202/3202 3207/3207
f 3208/3208 3202/3202 3213/3213
f 3214/3214 3209/3209 3208/3208
f 3215/3215 3209/3209 3214/3214
f 3216/3216 3215/3215 3214/3214
f 3214/3214 3208/3208 3217/3217
f 3217/3217 3208/3208 3213/3213
f 3213/3213 3207/3207 3218/3218
f 3218/3218 3207/3207 3212/3212
f 3212/3212 3206/3206 3219/3219
f 3206/3206 3211/3211 3219/3219
f 3216/3216 3214/3214 3220/3220
f 3220/3220 3214/3214 3217/3217
f 3217/3217 3213/3213 3221/3221
f 3221/3221 3213/3213 3218/3218
f 3218/3218 3212/3212 3222/3222
f 3212/3212 3219/3219 3222/3222
f 3223/3223 3216/3216 3220/3220
f 3224/3224 3216/3216 3223/3223
f 3220/3220 3217/3217 3225/3225
f 3225/3225 3217/3217 3221/3221
f 3221/3221 3218/3218 3226/3226
f 3218/3218 3222/3222 3226/3226
f 3227/3227 3224/3224 3223/3223
f 3228/3228 3224/3224 3227/3227
f 3223/3223 3220/3220 3229/3229
f 3229/3229 3220/3220 3225/3225
f 3230/3230 3225/3225 3221/3221
f 3226/3226 3230/3230 3221/3221
f 3231/3231 3228/3228 3227/3227
f 3232/3232 3228/3228 3231/3231
f 3227/3227 3223/3223 3233/3233
f 3233/3233 3223/3223 3229/3229
f 3234/3234 3229/3229 3225/3225
f 3230/3230 3234/3234 3225/3225
f 3235/3235 3232/3232 3231/3231
f 3236/3236 3232/3232 3235/3235
f 3231/3231 3227/3227 3237/3237
f 3237/3237 3227/3227 3233/3233
f 3238/3238 3233/3233 3229/3229
f 3234/3234 3238/3238 3229/3229
f 3239/3239 3236/3236 3235/3235
f 3240/3240 3236/3236 3239/3239
f 3235/3235 3231/3231 3241/3241
f 3241/3241 3231/3231 3237/3237
f 3242/3242 3237/3237 3233/3233
f 3238/3238 3242/3242 3233/3233
f 3239/3239 3235/3235 3243/3243
f 3243/3243 3235/3235 3241/3241
f 3244/3244 3240/3240 3239/3239
f 3245/3245 3240/3240 3244/3244
f 3246/3246 3241/3241 3237/3237
f 3242/3242 3246/3246 3237/3237
f 3247/3247 3239/3239 3243/3243
f 3244/3244 3239/3239 3247/3247
f 3248/3248 3245/3245 3244/3244
f 3249/3249 3245/3245 3248/3248
f 3250/3250 3243/3243 3241/3241
f 3246/3246 3250/3250 3241/3241
f 3251/3251 3244/3244 3247/3247
f 3248/3248 3244/3244 3251/3251
f 3252/3252 3249/3249 3248/3248
f 3253/3253 3249/3249 3252/3252
f 3254/3254 3247/3247 3243/3243
f 3250/3250 3254/3254 3243/3243
f 3255/3255 3248/3248 3251/3251
f 3252/3252 3248/3248 3255/3255
f 3256/3256 3251/3251 3247/3247
f 3254/3254 3256/3256 3247/3247
f 3255/3255 3251/3251 3256/3256
f 3257/3257 3253/3253 3252/3252
f 3258/3258 3253/3253 3257/3257
f 3259/3259 3252/3252 3255/3255
f 3257/3257 3252/3252 3259/3259
f 3260/3260 3255/3255 3256/3256
f 3259/3259 3255/3255 3260/3260
f 3261/3261 3256/3256 3254/3254
f 3260/3260 3256/3256 3261/3261
f 3262/3262 3254/3254 3250/3250
f 3262/3262 3261/3261 3254/3254
f 3263/3263 3258/3258 3257/3257
f 457/457 3258/3258 3263/3263
f 456/456 457/457 3263/3263
f 3264/3264 3257/3257 3259/3259
f 3263/3263 3257/3257 3264/3264
f 456/456 3263/3263 3265/3265
f 3265/3265 3263/3263 3264/3264
f 458/458 456/456 3265/3265
f 3266/3266 3259/3259 3260/3260
f 3264/3264 3259/3259 3266/3266
f 3267/3267 3260/3260 3261/3261
f 3266/3266 3260/3260 3267/3267
f 3265/3265 3264/3264 3268/3268
f 3268/3268 3264/3264 3266/3266
f 458/458 3265/3265 3269/3269
f 3269/3269 3265/3265 3268/3268
f 3268/3268 3266/3266 3270/3270
f 3270/3270 3266/3266 3267/3267
f 3267/3267 3261/3261 3271/3271
f 3271/3271 3261/3261 3262/3262
f 3272/3272 458/458 3269/3269
f 451/451 458/458 3272/3272
f 448/448 451/451 3272/3272
f 3269/3269 3268/3268 3273/3273
f 3273/3273 3268/3268 3270/3270
f 3270/3270 3267/3267 3274/3274
f 3274/3274 3267/3267 3271/3271
f 3272/3272 3269/3269 3275/3275
f 3275/3275 3269/3269 3273/3273
f 448/448 3272/3272 3276/3276
f 3276/3276 3272/3272 3275/3275
f 357/357 448/448 3276/3276
f 357/357 3276/3276 350/350
f 350/350 3276/3276 3277/3277
f 3276/3276 3275/3275 3277/3277
f 350/350 3277/3277 316/316
f 3273/3273 3270/3270 3278/3278
f 3278/3278 3270/3270 3274/3274
f 3275/3275 3273/3273 3279/3279
f 3277/3277 3275/3275 3279/3279
f 3279/3279 3273/3273 3278/3278
f 316/316 3277/3277 3280/3280
f 3277/3277 3279/3279 3280/3280
f 316/316 3280/3280 309/309
f 3279/3279 3278/3278 3281/3281
f 3280/3280 3279/3279 3281/3281
f 309/309 3280/3280 3282/3282
f 3280/3280 3281/3281 3282/3282
f 309/309 3282/3282 271/271
f 3278/3278 3274/3274 3283/3283
f 3281/3281 3278/3278 3283/3283
f 271/271 3282/3282 3284/3284
f 271/271 3284/3284 264/264
f 3282/3282 3281/3281 3285/3285
f 3281/3281 3283/3283 3285/3285
f 3282/3282 3285/3285 3284/3284
f 3283/3283 3274/3274 3286/3286
f 3274/3274 3271/3271 3286/3286
f 264/264 3284/3284 3287/3287
f 264/264 3287/3287 170/170
f 3285/3285 3283/3283 3288/3288
f 3283/3283 3286/3286 3288/3288
f 3284/3284 3285/3285 3289/3289
f 3284/3284 3289/3289 3287/3287
f 3285/3285 3288/3288 3289/3289
f 3286/3286 3271/3271 3290/3290
f 3290/3290 3271/3271 3262/3262
f 170/170 3287/3287 3291/3291
f 167/167 170/170 3291/3291
f 3287/3287 3289/3289 3292/3292
f 3291/3291 3287/3287 3292/3292
f 3289/3289 3288/3288 3293/3293
f 3292/3292 3289/3289 3293/3293
f 3288/3288 3286/3286 3294/3294
f 3294/3294 3286/3286 3290/3290
f 3293/3293 3288/3288 3294/3294
f 3290/3290 3262/3262 3295/3295
f 3295/3295 3262/3262 3250/3250
f 3295/3295 3250/3250 3246/3246
f 167/167 3291/3291 3296/3296
f 166/166 167/167 3296/3296
f 3291/3291 3292/3292 3297/3297
f 3296/3296 3291/3291 3297/3297
f 3294/3294 3290/3290 3298/3298
f 3298/3298 3290/3290 3295/3295
f 3299/3299 3295/3295 3246/3246
f 3298/3298 3295/3295 3299/3299
f 3299/3299 3246/3246 3242/3242
f 3293/3293 3294/3294 3300/3300
f 3300/3300 3294/3294 3298/3298
f 3292/3292 3293/3293 3301/3301
f 3297/3297 3292/3292 3301/3301
f 3301/3301 3293/3293 3300/3300
f 166/166 3296/3296 3302/3302
f 163/163 166/166 3302/3302
f 3303/3303 3299/3299 3242/3242
f 3303/3303 3242/3242 3238/3238
f 3304/3304 3298/3298 3299/3299
f 3300/3300 3298/3298 3304/3304
f 3304/3304 3299/3299 3303/3303
f 3296/3296 3297/3297 3305/3305
f 3302/3302 3296/3296 3305/3305
f 3301/3301 3300/3300 3306/3306
f 3306/3306 3300/3300 3304/3304
f 3297/3297 3301/3301 3307/3307
f 3305/3305 3297/3297 3307/3307
f 3307/3307 3301/3301 3306/3306
f 163/163 3302/3302 3308/3308
f 160/160 163/163 3308/3308
f 3309/3309 3304/3304 3303/3303
f 3306/3306 3304/3304 3309/3309
f 3302/3302 3305/3305 3310/3310
f 3308/3308 3302/3302 3310/3310
f 3307/3307 3306/3306 3311/3311
f 3311/3311 3306/3306 3309/3309
f 3305/3305 3307/3307 3312/3312
f 3310/3310 3305/3305 3312/3312
f 3312/3312 3307/3307 3311/3311
f 160/160 3308/3308 3313/3313
f 157/157 160/160 3313/3313
f 3309/3309 3303/3303 3314/3314
f 3314/3314 3303/3303 3238/3238
f 3314/3314 3238/3238 3234/3234
f 3308/3308 3310/3310 3315/3315
f 3313/3313 3308/3308 3315/3315
f 3311/3311 3309/3309 3316/3316
f 3316/3316 3309/3309 3314/3314
f 3317/3317 3314/3314 3234/3234
f 3316/3316 3314/3314 3317/3317
f 3317/3317 3234/3234 3230/3230
f 3312/3312 3311/3311 3318/3318
f 3318/3318 3311/3311 3316/3316
f 3310/3310 3312/3312 3319/3319
f 3315/3315 3310/3310 3319/3319
f 3319/3319 3312/3312 3318/3318
f 3320/3320 3317/3317 3230/3230
f 3320/3320 3230/3230 3226/3226
f 3321/3321 3316/3316 3317/3317
f 3318/3318 3316/3316 3321/3321
f 3321/3321 3317/3317 3320/3320
f 3319/3319 3318/3318 3322/3322
f 3322/3322 3318/3318 3321/3321
f 3315/3315 3319/3319 3323/3323
f 3323/3323 3319/3319 3322/3322
f 3324/3324 3320/3320 3226/3226
f 3226/3226 3222/3222 3324/3324
f 3325/3325 3321/3321 3320/3320
f 3322/3322 3321/3321 3325/3325
f 3325/3325 3320/3320 3324/3324
f 3222/3222 3326/3326 3324/3324
f 3222/3222 3219/3219 3326/3326
f 3327/3327 3322/3322 3325/3325
f 3323/3323 3322/3322 3327/3327
f 3328/3328 3325/3325 3324/3324
f 3324/3324 3326/3326 3328/3328
f 3327/3327 3325/3325 3328/3328
f 3329/3329 3315/3315 3323/3323
f 3313/3313 3315/3315 3329/3329
f 3219/3219 3330/3330 3326/3326
f 3219/3219 3211/3211 3330/3330
f 3326/3326 3331/3331 3328/3328
f 3326/3326 3330/3330 3331/3331
f 3332/3332 3323/3323 3327/3327
f 3329/3329 3323/3323 3332/3332
f 3333/3333 3327/3327 3328/3328
f 3328/3328 3331/3331 3333/3333
f 3332/3332 3327/3327 3333/3333
f 3334/3334 3313/3313 3329/3329
f 157/157 3313/3313 3334/3334
f 154/154 157/157 3334/3334
f 3211/3211 3335/3335 3330/3330
f 3211/3211 3205/3205 3335/3335
f 3205/3205 3210/3210 3335/3335
f 3330/3330 3336/3336 3331/3331
f 3330/3330 3335/3335 3336/3336
f 3331/3331 3337/3337 3333/3333
f 3331/3331 3336/3336 3337/3337
f 3338/3338 3329/3329 3332/3332
f 3334/3334 3329/3329 3338/3338
f 154/154 3334/3334 3339/3339
f 3339/3339 3334/3334 3338/3338
f 151/151 154/154 3339/3339
f 3340/3340 3332/3332 3333/3333
f 3338/3338 3332/3332 3340/3340
f 3333/3333 3337/3337 3340/3340
f 3335/3335 3210/3210 3341/3341
f 3335/3335 3341/3341 3336/3336
f 3339/3339 3338/3338 3342/3342
f 3342/3342 3338/3338 3340/3340
f 151/151 3339/3339 3343/3343
f 3343/3343 3339/3339 3342/3342
f 148/148 151/151 3343/3343
f 3336/3336 3344/3344 3337/3337
f 3336/3336 3341/3341 3344/3344
f 3337/3337 3345/3345 3340/3340
f 3340/3340 3345/3345 3342/3342
f 3337/3337 3344/3344 3345/3345
f 3210/3210 3346/3346 3341/3341
f 3210/3210 3204/3204 3346/3346
f 3343/3343 3347/3347 148/148
f 3347/3347 145/145 148/148
f 3342/3342 3348/3348 3343/3343
f 3345/3345 3348/3348 3342/3342
f 3348/3348 3347/3347 3343/3343
f 3344/3344 3349/3349 3345/3345
f 3345/3345 3349/3349 3348/3348
f 3341/3341 3350/3350 3344/3344
f 3341/3341 3346/3346 3350/3350
f 3344/3344 3350/3350 3349/3349
f 3204/3204 3351/3351 3346/3346
f 3204/3204 3198/3198 3351/3351
f 3347/3347 3352/3352 145/145
f 3352/3352 142/142 145/145
f 3348/3348 3353/3353 3347/3347
f 3349/3349 3353/3353 3348/3348
f 3353/3353 3352/3352 3347/3347
f 3350/3350 3354/3354 3349/3349
f 3349/3349 3354/3354 3353/3353
f 3346/3346 3355/3355 3350/3350
f 3346/3346 3351/3351 3355/3355
f 3350/3350 3355/3355 3354/3354
f 3198/3198 3356/3356 3351/3351
f 3198/3198 3192/3192 3356/3356
f 3352/3352 3357/3357 142/142
f 3357/3357 137/137 142/142
f 3353/3353 3358/3358 3352/3352
f 3354/3354 3358/3358 3353/3353
f 3358/3358 3357/3357 3352/3352
f 3355/3355 3359/3359 3354/3354
f 3354/3354 3359/3359 3358/3358
f 3351/3351 3360/3360 3355/3355
f 3351/3351 3356/3356 3360/3360
f 3355/3355 3360/3360 3359/3359
f 3192/3192 3361/3361 3356/3356
f 3192/3192 3177/3177 3361/3361
f 3357/3357 3362/3362 137/137
f 3362/3362 133/133 137/137
f 3362/3362 3080/3080 133/133
f 3358/3358 3363/3363 3357/3357
f 3359/3359 3363/3363 3358/3358
f 3363/3363 3362/3362 3357/3357
f 3360/3360 3364/3364 3359/3359
f 3359/3359 3364/3364 3363/3363
f 3356/3356 3365/3365 3360/3360
f 3356/3356 3361/3361 3365/3365
f 3360/3360 3365/3365 3364/3364
f 3363/3363 3366/3366 3362/3362
f 3366/3366 3080/3080 3362/3362
f 3364/3364 3366/3366 3363/3363
f 3177/3177 3367/3367 3361/3361
f 3177/3177 3167/3167 3367/3367
f 3167/3167 3166/3166 3367/3367
f 3365/3365 3368/3368 3364/3364
f 3364/3364 3368/3368 3366/3366
f 3366/3366 3369/3369 3080/3080
f 3368/3368 3369/3369 3366/3366
f 3369/3369 3075/3075 3080/3080
f 3369/3369 3079/3079 3075/3075
f 3361/3361 3370/3370 3365/3365
f 3361/3361 3367/3367 3370/3370
f 3365/3365 3370/3370 3368/3368
f 3367/3367 3166/3166 3371/3371
f 3367/3367 3371/3371 3370/3370
f 3166/3166 3133/3133 3371/3371
f 3368/3368 3372/3372 3369/3369
f 3370/3370 3372/3372 3368/3368
f 3372/3372 3079/3079 3369/3369
f 3370/3370 3371/3371 3372/3372
f 3371/3371 3133/3133 3373/3373
f 3371/3371 3373/3373 3372/3372
f 3372/3372 3373/3373 3079/3079
f 3133/3133 3078/3078 3373/3373
f 3373/3373 3074/3074 3079/3079
f 3373/3373 3078/3078 3074/3074
f 3374/3374 3375/3375 3376/3376
f 3377/3377 3374/3374 3376/3376
f 3377/3377 3376/3376 3378/3378
f 3379/3379 3374/3374 3377/3377
f 3380/3380 3377/3377 3378/3378
f 3380/3380 3378/3378 3381/3381
f 3382/3382 3379/3379 3377/3377
f 3382/3382 3377/3377 3380/3380
f 3383/3383 3379/3379 3382/3382
f 3384/3384 3380/3380 3381/3381
f 3384/3384 3381/3381 3385/3385
f 3386/3386 3382/3382 3380/3380
f 3386/3386 3380/3380 3384/3384
f 3387/3387 3383/3383 3382/3382
f 3387/3387 3382/3382 3386/3386
f 3388/3388 3383/3383 3387/3387
f 3389/3389 3384/3384 3385/3385
f 3389/3389 3385/3385 3390/3390
f 3391/3391 3389/3389 3390/3390
f 3392/3392 3386/3386 3384/3384
f 3392/3392 3384/3384 3389/3389
f 3393/3393 3389/3389 3391/3391
f 3393/3393 3392/3392 3389/3389
f 3394/3394 3393/3393 3391/3391
f 3395/3395 3387/3387 3386/3386
f 3395/3395 3386/3386 3392/3392
f 3396/3396 3388/3388 3387/3387
f 3396/3396 3387/3387 3395/3395
f 3397/3397 3388/3388 3396/3396
f 3398/3398 3393/3393 3394/3394
f 3399/3399 3398/3398 3394/3394
f 3400/3400 3392/3392 3393/3393
f 3400/3400 3395/3395 3392/3392
f 3398/3398 3400/3400 3393/3393
f 3401/3401 3396/3396 3395/3395
f 3401/3401 3395/3395 3400/3400
f 3402/3402 3397/3397 3396/3396
f 3402/3402 3396/3396 3401/3401
f 3403/3403 3397/3397 3402/3402
f 3404/3404 3398/3398 3399/3399
f 3405/3405 3404/3404 3399/3399
f 3406/3406 3400/3400 3398/3398
f 3406/3406 3401/3401 3400/3400
f 3404/3404 3406/3406 3398/3398
f 3407/3407 3403/3403 3402/3402
f 3408/3408 3403/3403 3407/3407
f 3409/3409 3402/3402 3401/3401
f 3409/3409 3401/3401 3406/3406
f 3407/3407 3402/3402 3409/3409
f 3410/3410 3404/3404 3405/3405
f 3411/3411 3410/3410 3405/3405
f 3412/3412 3406/3406 3404/3404
f 3412/3412 3409/3409 3406/3406
f 3410/3410 3412/3412 3404/3404
f 3413/3413 3408/3408 3407/3407
f 3414/3414 3408/3408 3413/3413
f 3415/3415 3407/3407 3409/3409
f 3415/3415 3409/3409 3412/3412
f 3413/3413 3407/3407 3415/3415
f 3416/3416 3410/3410 3411/3411
f 3417/3417 3416/3416 3411/3411
f 3418/3418 3412/3412 3410/3410
f 3418/3418 3415/3415 3412/3412
f 3416/3416 3418/3418 3410/3410
f 3419/3419 3414/3414 3413/3413
f 3420/3420 3414/3414 3419/3419
f 3421/3421 3413/3413 3415/3415
f 3421/3421 3415/3415 3418/3418
f 3419/3419 3413/3413 3421/3421
f 3422/3422 3418/3418 3416/3416
f 3422/3422 3421/3421 3418/3418
f 3423/3423 3422/3422 3416/3416
f 3424/3424 3420/3420 3419/3419
f 3425/3425 3420/3420 3424/3424
f 3426/3426 3419/3419 3421/3421
f 3426/3426 3421/3421 3422/3422
f 3424/3424 3419/3419 3426/3426
f 3427/3427 3422/3422 3423/3423
f 3427/3427 3426/3426 3422/3422
f 3428/3428 3427/3427 3423/3423
f 3429/3429 3425/3425 3424/3424
f 3430/3430 3425/3425 3429/3429
f 3431/3431 3424/3424 3426/3426
f 3431/3431 3426/3426 3427/3427
f 3429/3429 3424/3424 3431/3431
f 3432/3432 3427/3427 3428/3428
f 3432/3432 3431/3431 3427/3427
f 3433/3433 3432/3432 3428/3428
f 3434/3434 3430/3430 3429/3429
f 3435/3435 3430/3430 3434/3434
f 3436/3436 3429/3429 3431/3431
f 3436/3436 3431/3431 3432/3432
f 3434/3434 3429/3429 3436/3436
f 3437/3437 3432/3432 3433/3433
f 3437/3437 3436/3436 3432/3432
f 3438/3438 3437/3437 3433/3433
f 3439/3439 3435/3435 3434/3434
f 3440/3440 3435/3435 3439/3439
f 3441/3441 3440/3440 3439/3439
f 3442/3442 3434/3434 3436/3436
f 3442/3442 3436/3436 3437/3437
f 3439/3439 3434/3434 3442/3442
f 3443/3443 3437/3437 3438/3438
f 3443/3443 3442/3442 3437/3437
f 3444/3444 3443/3443 3438/3438
f 3441/3441 3439/3439 3445/3445
f 3445/3445 3439/3439 3442/3442
f 3445/3445 3442/3442 3443/3443
f 3446/3446 3441/3441 3445/3445
f 3447/3447 3443/3443 3444/3444
f 3447/3447 3445/3445 3443/3443
f 3446/3446 3445/3445 3447/3447
f 3448/3448 3447/3447 3444/3444
f 3449/3449 3446/3446 3447/3447
f 3449/3449 3447/3447 3448/3448
f 3450/3450 3449/3449 3448/3448
f 3451/3451 3452/3452 3453/3453
f 3452/3452 3454/3454 3453/3453
f 3453/3453 3454/3454 3455/3455
f 3452/3452 3456/3456 3454/3454
f 3454/3454 3457/3457 3455/3455
f 3455/3455 3457/3457 3458/3458
f 3456/3456 3459/3459 3454/3454
f 3454/3454 3459/3459 3457/3457
f 3456/3456 3460/3460 3459/3459
f 3457/3457 3461/3461 3458/3458
f 3458/3458 3461/3461 3462/3462
f 3461/3461 3463/3463 3462/3462
f 3459/3459 3464/3464 3457/3457
f 3457/3457 3464/3464 3461/3461
f 3460/3460 3465/3465 3459/3459
f 3459/3459 3465/3465 3464/3464
f 3460/3460 3466/3466 3465/3465
f 3461/3461 3467/3467 3463/3463
f 3464/3464 3467/3467 3461/3461
f 3467/3467 3468/3468 3463/3463
f 3465/3465 3469/3469 3464/3464
f 3464/3464 3469/3469 3467/3467
f 3466/3466 3470/3470 3465/3465
f 3465/3465 3470/3470 3469/3469
f 3466/3466 3471/3471 3470/3470
f 3467/3467 3472/3472 3468/3468
f 3469/3469 3472/3472 3467/3467
f 3472/3472 3473/3473 3468/3468
f 3470/3470 3474/3474 3469/3469
f 3469/3469 3474/3474 3472/3472
f 3471/3471 3475/3475 3470/3470
f 3470/3470 3475/3475 3474/3474
f 3471/3471 3476/3476 3475/3475
f 3476/3476 3477/3477 3475/3475
f 3472/3472 3478/3478 3473/3473
f 3474/3474 3478/3478 3472/3472
f 3478/3478 3479/3479 3473/3473
f 3475/3475 3480/3480 3474/3474
f 3475/3475 3477/3477 3480/3480
f 3474/3474 3480/3480 3478/3478
f 3477/3477 3481/3481 3480/3480
f 3478/3478 3482/3482 3479/3479
f 3480/3480 3482/3482 3478/3478
f 3480/3480 3481/3481 3482/3482
f 3482/3482 3483/3483 3479/3479
f 3481/3481 3484/3484 3482/3482
f 3482/3482 3484/3484 3483/3483
f 3484/3484 3485/3485 3483/3483
f 3486/3486 3487/3487 3488/3488
f 3489/3489 3486/3486 3488/3488
f 3489/3489 3488/3488 3490/3490
f 3491/3491 3486/3486 3489/3489
f 3492/3492 3489/3489 3490/3490
f 3492/3492 3490/3490 3493/3493
f 3494/3494 3491/3491 3489/3489
f 3494/3494 3489/3489 3492/3492
f 3495/3495 3491/3491 3494/3494
f 3496/3496 3492/3492 3493/3493
f 3496/3496 3493/3493 3497/3497
f 3498/3498 3494/3494 3492/3492
f 3498/3498 3492/3492 3496/3496
f 3499/3499 3495/3495 3494/3494
f 3499/3499 3494/3494 3498/3498
f 3500/3500 3495/3495 3499/3499
f 3501/3501 3496/3496 3497/3497
f 3501/3501 3497/3497 3502/3502
f 3503/3503 3498/3498 3496/3496
f 3503/3503 3496/3496 3501/3501
f 3504/3504 3500/3500 3499/3499
f 3505/3505 3500/3500 3504/3504
f 3506/3506 3499/3499 3498/3498
f 3506/3506 3498/3498 3503/3503
f 3504/3504 3499/3499 3506/3506
f 3507/3507 3501/3501 3502/3502
f 3507/3507 3502/3502 3508/3508
f 3509/3509 3507/3507 3508/3508
f 3510/3510 3505/3505 3504/3504
f 3511/3511 3505/3505 3510/3510
f 3512/3512 3503/3503 3501/3501
f 3512/3512 3501/3501 3507/3507
f 3513/3513 3507/3507 3509/3509
f 3513/3513 3512/3512 3507/3507
f 3514/3514 3513/3513 3509/3509
f 3515/3515 3504/3504 3506/3506
f 3510/3510 3504/3504 3515/3515
f 3516/3516 3506/3506 3503/3503
f 3516/3516 3503/3503 3512/3512
f 3515/3515 3506/3506 3516/3516
f 3517/3517 3511/3511 3510/3510
f 3518/3518 3511/3511 3517/3517
f 3519/3519 3513/3513 3514/3514
f 3520/3520 3519/3519 3514/3514
f 3521/3521 3512/3512 3513/3513
f 3521/3521 3516/3516 3512/3512
f 3519/3519 3521/3521 3513/3513
f 3522/3522 3510/3510 3515/3515
f 3517/3517 3510/3510 3522/3522
f 3523/3523 3515/3515 3516/3516
f 3523/3523 3516/3516 3521/3521
f 3522/3522 3515/3515 3523/3523
f 3524/3524 3518/3518 3517/3517
f 3525/3525 3518/3518 3524/3524
f 3526/3526 3519/3519 3520/3520
f 3527/3527 3526/3526 3520/3520
f 3528/3528 3521/3521 3519/3519
f 3528/3528 3523/3523 3521/3521
f 3526/3526 3528/3528 3519/3519
f 3529/3529 3522/3522 3523/3523
f 3529/3529 3523/3523 3528/3528
f 3530/3530 3517/3517 3522/3522
f 3524/3524 3517/3517 3530/3530
f 3530/3530 3522/3522 3529/3529
f 3531/3531 3525/3525 3524/3524
f 3532/3532 3525/3525 3531/3531
f 3533/3533 3526/3526 3527/3527
f 3534/3534 3533/3533 3527/3527
f 3535/3535 3528/3528 3526/3526
f 3535/3535 3529/3529 3528/3528
f 3533/3533 3535/3535 3526/3526
f 3536/3536 3530/3530 3529/3529
f 3536/3536 3529/3529 3535/3535
f 3537/3537 3524/3524 3530/3530
f 3531/3531 3524/3524 3537/3537
f 3537/3537 3530/3530 3536/3536
f 3538/3538 3532/3532 3531/3531
f 3539/3539 3532/3532 3538/3538
f 3540/3540 3533/3533 3534/3534
f 3541/3541 3540/3540 3534/3534
f 3542/3542 3535/3535 3533/3533
f 3542/3542 3536/3536 3535/3535
f 3540/3540 3542/3542 3533/3533
f 3543/3543 3537/3537 3536/3536
f 3543/3543 3536/3536 3542/3542
f 3544/3544 3531/3531 3537/3537
f 3538/3538 3531/3531 3544/3544
f 3544/3544 3537/3537 3543/3543
f 3545/3545 3539/3539 3538/3538
f 3546/3546 3539/3539 3545/3545
f 3547/3547 3540/3540 3541/3541
f 3548/3548 3547/3547 3541/3541
f 3549/3549 3542/3542 3540/3540
f 3549/3549 3543/3543 3542/3542
f 3547/3547 3549/3549 3540/3540
f 3550/3550 3544/3544 3543/3543
f 3550/3550 3543/3543 3549/3549
f 3551/3551 3538/3538 3544/3544
f 3545/3545 3538/3538 3551/3551
f 3551/3551 3544/3544 3550/3550
f 3552/3552 3546/3546 3545/3545
f 3553/3553 3546/3546 3552/3552
f 3554/3554 3547/3547 3548/3548
f 3555/3555 3554/3554 3548/3548
f 3556/3556 3549/3549 3547/3547
f 3556/3556 3550/3550 3549/3549
f 3554/3554 3556/3556 3547/3547
f 3557/3557 3551/3551 3550/3550
f 3557/3557 3550/3550 3556/3556
f 3558/3558 3545/3545 3551/3551
f 3552/3552 3545/3545 3558/3558
f 3558/3558 3551/3551 3557/3557
f 3559/3559 3553/3553 3552/3552
f 3560/3560 3553/3553 3559/3559
f 3561/3561 3554/3554 3555/3555
f 3562/3562 3561/3561 3555/3555
f 3563/3563 3556/3556 3554/3554
f 3563/3563 3557/3557 3556/3556
f 3561/3561 3563/3563 3554/3554
f 3564/3564 3558/3558 3557/3557
f 3564/3564 3557/3557 3563/3563
f 3565/3565 3552/3552 3558/3558
f 3559/3559 3552/3552 3565/3565
f 3565/3565 3558/3558 3564/3564
f 3566/3566 3560/3560 3559/3559
f 3567/3567 3560/3560 3566/3566
f 3568/3568 3561/3561 3562/3562
f 3569/3569 3568/3568 3562/3562
f 3570/3570 3563/3563 3561/3561
f 3570/3570 3564/3564 3563/3563
f 3568/3568 3570/3570 3561/3561
f 3571/3571 3565/3565 3564/3564
f 3571/3571 3564/3564 3570/3570
f 3572/3572 3559/3559 3565/3565
f 3566/3566 3559/3559 3572/3572
f 3572/3572 3565/3565 3571/3571
f 3573/3573 3567/3567 3566/3566
f 3574/3574 3567/3567 3573/3573
f 3575/3575 3568/3568 3569/3569
f 3576/3576 3575/3575 3569/3569
f 3577/3577 3570/3570 3568/3568
f 3577/3577 3571/3571 3570/3570
f 3575/3575 3577/3577 3568/3568
f 3578/3578 3566/3566 3572/3572
f 3573/3573 3566/3566 3578/3578
f 3579/3579 3572/3572 3571/3571
f 3579/3579 3571/3571 3577/3577
f 3578/3578 3572/3572 3579/3579
f 3580/3580 3574/3574 3573/3573
f 3581/3581 3574/3574 3580/3580
f 3582/3582 3575/3575 3576/3576
f 3583/3583 3582/3582 3576/3576
f 3584/3584 3577/3577 3575/3575
f 3584/3584 3579/3579 3577/3577
f 3582/3582 3584/3584 3575/3575
f 3585/3585 3578/3578 3579/3579
f 3585/3585 3579/3579 3584/3584
f 3586/3586 3573/3573 3578/3578
f 3580/3580 3573/3573 3586/3586
f 3586/3586 3578/3578 3585/3585
f 3587/3587 3581/3581 3580/3580
f 3588/3588 3581/3581 3587/3587
f 3589/3589 3582/3582 3583/3583
f 3590/3590 3589/3589 3583/3583
f 3591/3591 3584/3584 3582/3582
f 3591/3591 3585/3585 3584/3584
f 3589/3589 3591/3591 3582/3582
f 3592/3592 3586/3586 3585/3585
f 3592/3592 3585/3585 3591/3591
f 3593/3593 3580/3580 3586/3586
f 3587/3587 3580/3580 3593/3593
f 3593/3593 3586/3586 3592/3592
f 3594/3594 3588/3588 3587/3587
f 3595/3595 3588/3588 3594/3594
f 3596/3596 3589/3589 3590/3590
f 3597/3597 3596/3596 3590/3590
f 3598/3598 3591/3591 3589/3589
f 3598/3598 3592/3592 3591/3591
f 3596/3596 3598/3598 3589/3589
f 3599/3599 3593/3593 3592/3592
f 3599/3599 3592/3592 3598/3598
f 3600/3600 3587/3587 3593/3593
f 3594/3594 3587/3587 3600/3600
f 3600/3600 3593/3593 3599/3599
f 3601/3601 3595/3595 3594/3594
f 3602/3602 3595/3595 3601/3601
f 3603/3603 3602/3602 3601/3601
f 3604/3604 3596/3596 3597/3597
f 3605/3605 3604/3604 3597/3597
f 3606/3606 3598/3598 3596/3596
f 3606/3606 3599/3599 3598/3598
f 3604/3604 3606/3606 3596/3596
f 3607/3607 3600/3600 3599/3599
f 3607/3607 3599/3599 3606/3606
f 3608/3608 3594/3594 3600/3600
f 3601/3601 3594/3594 3608/3608
f 3608/3608 3600/3600 3607/3607
f 3603/3603 3601/3601 3609/3609
f 3609/3609 3601/3601 3608/3608
f 3610/3610 3603/3603 3609/3609
f 3611/3611 3604/3604 3605/3605
f 3612/3612 3611/3611 3605/3605
f 3613/3613 3606/3606 3604/3604
f 3613/3613 3607/3607 3606/3606
f 3611/3611 3613/3613 3604/3604
f 3614/3614 3608/3608 3607/3607
f 3609/3609 3608/3608 3614/3614
f 3614/3614 3607/3607 3613/3613
f 3610/3610 3609/3609 3615/3615
f 3615/3615 3609/3609 3614/3614
f 3616/3616 3610/3610 3615/3615
f 3617/3617 3614/3614 3613/3613
f 3617/3617 3613/3613 3611/3611
f 3615/3615 3614/3614 3617/3617
f 3618/3618 3611/3611 3612/3612
f 3618/3618 3617/3617 3611/3611
f 3619/3619 3618/3618 3612/3612
f 3616/3616 3615/3615 3620/3620
f 3620/3620 3615/3615 3617/3617
f 3620/3620 3617/3617 3618/3618
f 3621/3621 3616/3616 3620/3620
f 3622/3622 3618/3618 3619/3619
f 3622/3622 3620/3620 3618/3618
f 3621/3621 3620/3620 3622/3622
f 3623/3623 3622/3622 3619/3619
f 3624/3624 3621/3621 3622/3622
f 3624/3624 3622/3622 3623/3623
f 3625/3625 3624/3624 3623/3623
f 3626/3626 3627/3627 3628/3628
f 3627/3627 3629/3629 3628/3628
f 3628/3628 3629/3629 3630/3630
f 3627/3627 3631/3631 3629/3629
f 3629/3629 3632/3632 3630/3630
f 3630/3630 3632/3632 3633/3633
f 3631/3631 3634/3634 3629/3629
f 3629/3629 3634/3634 3632/3632
f 3631/3631 3635/3635 3634/3634
f 3632/3632 3636/3636 3633/3633
f 3633/3633 3636/3636 3637/3637
f 3635/3635 3638/3638 3634/3634
f 3635/3635 3639/3639 3638/3638
f 3634/3634 3640/3640 3632/3632
f 3632/3632 3640/3640 3636/3636
f 3634/3634 3638/3638 3640/3640
f 3636/3636 3641/3641 3637/3637
f 3637/3637 3641/3641 3642/3642
f 3639/3639 3643/3643 3638/3638
f 3639/3639 3644/3644 3643/3643
f 3640/3640 3645/3645 3636/3636
f 3636/3636 3645/3645 3641/3641
f 3638/3638 3646/3646 3640/3640
f 3638/3638 3643/3643 3646/3646
f 3640/3640 3646/3646 3645/3645
f 3641/3641 3647/3647 3642/3642
f 3642/3642 3647/3647 3648/3648
f 3647/3647 3649/3649 3648/3648
f 3644/3644 3650/3650 3643/3643
f 3644/3644 3651/3651 3650/3650
f 3651/3651 3652/3652 3650/3650
f 3645/3645 3653/3653 3641/3641
f 3641/3641 3653/3653 3647/3647
f 3646/3646 3654/3654 3645/3645
f 3645/3645 3654/3654 3653/3653
f 3643/3643 3655/3655 3646/3646
f 3643/3643 3650/3650 3655/3655
f 3646/3646 3655/3655 3654/3654
f 3650/3650 3652/3652 3656/3656
f 3650/3650 3656/3656 3655/3655
f 3652/3652 3657/3657 3656/3656
f 3647/3647 3658/3658 3649/3649
f 3653/3653 3658/3658 3647/3647
f 3654/3654 3659/3659 3653/3653
f 3653/3653 3659/3659 3658/3658
f 3655/3655 3660/3660 3654/3654
f 3655/3655 3656/3656 3660/3660
f 3654/3654 3660/3660 3659/3659
f 3656/3656 3657/3657 3661/3661
f 3656/3656 3661/3661 3660/3660
f 3657/3657 3662/3662 3661/3661
f 3658/3658 3663/3663 3649/3649
f 3649/3649 3663/3663 3664/3664
f 3659/3659 3665/3665 3658/3658
f 3658/3658 3665/3665 3663/3663
f 3660/3660 3666/3666 3659/3659
f 3660/3660 3661/3661 3666/3666
f 3659/3659 3666/3666 3665/3665
f 3661/3661 3662/3662 3667/3667
f 3661/3661 3667/3667 3666/3666
f 3662/3662 3668/3668 3667/3667
f 3663/3663 3669/3669 3664/3664
f 3664/3664 3669/3669 3670/3670
f 3665/3665 3671/3671 3663/3663
f 3663/3663 3671/3671 3669/3669
f 3666/3666 3672/3672 3665/3665
f 3666/3666 3667/3667 3672/3672
f 3665/3665 3672/3672 3671/3671
f 3667/3667 3668/3668 3673/3673
f 3667/3667 3673/3673 3672/3672
f 3668/3668 3674/3674 3673/3673
f 3669/3669 3675/3675 3670/3670
f 3670/3670 3675/3675 3676/3676
f 3671/3671 3677/3677 3669/3669
f 3669/3669 3677/3677 3675/3675
f 3672/3672 3678/3678 3671/3671
f 3672/3672 3673/3673 3678/3678
f 3671/3671 3678/3678 3677/3677
f 3673/3673 3674/3674 3679/3679
f 3673/3673 3679/3679 3678/3678
f 3674/3674 3680/3680 3679/3679
f 3675/3675 3681/3681 3676/3676
f 3676/3676 3681/3681 3682/3682
f 3681/3681 3683/3683 3682/3682
f 3677/3677 3684/3684 3675/3675
f 3675/3675 3684/3684 3681/3681
f 3678/3678 3685/3685 3677/3677
f 3678/3678 3679/3679 3685/3685
f 3677/3677 3685/3685 3684/3684
f 3679/3679 3680/3680 3686/3686
f 3679/3679 3686/3686 3685/3685
f 3680/3680 3687/3687 3686/3686
f 3681/3681 3688/3688 3683/3683
f 3684/3684 3688/3688 3681/3681
f 3688/3688 3689/3689 3683/3683
f 3685/3685 3690/3690 3684/3684
f 3685/3685 3686/3686 3690/3690
f 3684/3684 3690/3690 3688/3688
f 3686/3686 3687/3687 3691/3691
f 3686/3686 3691/3691 3690/3690
f 3687/3687 3692/3692 3691/3691
f 3688/3688 3693/3693 3689/3689
f 3690/3690 3693/3693 3688/3688
f 3690/3690 3691/3691 3693/3693
f 3693/3693 3694/3694 3689/3689
f 3691/3691 3695/3695 3693/3693
f 3691/3691 3692/3692 3695/3695
f 3692/3692 3696/3696 3695/3695
f 3697/3697 3698/3698 3699/3699
f 3698/3698 3700/3700 3699/3699
f 3699/3699 3700/3700 3701/3701
f 3700/3700 3702/3702 3701/3701
f 3701/3701 3702/3702 3703/3703
f 3702/3702 3704/3704 3703/3703
f 3703/3703 3704/3704 3705/3705
f 3704/3704 3706/3706 3705/3705
f 3705/3705 3706/3706 3707/3707
f 3706/3706 3708/3708 3707/3707
f 3707/3707 3708/3708 3709/3709
f 3708/3708 3710/3710 3709/3709
f 3709/3709 3710/3710 3711/3711
f 3710/3710 3712/3712 3711/3711
f 3711/3711 3712/3712 3713/3713
f 3712/3712 3714/3714 3713/3713
f 3713/3713 3714/3714 3715/3715
f 3714/3714 3716/3716 3715/3715
f 3715/3715 3716/3716 3717/3717
f 3716/3716 3718/3718 3717/3717
f 3717/3717 3718/3718 3719/3719
f 3718/3718 3720/3720 3719/3719
f 3719/3719 3720/3720 3721/3721
f 3720/3720 3722/3722 3721/3721
f 3721/3721 3722/3722 3723/3723
f 3722/3722 3724/3724 3723/3723
f 3723/3723 3724/3724 3725/3725
f 3724/3724 3726/3726 3725/3725
f 3725/3725 3726/3726 3727/3727
f 3726/3726 3728/3728 3727/3727
f 3727/3727 3728/3728 3729/3729
f 3728/3728 3730/3730 3729/3729
f 3729/3729 3730/3730 3731/3731
f 3730/3730 3732/3732 3731/3731
f 3731/3731 3732/3732 3733/3733
f 3732/3732 3734/3734 3733/3733
f 3733/3733 3734/3734 3735/3735
f 3734/3734 3736/3736 3735/3735
f 3735/3735 3736/3736 3737/3737
f 3736/3736 3738/3738 3737/3737
f 3737/3737 3738/3738 3739/3739
f 3738/3738 3740/3740 3739/3739
f 3739/3739 3740/3740 3741/3741
f 3740/3740 3742/3742 3741/3741
f 3741/3741 3742/3742 3743/3743
f 3742/3742 3744/3744 3743/3743
f 3743/3743 3744/3744 3745/3745
f 3744/3744 3746/3746 3745/3745
f 3745/3745 3746/3746 3747/3747
f 3746/3746 3748/3748 3747/3747
f 3747/3747 3748/3748 3749/3749
f 3748/3748 3750/3750 3749/3749
f 3749/3749 3750/3750 3751/3751
f 3750/3750 3752/3752 3751/3751
f 3751/3751 3752/3752 3753/3753
f 3752/3752 3754/3754 3753/3753
f 3740/3740 3755/3755 3742/3742
f 3742/3742 3756/3756 3744/3744
f 3755/3755 3756/3756 3742/3742
f 3744/3744 3757/3757 3746/3746
f 3756/3756 3757/3757 3744/3744
f 3746/3746 3758/3758 3748/3748
f 3757/3757 3758/3758 3746/3746
f 3748/3748 3759/3759 3750/3750
f 3758/3758 3759/3759 3748/3748
f 3750/3750 3760/3760 3752/3752
f 3759/3759 3760/3760 3750/3750
f 3752/3752 3761/3761 3754/3754
f 3760/3760 3761/3761 3752/3752
f 3762/3762 3755/3755 3740/3740
f 3738/3738 3762/3762 3740/3740
f 3761/3761 3763/3763 3754/3754
f 3754/3754 3763/3763 3764/3764
f 3765/3765 3762/3762 3738/3738
f 3736/3736 3765/3765 3738/3738
f 3763/3763 3766/3766 3764/3764
f 3764/3764 3766/3766 3767/3767
f 3766/3766 3768/3768 3767/3767
f 3766/3766 3769/3769 3768/3768
f 3769/3769 3770/3770 3768/3768
f 3763/3763 3771/3771 3766/3766
f 3771/3771 3769/3769 3766/3766
f 3761/3761 3772/3772 3763/3763
f 3772/3772 3771/3771 3763/3763
f 3769/3769 3773/3773 3770/3770
f 3773/3773 3774/3774 3770/3770
f 3771/3771 3775/3775 3769/3769
f 3775/3775 3773/3773 3769/3769
f 3773/3773 3776/3776 3774/3774
f 3776/3776 3777/3777 3774/3774
f 3778/3778 3772/3772 3761/3761
f 3760/3760 3778/3778 3761/3761
f 3772/3772 3779/3779 3771/3771
f 3779/3779 3775/3775 3771/3771
f 3775/3775 3780/3780 3773/3773
f 3780/3780 3776/3776 3773/3773
f 3776/3776 3781/3781 3777/3777
f 3781/3781 3782/3782 3777/3777
f 3781/3781 3783/3783 3782/3782
f 3783/3783 3784/3784 3782/3782
f 3785/3785 3783/3783 3781/3781
f 3786/3786 3781/3781 3776/3776
f 3786/3786 3785/3785 3781/3781
f 3780/3780 3786/3786 3776/3776
f 3787/3787 3785/3785 3786/3786
f 3788/3788 3787/3787 3786/3786
f 3788/3788 3786/3786 3780/3780
f 3789/3789 3787/3787 3788/3788
f 3790/3790 3780/3780 3775/3775
f 3790/3790 3788/3788 3780/3780
f 3779/3779 3790/3790 3775/3775
f 3791/3791 3789/3789 3788/3788
f 3791/3791 3788/3788 3790/3790
f 3792/3792 3789/3789 3791/3791
f 3793/3793 3790/3790 3779/3779
f 3793/3793 3791/3791 3790/3790
f 3794/3794 3792/3792 3791/3791
f 3794/3794 3791/3791 3793/3793
f 3795/3795 3792/3792 3794/3794
f 3796/3796 3793/3793 3779/3779
f 3796/3796 3779/3779 3772/3772
f 3778/3778 3796/3796 3772/3772
f 3797/3797 3794/3794 3793/3793
f 3797/3797 3793/3793 3796/3796
f 3798/3798 3795/3795 3794/3794
f 3798/3798 3794/3794 3797/3797
f 3799/3799 3795/3795 3798/3798
f 3800/3800 3796/3796 3778/3778
f 3800/3800 3797/3797 3796/3796
f 3801/3801 3798/3798 3797/3797
f 3801/3801 3797/3797 3800/3800
f 3802/3802 3799/3799 3798/3798
f 3802/3802 3798/3798 3801/3801
f 3803/3803 3799/3799 3802/3802
f 3804/3804 3800/3800 3778/3778
f 3804/3804 3778/3778 3760/3760
f 3759/3759 3804/3804 3760/3760
f 3805/3805 3801/3801 3800/3800
f 3805/3805 3800/3800 3804/3804
f 3806/3806 3804/3804 3759/3759
f 3806/3806 3805/3805 3804/3804
f 3758/3758 3806/3806 3759/3759
f 3807/3807 3802/3802 3801/3801
f 3807/3807 3801/3801 3805/3805
f 3808/3808 3803/3803 3802/3802
f 3808/3808 3802/3802 3807/3807
f 3809/3809 3803/3803 3808/3808
f 3810/3810 3806/3806 3758/3758
f 3757/3757 3810/3810 3758/3758
f 3811/3811 3805/3805 3806/3806
f 3811/3811 3807/3807 3805/3805
f 3810/3810 3811/3811 3806/3806
f 3812/3812 3808/3808 3807/3807
f 3812/3812 3807/3807 3811/3811
f 3813/3813 3809/3809 3808/3808
f 3813/3813 3808/3808 3812/3812
f 3814/3814 3809/3809 3813/3813
f 3815/3815 3810/3810 3757/3757
f 3756/3756 3815/3815 3757/3757
f 3816/3816 3811/3811 3810/3810
f 3816/3816 3812/3812 3811/3811
f 3815/3815 3816/3816 3810/3810
f 3817/3817 3813/3813 3812/3812
f 3817/3817 3812/3812 3816/3816
f 3818/3818 3814/3814 3813/3813
f 3818/3818 3813/3813 3817/3817
f 3819/3819 3814/3814 3818/3818
f 3820/3820 3815/3815 3756/3756
f 3755/3755 3820/3820 3756/3756
f 3821/3821 3816/3816 3815/3815
f 3821/3821 3817/3817 3816/3816
f 3820/3820 3821/3821 3815/3815
f 3822/3822 3819/3819 3818/3818
f 3823/3823 3819/3819 3822/3822
f 3824/3824 3818/3818 3817/3817
f 3824/3824 3817/3817 3821/3821
f 3822/3822 3818/3818 3824/3824
f 3825/3825 3820/3820 3755/3755
f 3762/3762 3825/3825 3755/3755
f 3826/3826 3821/3821 3820/3820
f 3826/3826 3824/3824 3821/3821
f 3825/3825 3826/3826 3820/3820
f 3827/3827 3823/3823 3822/3822
f 3828/3828 3823/3823 3827/3827
f 3829/3829 3822/3822 3824/3824
f 3829/3829 3824/3824 3826/3826
f 3827/3827 3822/3822 3829/3829
f 3830/3830 3825/3825 3762/3762
f 3765/3765 3830/3830 3762/3762
f 3831/3831 3826/3826 3825/3825
f 3831/3831 3829/3829 3826/3826
f 3830/3830 3831/3831 3825/3825
f 3832/3832 3828/3828 3827/3827
f 3833/3833 3828/3828 3832/3832
f 3834/3834 3827/3827 3829/3829
f 3834/3834 3829/3829 3831/3831
f 3832/3832 3827/3827 3834/3834
f 3835/3835 3831/3831 3830/3830
f 3835/3835 3834/3834 3831/3831
f 3836/3836 3830/3830 3765/3765
f 3836/3836 3835/3835 3830/3830
f 3837/3837 3833/3833 3832/3832
f 3838/3838 3833/3833 3837/3837
f 3839/3839 3832/3832 3834/3834
f 3839/3839 3834/3834 3835/3835
f 3837/3837 3832/3832 3839/3839
f 3840/3840 3838/3838 3837/3837
f 3841/3841 3838/3838 3840/3840
f 3842/3842 3839/3839 3835/3835
f 3842/3842 3835/3835 3836/3836
f 3843/3843 3837/3837 3839/3839
f 3840/3840 3837/3837 3843/3843
f 3843/3843 3839/3839 3842/3842
f 3844/3844 3836/3836 3765/3765
f 3844/3844 3765/3765 3736/3736
f 3734/3734 3844/3844 3736/3736
f 3845/3845 3841/3841 3840/3840
f 3846/3846 3841/3841 3845/3845
f 3847/3847 3842/3842 3836/3836
f 3847/3847 3836/3836 3844/3844
f 3848/3848 3844/3844 3734/3734
f 3848/3848 3847/3847 3844/3844
f 3732/3732 3848/3848 3734/3734
f 3849/3849 3843/3843 3842/3842
f 3849/3849 3842/3842 3847/3847
f 3850/3850 3840/3840 3843/3843
f 3845/3845 3840/3840 3850/3850
f 3850/3850 3843/3843 3849/3849
f 3851/3851 3846/3846 3845/3845
f 3852/3852 3846/3846 3851/3851
f 3853/3853 3848/3848 3732/3732
f 3730/3730 3853/3853 3732/3732
f 3854/3854 3847/3847 3848/3848
f 3854/3854 3849/3849 3847/3847
f 3853/3853 3854/3854 3848/3848
f 3855/3855 3850/3850 3849/3849
f 3855/3855 3849/3849 3854/3854
f 3856/3856 3845/3845 3850/3850
f 3851/3851 3845/3845 3856/3856
f 3856/3856 3850/3850 3855/3855
f 3857/3857 3852/3852 3851/3851
f 3858/3858 3852/3852 3857/3857
f 3859/3859 3853/3853 3730/3730
f 3728/3728 3859/3859 3730/3730
f 3860/3860 3854/3854 3853/3853
f 3860/3860 3855/3855 3854/3854
f 3859/3859 3860/3860 3853/3853
f 3861/3861 3856/3856 3855/3855
f 3861/3861 3855/3855 3860/3860
f 3862/3862 3851/3851 3856/3856
f 3857/3857 3851/3851 3862/3862
f 3862/3862 3856/3856 3861/3861
f 3863/3863 3858/3858 3857/3857
f 3864/3864 3858/3858 3863/3863
f 3865/3865 3859/3859 3728/3728
f 3726/3726 3865/3865 3728/3728
f 3866/3866 3860/3860 3859/3859
f 3866/3866 3861/3861 3860/3860
f 3865/3865 3866/3866 3859/3859
f 3867/3867 3862/3862 3861/3861
f 3867/3867 3861/3861 3866/3866
f 3868/3868 3857/3857 3862/3862
f 3863/3863 3857/3857 3868/3868
f 3868/3868 3862/3862 3867/3867
f 3869/3869 3864/3864 3863/3863
f 3870/3870 3864/3864 3869/3869
f 3871/3871 3865/3865 3726/3726
f 3724/3724 3871/3871 3726/3726
f 3872/3872 3866/3866 3865/3865
f 3872/3872 3867/3867 3866/3866
f 3871/3871 3872/3872 3865/3865
f 3873/3873 3863/3863 3868/3868
f 3869/3869 3863/3863 3873/3873
f 3874/3874 3868/3868 3867/3867
f 3874/3874 3867/3867 3872/3872
f 3873/3873 3868/3868 3874/3874
f 3875/3875 3870/3870 3869/3869
f 3876/3876 3870/3870 3875/3875
f 3877/3877 3871/3871 3724/3724
f 3722/3722 3877/3877 3724/3724
f 3878/3878 3872/3872 3871/3871
f 3878/3878 3874/3874 3872/3872
f 3877/3877 3878/3878 3871/3871
f 3879/3879 3873/3873 3874/3874
f 3879/3879 3874/3874 3878/3878
f 3880/3880 3869/3869 3873/3873
f 3875/3875 3869/3869 3880/3880
f 3880/3880 3873/3873 3879/3879
f 3881/3881 3876/3876 3875/3875
f 3882/3882 3876/3876 3881/3881
f 3883/3883 3877/3877 3722/3722
f 3720/3720 3883/3883 3722/3722
f 3884/3884 3878/3878 3877/3877
f 3884/3884 3879/3879 3878/3878
f 3883/3883 3884/3884 3877/3877
f 3885/3885 3880/3880 3879/3879
f 3885/3885 3879/3879 3884/3884
f 3886/3886 3875/3875 3880/3880
f 3881/3881 3875/3875 3886/3886
f 3886/3886 3880/3880 3885/3885
f 3887/3887 3882/3882 3881/3881
f 3888/3888 3882/3882 3887/3887
f 3889/3889 3883/3883 3720/3720
f 3718/3718 3889/3889 3720/3720
f 3890/3890 3884/3884 3883/3883
f 3890/3890 3885/3885 3884/3884
f 3889/3889 3890/3890 3883/3883
f 3891/3891 3886/3886 3885/3885
f 3891/3891 3885/3885 3890/3890
f 3892/3892 3881/3881 3886/3886
f 3887/3887 3881/3881 3892/3892
f 3892/3892 3886/3886 3891/3891
f 3893/3893 3888/3888 3887/3887
f 3894/3894 3888/3888 3893/3893
f 3895/3895 3889/3889 3718/3718
f 3716/3716 3895/3895 3718/3718
f 3896/3896 3890/3890 3889/3889
f 3896/3896 3891/3891 3890/3890
f 3895/3895 3896/3896 3889/3889
f 3897/3897 3892/3892 3891/3891
f 3897/3897 3891/3891 3896/3896
f 3898/3898 3887/3887 3892/3892
f 3893/3893 3887/3887 3898/3898
f 3898/3898 3892/3892 3897/3897
f 3899/3899 3894/3894 3893/3893
f 3900/3900 3894/3894 3899/3899
f 3901/3901 3895/3895 3716/3716
f 3714/3714 3901/3901 3716/3716
f 3902/3902 3896/3896 3895/3895
f 3902/3902 3897/3897 3896/3896
f 3901/3901 3902/3902 3895/3895
f 3903/3903 3898/3898 3897/3897
f 3903/3903 3897/3897 3902/3902
f 3904/3904 3893/3893 3898/3898
f 3899/3899 3893/3893 3904/3904
f 3904/3904 3898/3898 3903/3903
f 3905/3905 3900/3900 3899/3899
f 3906/3906 3900/3900 3905/3905
f 3907/3907 3901/3901 3714/3714
f 3712/3712 3907/3907 3714/3714
f 3908/3908 3902/3902 3901/3901
f 3908/3908 3903/3903 3902/3902
f 3907/3907 3908/3908 3901/3901
f 3909/3909 3904/3904 3903/3903
f 3909/3909 3903/3903 3908/3908
f 3910/3910 3899/3899 3904/3904
f 3905/3905 3899/3899 3910/3910
f 3910/3910 3904/3904 3909/3909
f 3911/3911 3906/3906 3905/3905
f 3912/3912 3906/3906 3911/3911
f 3913/3913 3907/3907 3712/3712
f 3710/3710 3913/3913 3712/3712
f 3914/3914 3908/3908 3907/3907
f 3914/3914 3909/3909 3908/3908
f 3913/3913 3914/3914 3907/3907
f 3915/3915 3905/3905 3910/3910
f 3911/3911 3905/3905 3915/3915
f 3916/3916 3910/3910 3909/3909
f 3916/3916 3909/3909 3914/3914
f 3915/3915 3910/3910 3916/3916
f 3917/3917 3912/3912 3911/3911
f 3918/3918 3912/3912 3917/3917
f 3919/3919 3913/3913 3710/3710
f 3708/3708 3919/3919 3710/3710
f 3920/3920 3914/3914 3913/3913
f 3920/3920 3916/3916 3914/3914
f 3919/3919 3920/3920 3913/3913
f 3921/3921 3911/3911 3915/3915
f 3917/3917 3911/3911 3921/3921
f 3922/3922 3915/3915 3916/3916
f 3922/3922 3916/3916 3920/3920
f 3921/3921 3915/3915 3922/3922
f 3923/3923 3918/3918 3917/3917
f 3924/3924 3918/3918 3923/3923
f 3925/3925 3919/3919 3708/3708
f 3706/3706 3925/3925 3708/3708
f 3926/3926 3920/3920 3919/3919
f 3926/3926 3922/3922 3920/3920
f 3925/3925 3926/3926 3919/3919
f 3927/3927 3921/3921 3922/3922
f 3927/3927 3922/3922 3926/3926
f 3928/3928 3917/3917 3921/3921
f 3923/3923 3917/3917 3928/3928
f 3928/3928 3921/3921 3927/3927
f 3929/3929 3924/3924 3923/3923
f 3930/3930 3924/3924 3929/3929
f 3931/3931 3925/3925 3706/3706
f 3704/3704 3931/3931 3706/3706
f 3932/3932 3926/3926 3925/3925
f 3932/3932 3927/3927 3926/3926
f 3931/3931 3932/3932 3925/3925
f 3933/3933 3928/3928 3927/3927
f 3933/3933 3927/3927 3932/3932
f 3934/3934 3923/3923 3928/3928
f 3929/3929 3923/3923 3934/3934
f 3934/3934 3928/3928 3933/3933
f 3935/3935 3930/3930 3929/3929
f 3936/3936 3930/3930 3935/3935
f 3937/3937 3931/3931 3704/3704
f 3702/3702 3937/3937 3704/3704
f 3938/3938 3932/3932 3931/3931
f 3938/3938 3933/3933 3932/3932
f 3937/3937 3938/3938 3931/3931
f 3939/3939 3934/3934 3933/3933
f 3939/3939 3933/3933 3938/3938
f 3940/3940 3929/3929 3934/3934
f 3935/3935 3929/3929 3940/3940
f 3940/3940 3934/3934 3939/3939
f 3941/3941 3936/3936 3935/3935
f 3942/3942 3936/3936 3941/3941
f 3943/3943 3942/3942 3941/3941
f 3944/3944 3937/3937 3702/3702
f 3700/3700 3944/3944 3702/3702
f 3945/3945 3938/3938 3937/3937
f 3945/3945 3939/3939 3938/3938
f 3944/3944 3945/3945 3937/3937
f 3946/3946 3940/3940 3939/3939
f 3946/3946 3939/3939 3945/3945
f 3947/3947 3935/3935 3940/3940
f 3941/3941 3935/3935 3947/3947
f 3947/3947 3940/3940 3946/3946
f 3943/3943 3941/3941 3948/3948
f 3948/3948 3941/3941 3947/3947
f 3949/3949 3943/3943 3948/3948
f 3950/3950 3944/3944 3700/3700
f 3698/3698 3950/3950 3700/3700
f 3951/3951 3945/3945 3944/3944
f 3951/3951 3946/3946 3945/3945
f 3950/3950 3951/3951 3944/3944
f 3952/3952 3947/3947 3946/3946
f 3948/3948 3947/3947 3952/3952
f 3952/3952 3946/3946 3951/3951
f 3949/3949 3948/3948 3953/3953
f 3953/3953 3948/3948 3952/3952
f 3954/3954 3949/3949 3953/3953
f 3955/3955 3952/3952 3951/3951
f 3955/3955 3951/3951 3950/3950
f 3953/3953 3952/3952 3955/3955
f 3956/3956 3950/3950 3698/3698
f 3956/3956 3955/3955 3950/3950
f 3957/3957 3956/3956 3698/3698
f 3954/3954 3953/3953 3958/3958
f 3958/3958 3953/3953 3955/3955
f 3958/3958 3955/3955 3956/3956
f 3959/3959 3954/3954 3958/3958
f 3960/3960 3956/3956 3957/3957
f 3960/3960 3958/3958 3956/3956
f 3959/3959 3958/3958 3960/3960
f 3961/3961 3960/3960 3957/3957
f 3962/3962 3959/3959 3960/3960
f 3962/3962 3960/3960 3961/3961
f 3963/3963 3962/3962 3961/3961
f 3964/3964 3965/3965 689/689
f 3966/3966 3964/3964 689/689
f 3966/3966 689/689 704/704
f 3967/3967 3964/3964 3966/3966
f 976/976 3966/3966 704/704
f 3968/3968 3967/3967 3966/3966
f 3968/3968 3966/3966 976/976
f 3969/3969 3967/3967 3968/3968
f 977/977 3968/3968 976/976
f 3970/3970 3969/3969 3968/3968
f 3970/3970 3968/3968 977/977
f 969/969 3969/3969 3970/3970
f 968/968 969/969 3970/3970
f 3971/3971 3970/3970 977/977
f 968/968 3970/3970 3971/3971
f 971/971 3971/3971 977/977
f 971/971 968/968 3971/3971
f 3972/3972 3973/3973 3974/3974
f 3973/3973 3975/3975 3974/3974
f 3974/3974 3975/3975 3976/3976
f 3973/3973 3977/3977 3975/3975
f 3975/3975 3978/3978 3976/3976
f 3976/3976 3978/3978 3979/3979
f 3977/3977 3980/3980 3975/3975
f 3975/3975 3980/3980 3978/3978
f 3977/3977 3981/3981 3980/3980
f 3978/3978 3982/3982 3979/3979
f 3979/3979 3982/3982 3983/3983
f 3980/3980 3984/3984 3978/3978
f 3978/3978 3984/3984 3982/3982
f 3981/3981 3985/3985 3980/3980
f 3980/3980 3985/3985 3984/3984
f 3981/3981 3986/3986 3985/3985
f 3982/3982 3987/3987 3983/3983
f 3983/3983 3987/3987 3988/3988
f 3984/3984 3989/3989 3982/3982
f 3982/3982 3989/3989 3987/3987
f 3985/3985 3990/3990 3984/3984
f 3984/3984 3990/3990 3989/3989
f 3986/3986 3991/3991 3985/3985
f 3985/3985 3991/3991 3990/3990
f 3986/3986 3992/3992 3991/3991
f 3987/3987 3993/3993 3988/3988
f 3988/3988 3993/3993 3994/3994
f 3989/3989 3995/3995 3987/3987
f 3987/3987 3995/3995 3993/3993
f 3990/3990 3996/3996 3989/3989
f 3989/3989 3996/3996 3995/3995
f 3991/3991 3997/3997 3990/3990
f 3990/3990 3997/3997 3996/3996
f 3992/3992 3998/3998 3991/3991
f 3991/3991 3998/3998 3997/3997
f 3992/3992 3999/3999 3998/3998
f 3999/3999 4000/4000 3998/3998
f 3998/3998 4000/4000 4001/4001
f 3998/3998 4001/4001 3997/3997
f 4000/4000 4002/4002 4001/4001
f 3993/3993 4003/4003 3994/3994
f 3994/3994 4003/4003 4004/4004
f 3995/3995 4005/4005 3993/3993
f 3993/3993 4005/4005 4003/4003
f 3996/3996 4006/4006 3995/3995
f 3995/3995 4006/4006 4005/4005
f 3997/3997 4007/4007 3996/3996
f 3997/3997 4001/4001 4007/4007
f 3996/3996 4007/4007 4006/4006
f 4001/4001 4002/4002 4008/4008
f 4001/4001 4008/4008 4007/4007
f 4002/4002 4009/4009 4008/4008
f 4003/4003 4010/4010 4004/4004
f 4004/4004 4010/4010 4011/4011
f 4005/4005 4012/4012 4003/4003
f 4003/4003 4012/4012 4010/4010
f 4006/4006 4013/4013 4005/4005
f 4005/4005 4013/4013 4012/4012
f 4007/4007 4014/4014 4006/4006
f 4007/4007 4008/4008 4014/4014
f 4006/4006 4014/4014 4013/4013
f 4008/4008 4009/4009 4015/4015
f 4008/4008 4015/4015 4014/4014
f 4009/4009 4016/4016 4015/4015
f 4010/4010 4017/4017 4011/4011
f 4011/4011 4017/4017 4018/4018
f 4012/4012 4019/4019 4010/4010
f 4010/4010 4019/4019 4017/4017
f 4013/4013 4020/4020 4012/4012
f 4012/4012 4020/4020 4019/4019
f 4014/4014 4021/4021 4013/4013
f 4014/4014 4015/4015 4021/4021
f 4013/4013 4021/4021 4020/4020
f 4015/4015 4016/4016 4022/4022
f 4015/4015 4022/4022 4021/4021
f 4016/4016 4023/4023 4022/4022
f 4017/4017 4024/4024 4018/4018
f 4018/4018 4024/4024 4025/4025
f 4019/4019 4026/4026 4017/4017
f 4017/4017 4026/4026 4024/4024
f 4021/4021 4027/4027 4020/4020
f 4021/4021 4022/4022 4027/4027
f 4022/4022 4023/4023 4028/4028
f 4022/4022 4028/4028 4027/4027
f 4023/4023 4029/4029 4028/4028
f 4020/4020 4030/4030 4019/4019
f 4020/4020 4027/4027 4030/4030
f 4019/4019 4030/4030 4026/4026
f 4024/4024 4031/4031 4025/4025
f 4025/4025 4031/4031 4032/4032
f 4031/4031 4033/4033 4032/4032
f 4028/4028 4029/4029 4034/4034
f 4029/4029 4035/4035 4034/4034
f 4027/4027 4028/4028 4036/4036
f 4027/4027 4036/4036 4030/4030
f 4028/4028 4034/4034 4036/4036
f 4026/4026 4037/4037 4024/4024
f 4024/4024 4037/4037 4031/4031
f 4031/4031 4038/4038 4033/4033
f 4037/4037 4038/4038 4031/4031
f 4038/4038 4039/4039 4033/4033
f 4030/4030 4040/4040 4026/4026
f 4030/4030 4036/4036 4040/4040
f 4026/4026 4040/4040 4037/4037
f 4037/4037 4041/4041 4038/4038
f 4040/4040 4041/4041 4037/4037
f 4041/4041 4042/4042 4038/4038
f 4036/4036 4043/4043 4040/4040
f 4036/4036 4034/4034 4043/4043
f 4040/4040 4043/4043 4041/4041
f 4041/4041 4044/4044 4042/4042
f 4043/4043 4044/4044 4041/4041
f 4044/4044 4045/4045 4042/4042
f 4034/4034 4046/4046 4043/4043
f 4043/4043 4046/4046 4044/4044
f 4034/4034 4035/4035 4046/4046
f 4035/4035 4047/4047 4046/4046
f 4044/4044 4048/4048 4045/4045
f 4046/4046 4048/4048 4044/4044
f 4046/4046 4047/4047 4048/4048
f 4048/4048 4049/4049 4045/4045
f 4047/4047 4050/4050 4048/4048
f 4048/4048 4050/4050 4049/4049
f 4050/4050 4051/4051 4049/4049
f 4052/4052 4053/4053 4054/4054
f 4053/4053 4055/4055 4054/4054
f 4054/4054 4055/4055 4056/4056
f 4053/4053 4057/4057 4055/4055
f 4055/4055 4058/4058 4056/4056
f 4056/4056 4058/4058 4059/4059
f 4057/4057 4060/4060 4055/4055
f 4055/4055 4060/4060 4058/4058
f 4057/4057 4061/4061 4060/4060
f 4058/4058 4062/4062 4059/4059
f 4059/4059 4062/4062 4063/4063
f 4060/4060 4064/4064 4058/4058
f 4058/4058 4064/4064 4062/4062
f 4062/4062 4065/4065 4063/4063
f 4063/4063 4065/4065 4066/4066
f 4065/4065 4067/4067 4066/4066
f 4062/4062 4068/4068 4065/4065
f 4064/4064 4068/4068 4062/4062
f 4060/4060 4069/4069 4064/4064
f 4061/4061 4069/4069 4060/4060
f 4065/4065 4070/4070 4067/4067
f 4068/4068 4070/4070 4065/4065
f 4064/4064 4071/4071 4068/4068
f 4069/4069 4071/4071 4064/4064
f 4070/4070 4072/4072 4067/4067
f 4067/4067 4072/4072 4073/4073
f 4072/4072 4074/4074 4073/4073
f 4068/4068 4075/4075 4070/4070
f 4071/4071 4075/4075 4068/4068
f 4072/4072 4076/4076 4074/4074
f 4076/4076 4077/4077 4074/4074
f 4070/4070 4078/4078 4072/4072
f 4075/4075 4078/4078 4070/4070
f 4078/4078 4076/4076 4072/4072
f 4076/4076 4079/4079 4077/4077
f 4079/4079 4080/4080 4077/4077
f 4078/4078 4081/4081 4076/4076
f 4081/4081 4079/4079 4076/4076
f 4079/4079 4082/4082 4080/4080
f 4082/4082 4083/4083 4080/4080
f 4084/4084 4082/4082 4079/4079
f 4081/4081 4084/4084 4079/4079
f 4085/4085 4084/4084 4081/4081
f 4086/4086 4081/4081 4078/4078
f 4086/4086 4085/4085 4081/4081
f 4075/4075 4086/4086 4078/4078
f 4087/4087 4085/4085 4086/4086
f 4088/4088 4086/4086 4075/4075
f 4088/4088 4087/4087 4086/4086
f 4071/4071 4088/4088 4075/4075
f 4089/4089 4087/4087 4088/4088
f 4090/4090 4088/4088 4071/4071
f 4090/4090 4089/4089 4088/4088
f 4069/4069 4090/4090 4071/4071
f 4091/4091 4089/4089 4090/4090
f 4092/4092 4090/4090 4069/4069
f 4092/4092 4091/4091 4090/4090
f 4093/4093 4091/4091 4092/4092
f 4061/4061 4092/4092 4069/4069
f 4094/4094 4093/4093 4092/4092
f 4094/4094 4092/4092 4061/4061
f 4095/4095 4094/4094 4061/4061
f 4096/4096 4097/4097 4098/4098
f 4097/4097 4099/4099 4098/4098
f 4098/4098 4099/4099 4100/4100
f 4097/4097 4101/4101 4099/4099
f 4099/4099 4102/4102 4100/4100
f 4100/4100 4102/4102 4103/4103
f 4101/4101 4104/4104 4099/4099
f 4099/4099 4104/4104 4102/4102
f 4102/4102 4105/4105 4103/4103
f 4103/4103 4105/4105 4106/4106
f 4105/4105 4107/4107 4106/4106
f 4102/4102 4108/4108 4105/4105
f 4104/4104 4108/4108 4102/4102
f 4105/4105 4109/4109 4107/4107
f 4108/4108 4109/4109 4105/4105
f 4109/4109 4110/4110 4107/4107
f 4109/4109 4111/4111 4110/4110
f 4111/4111 4112/4112 4110/4110
f 4108/4108 4113/4113 4109/4109
f 4113/4113 4111/4111 4109/4109
f 4104/4104 4114/4114 4108/4108
f 4114/4114 4113/4113 4108/4108
f 4101/4101 4115/4115 4104/4104
f 4115/4115 4114/4114 4104/4104
f 4111/4111 4116/4116 4112/4112
f 4116/4116 4117/4117 4112/4112
f 4113/4113 4118/4118 4111/4111
f 4118/4118 4116/4116 4111/4111
f 4119/4119 4115/4115 4101/4101
f 4120/4120 4119/4119 4101/4101
f 4119/4119 4121/4121 4115/4115
f 4121/4121 4122/4122 4115/4115
f 4115/4115 4122/4122 4114/4114
f 4121/4121 4123/4123 4122/4122
f 4114/4114 4124/4124 4113/4113
f 4122/4122 4124/4124 4114/4114
f 4124/4124 4118/4118 4113/4113
f 4123/4123 4125/4125 4122/4122
f 4122/4122 4125/4125 4124/4124
f 4123/4123 4126/4126 4125/4125
f 4126/4126 4127/4127 4125/4125
f 4125/4125 4128/4128 4124/4124
f 4125/4125 4127/4127 4128/4128
f 4124/4124 4128/4128 4118/4118
f 4127/4127 4129/4129 4128/4128
f 4128/4128 4130/4130 4118/4118
f 4128/4128 4129/4129 4130/4130
f 4118/4118 4130/4130 4116/4116
f 4129/4129 4131/4131 4130/4130
f 4130/4130 4132/4132 4116/4116
f 4130/4130 4131/4131 4132/4132
f 4116/4116 4132/4132 4117/4117
f 4131/4131 4133/4133 4132/4132
f 4132/4132 4134/4134 4117/4117
f 4132/4132 4133/4133 4134/4134
f 4133/4133 4135/4135 4134/4134

